model,method,run,TP,FP,TN,FN,n_states,n_attractors,n_min_trap,update_scheme
n010_000.bnet,sd_mc,,56,8,960,0,1024,2,2,asynchronous
n010_000.bnet,null_mc,,56,8,960,0,1024,2,2,asynchronous
n010_000.bnet,ref,,56,968,0,0,1024,2,2,asynchronous
n010_000.bnet,random_mc,0,56,8,960,0,1024,2,2,asynchronous
n010_000.bnet,random_mc,1,56,8,960,0,1024,2,2,asynchronous
n010_000.bnet,random_mc,2,56,8,960,0,1024,2,2,asynchronous
n010_000.bnet,random_mc,3,56,8,960,0,1024,2,2,asynchronous
n010_000.bnet,random_mc,4,56,8,960,0,1024,2,2,asynchronous
n010_000.bnet,random_mc,5,56,8,960,0,1024,2,2,asynchronous
n010_000.bnet,random_mc,6,56,8,960,0,1024,2,2,asynchronous
n010_000.bnet,random_mc,7,56,8,960,0,1024,2,2,asynchronous
n010_000.bnet,random_mc,8,56,8,960,0,1024,2,2,asynchronous
n010_000.bnet,random_mc,9,56,8,960,0,1024,2,2,asynchronous
n010_000.bnet,random_mc,10,56,8,960,0,1024,2,2,asynchronous
n010_000.bnet,random_mc,11,56,8,960,0,1024,2,2,asynchronous
n010_000.bnet,random_mc,12,56,8,960,0,1024,2,2,asynchronous
n010_000.bnet,random_mc,13,56,8,960,0,1024,2,2,asynchronous
n010_000.bnet,random_mc,14,56,8,960,0,1024,2,2,asynchronous
n010_000.bnet,random_mc,15,56,8,960,0,1024,2,2,asynchronous
n010_000.bnet,random_mc,16,56,8,960,0,1024,2,2,asynchronous
n010_000.bnet,random_mc,17,56,8,960,0,1024,2,2,asynchronous
n010_000.bnet,random_mc,18,56,8,960,0,1024,2,2,asynchronous
n010_000.bnet,random_mc,19,56,8,960,0,1024,2,2,asynchronous
n010_000.bnet,random_mc,20,56,8,960,0,1024,2,2,asynchronous
n010_000.bnet,random_mc,21,56,8,960,0,1024,2,2,asynchronous
n010_000.bnet,random_mc,22,56,8,960,0,1024,2,2,asynchronous
n010_000.bnet,random_mc,23,56,8,960,0,1024,2,2,asynchronous
n010_000.bnet,random_mc,24,56,8,960,0,1024,2,2,asynchronous
n010_000.bnet,random_mc,25,56,8,960,0,1024,2,2,asynchronous
n010_000.bnet,random_mc,26,56,8,960,0,1024,2,2,asynchronous
n010_000.bnet,random_mc,27,56,8,960,0,1024,2,2,asynchronous
n010_000.bnet,random_mc,28,56,8,960,0,1024,2,2,asynchronous
n010_000.bnet,random_mc,29,56,8,960,0,1024,2,2,asynchronous
n010_001.bnet,sd_mc,,6,0,58,0,64,5,5,asynchronous
n010_001.bnet,null_mc,,6,0,58,0,64,5,5,asynchronous
n010_001.bnet,ref,,6,58,0,0,64,5,5,asynchronous
n010_001.bnet,random_mc,0,6,0,58,0,64,5,5,asynchronous
n010_001.bnet,random_mc,1,6,0,58,0,64,5,5,asynchronous
n010_001.bnet,random_mc,2,6,0,58,0,64,5,5,asynchronous
n010_001.bnet,random_mc,3,6,0,58,0,64,5,5,asynchronous
n010_001.bnet,random_mc,4,6,0,58,0,64,5,5,asynchronous
n010_001.bnet,random_mc,5,6,0,58,0,64,5,5,asynchronous
n010_001.bnet,random_mc,6,6,0,58,0,64,5,5,asynchronous
n010_001.bnet,random_mc,7,6,0,58,0,64,5,5,asynchronous
n010_001.bnet,random_mc,8,6,0,58,0,64,5,5,asynchronous
n010_001.bnet,random_mc,9,6,0,58,0,64,5,5,asynchronous
n010_001.bnet,random_mc,10,6,0,58,0,64,5,5,asynchronous
n010_001.bnet,random_mc,11,6,0,58,0,64,5,5,asynchronous
n010_001.bnet,random_mc,12,6,0,58,0,64,5,5,asynchronous
n010_001.bnet,random_mc,13,6,0,58,0,64,5,5,asynchronous
n010_001.bnet,random_mc,14,6,0,58,0,64,5,5,asynchronous
n010_001.bnet,random_mc,15,6,0,58,0,64,5,5,asynchronous
n010_001.bnet,random_mc,16,6,0,58,0,64,5,5,asynchronous
n010_001.bnet,random_mc,17,6,0,58,0,64,5,5,asynchronous
n010_001.bnet,random_mc,18,6,0,58,0,64,5,5,asynchronous
n010_001.bnet,random_mc,19,6,0,58,0,64,5,5,asynchronous
n010_001.bnet,random_mc,20,6,0,58,0,64,5,5,asynchronous
n010_001.bnet,random_mc,21,6,0,58,0,64,5,5,asynchronous
n010_001.bnet,random_mc,22,6,0,58,0,64,5,5,asynchronous
n010_001.bnet,random_mc,23,6,0,58,0,64,5,5,asynchronous
n010_001.bnet,random_mc,24,6,0,58,0,64,5,5,asynchronous
n010_001.bnet,random_mc,25,6,0,58,0,64,5,5,asynchronous
n010_001.bnet,random_mc,26,6,0,58,0,64,5,5,asynchronous
n010_001.bnet,random_mc,27,6,0,58,0,64,5,5,asynchronous
n010_001.bnet,random_mc,28,6,0,58,0,64,5,5,asynchronous
n010_001.bnet,random_mc,29,6,0,58,0,64,5,5,asynchronous
n010_002.bnet,sd_mc,,1,0,127,0,128,1,1,asynchronous
n010_002.bnet,null_mc,,1,0,127,0,128,1,1,asynchronous
n010_002.bnet,ref,,1,127,0,0,128,1,1,asynchronous
n010_002.bnet,random_mc,0,1,0,127,0,128,1,1,asynchronous
n010_002.bnet,random_mc,1,1,0,127,0,128,1,1,asynchronous
n010_002.bnet,random_mc,2,1,0,127,0,128,1,1,asynchronous
n010_002.bnet,random_mc,3,1,0,127,0,128,1,1,asynchronous
n010_002.bnet,random_mc,4,1,0,127,0,128,1,1,asynchronous
n010_002.bnet,random_mc,5,1,0,127,0,128,1,1,asynchronous
n010_002.bnet,random_mc,6,1,0,127,0,128,1,1,asynchronous
n010_002.bnet,random_mc,7,1,0,127,0,128,1,1,asynchronous
n010_002.bnet,random_mc,8,1,0,127,0,128,1,1,asynchronous
n010_002.bnet,random_mc,9,1,0,127,0,128,1,1,asynchronous
n010_002.bnet,random_mc,10,1,0,127,0,128,1,1,asynchronous
n010_002.bnet,random_mc,11,1,0,127,0,128,1,1,asynchronous
n010_002.bnet,random_mc,12,1,0,127,0,128,1,1,asynchronous
n010_002.bnet,random_mc,13,1,0,127,0,128,1,1,asynchronous
n010_002.bnet,random_mc,14,1,0,127,0,128,1,1,asynchronous
n010_002.bnet,random_mc,15,1,0,127,0,128,1,1,asynchronous
n010_002.bnet,random_mc,16,1,0,127,0,128,1,1,asynchronous
n010_002.bnet,random_mc,17,1,0,127,0,128,1,1,asynchronous
n010_002.bnet,random_mc,18,1,0,127,0,128,1,1,asynchronous
n010_002.bnet,random_mc,19,1,0,127,0,128,1,1,asynchronous
n010_002.bnet,random_mc,20,1,0,127,0,128,1,1,asynchronous
n010_002.bnet,random_mc,21,1,0,127,0,128,1,1,asynchronous
n010_002.bnet,random_mc,22,1,0,127,0,128,1,1,asynchronous
n010_002.bnet,random_mc,23,1,0,127,0,128,1,1,asynchronous
n010_002.bnet,random_mc,24,1,0,127,0,128,1,1,asynchronous
n010_002.bnet,random_mc,25,1,0,127,0,128,1,1,asynchronous
n010_002.bnet,random_mc,26,1,0,127,0,128,1,1,asynchronous
n010_002.bnet,random_mc,27,1,0,127,0,128,1,1,asynchronous
n010_002.bnet,random_mc,28,1,0,127,0,128,1,1,asynchronous
n010_002.bnet,random_mc,29,1,0,127,0,128,1,1,asynchronous
n010_003.bnet,sd_mc,,1,0,1023,0,1024,1,1,asynchronous
n010_003.bnet,null_mc,,1,0,1023,0,1024,1,1,asynchronous
n010_003.bnet,ref,,1,1023,0,0,1024,1,1,asynchronous
n010_003.bnet,random_mc,0,1,0,1023,0,1024,1,1,asynchronous
n010_003.bnet,random_mc,1,1,0,1023,0,1024,1,1,asynchronous
n010_003.bnet,random_mc,2,1,0,1023,0,1024,1,1,asynchronous
n010_003.bnet,random_mc,3,1,0,1023,0,1024,1,1,asynchronous
n010_003.bnet,random_mc,4,1,0,1023,0,1024,1,1,asynchronous
n010_003.bnet,random_mc,5,1,0,1023,0,1024,1,1,asynchronous
n010_003.bnet,random_mc,6,1,0,1023,0,1024,1,1,asynchronous
n010_003.bnet,random_mc,7,1,0,1023,0,1024,1,1,asynchronous
n010_003.bnet,random_mc,8,1,0,1023,0,1024,1,1,asynchronous
n010_003.bnet,random_mc,9,1,0,1023,0,1024,1,1,asynchronous
n010_003.bnet,random_mc,10,1,0,1023,0,1024,1,1,asynchronous
n010_003.bnet,random_mc,11,1,0,1023,0,1024,1,1,asynchronous
n010_003.bnet,random_mc,12,1,0,1023,0,1024,1,1,asynchronous
n010_003.bnet,random_mc,13,1,0,1023,0,1024,1,1,asynchronous
n010_003.bnet,random_mc,14,1,0,1023,0,1024,1,1,asynchronous
n010_003.bnet,random_mc,15,1,0,1023,0,1024,1,1,asynchronous
n010_003.bnet,random_mc,16,1,0,1023,0,1024,1,1,asynchronous
n010_003.bnet,random_mc,17,1,0,1023,0,1024,1,1,asynchronous
n010_003.bnet,random_mc,18,1,0,1023,0,1024,1,1,asynchronous
n010_003.bnet,random_mc,19,1,0,1023,0,1024,1,1,asynchronous
n010_003.bnet,random_mc,20,1,0,1023,0,1024,1,1,asynchronous
n010_003.bnet,random_mc,21,1,0,1023,0,1024,1,1,asynchronous
n010_003.bnet,random_mc,22,1,0,1023,0,1024,1,1,asynchronous
n010_003.bnet,random_mc,23,1,0,1023,0,1024,1,1,asynchronous
n010_003.bnet,random_mc,24,1,0,1023,0,1024,1,1,asynchronous
n010_003.bnet,random_mc,25,1,0,1023,0,1024,1,1,asynchronous
n010_003.bnet,random_mc,26,1,0,1023,0,1024,1,1,asynchronous
n010_003.bnet,random_mc,27,1,0,1023,0,1024,1,1,asynchronous
n010_003.bnet,random_mc,28,1,0,1023,0,1024,1,1,asynchronous
n010_003.bnet,random_mc,29,1,0,1023,0,1024,1,1,asynchronous
n010_004.bnet,sd_mc,,4,0,508,0,512,4,4,asynchronous
n010_004.bnet,null_mc,,4,0,508,0,512,4,4,asynchronous
n010_004.bnet,ref,,4,508,0,0,512,4,4,asynchronous
n010_004.bnet,random_mc,0,4,0,508,0,512,4,4,asynchronous
n010_004.bnet,random_mc,1,4,0,508,0,512,4,4,asynchronous
n010_004.bnet,random_mc,2,4,0,508,0,512,4,4,asynchronous
n010_004.bnet,random_mc,3,4,0,508,0,512,4,4,asynchronous
n010_004.bnet,random_mc,4,4,0,508,0,512,4,4,asynchronous
n010_004.bnet,random_mc,5,4,0,508,0,512,4,4,asynchronous
n010_004.bnet,random_mc,6,4,0,508,0,512,4,4,asynchronous
n010_004.bnet,random_mc,7,4,0,508,0,512,4,4,asynchronous
n010_004.bnet,random_mc,8,4,0,508,0,512,4,4,asynchronous
n010_004.bnet,random_mc,9,4,0,508,0,512,4,4,asynchronous
n010_004.bnet,random_mc,10,4,0,508,0,512,4,4,asynchronous
n010_004.bnet,random_mc,11,4,0,508,0,512,4,4,asynchronous
n010_004.bnet,random_mc,12,4,0,508,0,512,4,4,asynchronous
n010_004.bnet,random_mc,13,4,0,508,0,512,4,4,asynchronous
n010_004.bnet,random_mc,14,4,0,508,0,512,4,4,asynchronous
n010_004.bnet,random_mc,15,4,0,508,0,512,4,4,asynchronous
n010_004.bnet,random_mc,16,4,0,508,0,512,4,4,asynchronous
n010_004.bnet,random_mc,17,4,0,508,0,512,4,4,asynchronous
n010_004.bnet,random_mc,18,4,0,508,0,512,4,4,asynchronous
n010_004.bnet,random_mc,19,4,0,508,0,512,4,4,asynchronous
n010_004.bnet,random_mc,20,4,0,508,0,512,4,4,asynchronous
n010_004.bnet,random_mc,21,4,0,508,0,512,4,4,asynchronous
n010_004.bnet,random_mc,22,4,0,508,0,512,4,4,asynchronous
n010_004.bnet,random_mc,23,4,0,508,0,512,4,4,asynchronous
n010_004.bnet,random_mc,24,4,0,508,0,512,4,4,asynchronous
n010_004.bnet,random_mc,25,4,0,508,0,512,4,4,asynchronous
n010_004.bnet,random_mc,26,4,0,508,0,512,4,4,asynchronous
n010_004.bnet,random_mc,27,4,0,508,0,512,4,4,asynchronous
n010_004.bnet,random_mc,28,4,0,508,0,512,4,4,asynchronous
n010_004.bnet,random_mc,29,4,0,508,0,512,4,4,asynchronous
n010_005.bnet,sd_mc,,40,24,0,0,64,1,1,asynchronous
n010_005.bnet,null_mc,,40,24,0,0,64,1,1,asynchronous
n010_005.bnet,ref,,40,24,0,0,64,1,1,asynchronous
n010_005.bnet,random_mc,0,40,24,0,0,64,1,1,asynchronous
n010_005.bnet,random_mc,1,40,24,0,0,64,1,1,asynchronous
n010_005.bnet,random_mc,2,40,24,0,0,64,1,1,asynchronous
n010_005.bnet,random_mc,3,40,24,0,0,64,1,1,asynchronous
n010_005.bnet,random_mc,4,40,24,0,0,64,1,1,asynchronous
n010_005.bnet,random_mc,5,40,24,0,0,64,1,1,asynchronous
n010_005.bnet,random_mc,6,40,24,0,0,64,1,1,asynchronous
n010_005.bnet,random_mc,7,40,24,0,0,64,1,1,asynchronous
n010_005.bnet,random_mc,8,40,24,0,0,64,1,1,asynchronous
n010_005.bnet,random_mc,9,40,24,0,0,64,1,1,asynchronous
n010_005.bnet,random_mc,10,40,24,0,0,64,1,1,asynchronous
n010_005.bnet,random_mc,11,40,24,0,0,64,1,1,asynchronous
n010_005.bnet,random_mc,12,40,24,0,0,64,1,1,asynchronous
n010_005.bnet,random_mc,13,40,24,0,0,64,1,1,asynchronous
n010_005.bnet,random_mc,14,40,24,0,0,64,1,1,asynchronous
n010_005.bnet,random_mc,15,40,24,0,0,64,1,1,asynchronous
n010_005.bnet,random_mc,16,40,24,0,0,64,1,1,asynchronous
n010_005.bnet,random_mc,17,40,24,0,0,64,1,1,asynchronous
n010_005.bnet,random_mc,18,40,24,0,0,64,1,1,asynchronous
n010_005.bnet,random_mc,19,40,24,0,0,64,1,1,asynchronous
n010_005.bnet,random_mc,20,40,24,0,0,64,1,1,asynchronous
n010_005.bnet,random_mc,21,40,24,0,0,64,1,1,asynchronous
n010_005.bnet,random_mc,22,40,24,0,0,64,1,1,asynchronous
n010_005.bnet,random_mc,23,40,24,0,0,64,1,1,asynchronous
n010_005.bnet,random_mc,24,40,24,0,0,64,1,1,asynchronous
n010_005.bnet,random_mc,25,40,24,0,0,64,1,1,asynchronous
n010_005.bnet,random_mc,26,40,24,0,0,64,1,1,asynchronous
n010_005.bnet,random_mc,27,40,24,0,0,64,1,1,asynchronous
n010_005.bnet,random_mc,28,40,24,0,0,64,1,1,asynchronous
n010_005.bnet,random_mc,29,40,24,0,0,64,1,1,asynchronous
n010_006.bnet,sd_mc,,2,0,1022,0,1024,2,2,asynchronous
n010_006.bnet,null_mc,,2,0,1022,0,1024,2,2,asynchronous
n010_006.bnet,ref,,2,1022,0,0,1024,2,2,asynchronous
n010_006.bnet,random_mc,0,2,0,1022,0,1024,2,2,asynchronous
n010_006.bnet,random_mc,1,2,0,1022,0,1024,2,2,asynchronous
n010_006.bnet,random_mc,2,2,0,1022,0,1024,2,2,asynchronous
n010_006.bnet,random_mc,3,2,0,1022,0,1024,2,2,asynchronous
n010_006.bnet,random_mc,4,2,0,1022,0,1024,2,2,asynchronous
n010_006.bnet,random_mc,5,2,0,1022,0,1024,2,2,asynchronous
n010_006.bnet,random_mc,6,2,0,1022,0,1024,2,2,asynchronous
n010_006.bnet,random_mc,7,2,0,1022,0,1024,2,2,asynchronous
n010_006.bnet,random_mc,8,2,0,1022,0,1024,2,2,asynchronous
n010_006.bnet,random_mc,9,2,0,1022,0,1024,2,2,asynchronous
n010_006.bnet,random_mc,10,2,0,1022,0,1024,2,2,asynchronous
n010_006.bnet,random_mc,11,2,0,1022,0,1024,2,2,asynchronous
n010_006.bnet,random_mc,12,2,0,1022,0,1024,2,2,asynchronous
n010_006.bnet,random_mc,13,2,0,1022,0,1024,2,2,asynchronous
n010_006.bnet,random_mc,14,2,0,1022,0,1024,2,2,asynchronous
n010_006.bnet,random_mc,15,2,0,1022,0,1024,2,2,asynchronous
n010_006.bnet,random_mc,16,2,0,1022,0,1024,2,2,asynchronous
n010_006.bnet,random_mc,17,2,0,1022,0,1024,2,2,asynchronous
n010_006.bnet,random_mc,18,2,0,1022,0,1024,2,2,asynchronous
n010_006.bnet,random_mc,19,2,0,1022,0,1024,2,2,asynchronous
n010_006.bnet,random_mc,20,2,0,1022,0,1024,2,2,asynchronous
n010_006.bnet,random_mc,21,2,0,1022,0,1024,2,2,asynchronous
n010_006.bnet,random_mc,22,2,0,1022,0,1024,2,2,asynchronous
n010_006.bnet,random_mc,23,2,0,1022,0,1024,2,2,asynchronous
n010_006.bnet,random_mc,24,2,0,1022,0,1024,2,2,asynchronous
n010_006.bnet,random_mc,25,2,0,1022,0,1024,2,2,asynchronous
n010_006.bnet,random_mc,26,2,0,1022,0,1024,2,2,asynchronous
n010_006.bnet,random_mc,27,2,0,1022,0,1024,2,2,asynchronous
n010_006.bnet,random_mc,28,2,0,1022,0,1024,2,2,asynchronous
n010_006.bnet,random_mc,29,2,0,1022,0,1024,2,2,asynchronous
n010_007.bnet,sd_mc,,2,0,510,0,512,2,2,asynchronous
n010_007.bnet,null_mc,,2,0,510,0,512,2,2,asynchronous
n010_007.bnet,ref,,2,510,0,0,512,2,2,asynchronous
n010_007.bnet,random_mc,0,2,0,510,0,512,2,2,asynchronous
n010_007.bnet,random_mc,1,2,0,510,0,512,2,2,asynchronous
n010_007.bnet,random_mc,2,2,0,510,0,512,2,2,asynchronous
n010_007.bnet,random_mc,3,2,0,510,0,512,2,2,asynchronous
n010_007.bnet,random_mc,4,2,0,510,0,512,2,2,asynchronous
n010_007.bnet,random_mc,5,2,0,510,0,512,2,2,asynchronous
n010_007.bnet,random_mc,6,2,0,510,0,512,2,2,asynchronous
n010_007.bnet,random_mc,7,2,0,510,0,512,2,2,asynchronous
n010_007.bnet,random_mc,8,2,0,510,0,512,2,2,asynchronous
n010_007.bnet,random_mc,9,2,0,510,0,512,2,2,asynchronous
n010_007.bnet,random_mc,10,2,0,510,0,512,2,2,asynchronous
n010_007.bnet,random_mc,11,2,0,510,0,512,2,2,asynchronous
n010_007.bnet,random_mc,12,2,0,510,0,512,2,2,asynchronous
n010_007.bnet,random_mc,13,2,0,510,0,512,2,2,asynchronous
n010_007.bnet,random_mc,14,2,0,510,0,512,2,2,asynchronous
n010_007.bnet,random_mc,15,2,0,510,0,512,2,2,asynchronous
n010_007.bnet,random_mc,16,2,0,510,0,512,2,2,asynchronous
n010_007.bnet,random_mc,17,2,0,510,0,512,2,2,asynchronous
n010_007.bnet,random_mc,18,2,0,510,0,512,2,2,asynchronous
n010_007.bnet,random_mc,19,2,0,510,0,512,2,2,asynchronous
n010_007.bnet,random_mc,20,2,0,510,0,512,2,2,asynchronous
n010_007.bnet,random_mc,21,2,0,510,0,512,2,2,asynchronous
n010_007.bnet,random_mc,22,2,0,510,0,512,2,2,asynchronous
n010_007.bnet,random_mc,23,2,0,510,0,512,2,2,asynchronous
n010_007.bnet,random_mc,24,2,0,510,0,512,2,2,asynchronous
n010_007.bnet,random_mc,25,2,0,510,0,512,2,2,asynchronous
n010_007.bnet,random_mc,26,2,0,510,0,512,2,2,asynchronous
n010_007.bnet,random_mc,27,2,0,510,0,512,2,2,asynchronous
n010_007.bnet,random_mc,28,2,0,510,0,512,2,2,asynchronous
n010_007.bnet,random_mc,29,2,0,510,0,512,2,2,asynchronous
n010_008.bnet,sd_mc,,34,0,222,0,256,3,3,asynchronous
n010_008.bnet,null_mc,,34,0,222,0,256,3,3,asynchronous
n010_008.bnet,ref,,34,222,0,0,256,3,3,asynchronous
n010_008.bnet,random_mc,0,34,0,222,0,256,3,3,asynchronous
n010_008.bnet,random_mc,1,34,0,222,0,256,3,3,asynchronous
n010_008.bnet,random_mc,2,34,0,222,0,256,3,3,asynchronous
n010_008.bnet,random_mc,3,34,0,222,0,256,3,3,asynchronous
n010_008.bnet,random_mc,4,34,0,222,0,256,3,3,asynchronous
n010_008.bnet,random_mc,5,34,0,222,0,256,3,3,asynchronous
n010_008.bnet,random_mc,6,34,0,222,0,256,3,3,asynchronous
n010_008.bnet,random_mc,7,34,0,222,0,256,3,3,asynchronous
n010_008.bnet,random_mc,8,34,0,222,0,256,3,3,asynchronous
n010_008.bnet,random_mc,9,34,0,222,0,256,3,3,asynchronous
n010_008.bnet,random_mc,10,34,0,222,0,256,3,3,asynchronous
n010_008.bnet,random_mc,11,34,0,222,0,256,3,3,asynchronous
n010_008.bnet,random_mc,12,34,0,222,0,256,3,3,asynchronous
n010_008.bnet,random_mc,13,34,0,222,0,256,3,3,asynchronous
n010_008.bnet,random_mc,14,34,0,222,0,256,3,3,asynchronous
n010_008.bnet,random_mc,15,34,0,222,0,256,3,3,asynchronous
n010_008.bnet,random_mc,16,34,0,222,0,256,3,3,asynchronous
n010_008.bnet,random_mc,17,34,0,222,0,256,3,3,asynchronous
n010_008.bnet,random_mc,18,34,0,222,0,256,3,3,asynchronous
n010_008.bnet,random_mc,19,34,0,222,0,256,3,3,asynchronous
n010_008.bnet,random_mc,20,34,0,222,0,256,3,3,asynchronous
n010_008.bnet,random_mc,21,34,0,222,0,256,3,3,asynchronous
n010_008.bnet,random_mc,22,34,0,222,0,256,3,3,asynchronous
n010_008.bnet,random_mc,23,34,0,222,0,256,3,3,asynchronous
n010_008.bnet,random_mc,24,34,0,222,0,256,3,3,asynchronous
n010_008.bnet,random_mc,25,34,0,222,0,256,3,3,asynchronous
n010_008.bnet,random_mc,26,34,0,222,0,256,3,3,asynchronous
n010_008.bnet,random_mc,27,34,0,222,0,256,3,3,asynchronous
n010_008.bnet,random_mc,28,34,0,222,0,256,3,3,asynchronous
n010_008.bnet,random_mc,29,34,0,222,0,256,3,3,asynchronous
n010_009.bnet,sd_mc,,96,33,127,0,256,2,2,asynchronous
n010_009.bnet,null_mc,,96,33,127,0,256,2,2,asynchronous
n010_009.bnet,ref,,96,160,0,0,256,2,2,asynchronous
n010_009.bnet,random_mc,0,96,33,127,0,256,2,2,asynchronous
n010_009.bnet,random_mc,1,96,33,127,0,256,2,2,asynchronous
n010_009.bnet,random_mc,2,96,33,127,0,256,2,2,asynchronous
n010_009.bnet,random_mc,3,96,33,127,0,256,2,2,asynchronous
n010_009.bnet,random_mc,4,96,33,127,0,256,2,2,asynchronous
n010_009.bnet,random_mc,5,96,33,127,0,256,2,2,asynchronous
n010_009.bnet,random_mc,6,96,33,127,0,256,2,2,asynchronous
n010_009.bnet,random_mc,7,96,33,127,0,256,2,2,asynchronous
n010_009.bnet,random_mc,8,96,33,127,0,256,2,2,asynchronous
n010_009.bnet,random_mc,9,96,33,127,0,256,2,2,asynchronous
n010_009.bnet,random_mc,10,96,33,127,0,256,2,2,asynchronous
n010_009.bnet,random_mc,11,96,33,127,0,256,2,2,asynchronous
n010_009.bnet,random_mc,12,96,33,127,0,256,2,2,asynchronous
n010_009.bnet,random_mc,13,96,33,127,0,256,2,2,asynchronous
n010_009.bnet,random_mc,14,96,33,127,0,256,2,2,asynchronous
n010_009.bnet,random_mc,15,96,33,127,0,256,2,2,asynchronous
n010_009.bnet,random_mc,16,96,33,127,0,256,2,2,asynchronous
n010_009.bnet,random_mc,17,96,33,127,0,256,2,2,asynchronous
n010_009.bnet,random_mc,18,96,33,127,0,256,2,2,asynchronous
n010_009.bnet,random_mc,19,96,33,127,0,256,2,2,asynchronous
n010_009.bnet,random_mc,20,96,33,127,0,256,2,2,asynchronous
n010_009.bnet,random_mc,21,96,33,127,0,256,2,2,asynchronous
n010_009.bnet,random_mc,22,96,33,127,0,256,2,2,asynchronous
n010_009.bnet,random_mc,23,96,33,127,0,256,2,2,asynchronous
n010_009.bnet,random_mc,24,96,33,127,0,256,2,2,asynchronous
n010_009.bnet,random_mc,25,96,33,127,0,256,2,2,asynchronous
n010_009.bnet,random_mc,26,96,33,127,0,256,2,2,asynchronous
n010_009.bnet,random_mc,27,96,33,127,0,256,2,2,asynchronous
n010_009.bnet,random_mc,28,96,33,127,0,256,2,2,asynchronous
n010_009.bnet,random_mc,29,96,33,127,0,256,2,2,asynchronous
n010_011.bnet,sd_mc,,35,0,477,0,512,3,3,asynchronous
n010_011.bnet,null_mc,,35,0,477,0,512,3,3,asynchronous
n010_011.bnet,ref,,35,477,0,0,512,3,3,asynchronous
n010_011.bnet,random_mc,0,35,0,477,0,512,3,3,asynchronous
n010_011.bnet,random_mc,1,35,0,477,0,512,3,3,asynchronous
n010_011.bnet,random_mc,2,35,0,477,0,512,3,3,asynchronous
n010_011.bnet,random_mc,3,35,0,477,0,512,3,3,asynchronous
n010_011.bnet,random_mc,4,35,0,477,0,512,3,3,asynchronous
n010_011.bnet,random_mc,5,35,0,477,0,512,3,3,asynchronous
n010_011.bnet,random_mc,6,35,0,477,0,512,3,3,asynchronous
n010_011.bnet,random_mc,7,35,0,477,0,512,3,3,asynchronous
n010_011.bnet,random_mc,8,35,0,477,0,512,3,3,asynchronous
n010_011.bnet,random_mc,9,35,0,477,0,512,3,3,asynchronous
n010_011.bnet,random_mc,10,35,0,477,0,512,3,3,asynchronous
n010_011.bnet,random_mc,11,35,0,477,0,512,3,3,asynchronous
n010_011.bnet,random_mc,12,35,0,477,0,512,3,3,asynchronous
n010_011.bnet,random_mc,13,35,0,477,0,512,3,3,asynchronous
n010_011.bnet,random_mc,14,35,0,477,0,512,3,3,asynchronous
n010_011.bnet,random_mc,15,35,0,477,0,512,3,3,asynchronous
n010_011.bnet,random_mc,16,35,0,477,0,512,3,3,asynchronous
n010_011.bnet,random_mc,17,35,0,477,0,512,3,3,asynchronous
n010_011.bnet,random_mc,18,35,0,477,0,512,3,3,asynchronous
n010_011.bnet,random_mc,19,35,0,477,0,512,3,3,asynchronous
n010_011.bnet,random_mc,20,35,0,477,0,512,3,3,asynchronous
n010_011.bnet,random_mc,21,35,0,477,0,512,3,3,asynchronous
n010_011.bnet,random_mc,22,35,0,477,0,512,3,3,asynchronous
n010_011.bnet,random_mc,23,35,0,477,0,512,3,3,asynchronous
n010_011.bnet,random_mc,24,35,0,477,0,512,3,3,asynchronous
n010_011.bnet,random_mc,25,35,0,477,0,512,3,3,asynchronous
n010_011.bnet,random_mc,26,35,0,477,0,512,3,3,asynchronous
n010_011.bnet,random_mc,27,35,0,477,0,512,3,3,asynchronous
n010_011.bnet,random_mc,28,35,0,477,0,512,3,3,asynchronous
n010_011.bnet,random_mc,29,35,0,477,0,512,3,3,asynchronous
n010_012.bnet,sd_mc,,1,0,1023,0,1024,1,1,asynchronous
n010_012.bnet,null_mc,,1,0,1023,0,1024,1,1,asynchronous
n010_012.bnet,ref,,1,1023,0,0,1024,1,1,asynchronous
n010_012.bnet,random_mc,0,1,0,1023,0,1024,1,1,asynchronous
n010_012.bnet,random_mc,1,1,0,1023,0,1024,1,1,asynchronous
n010_012.bnet,random_mc,2,1,0,1023,0,1024,1,1,asynchronous
n010_012.bnet,random_mc,3,1,0,1023,0,1024,1,1,asynchronous
n010_012.bnet,random_mc,4,1,0,1023,0,1024,1,1,asynchronous
n010_012.bnet,random_mc,5,1,0,1023,0,1024,1,1,asynchronous
n010_012.bnet,random_mc,6,1,0,1023,0,1024,1,1,asynchronous
n010_012.bnet,random_mc,7,1,0,1023,0,1024,1,1,asynchronous
n010_012.bnet,random_mc,8,1,0,1023,0,1024,1,1,asynchronous
n010_012.bnet,random_mc,9,1,0,1023,0,1024,1,1,asynchronous
n010_012.bnet,random_mc,10,1,0,1023,0,1024,1,1,asynchronous
n010_012.bnet,random_mc,11,1,0,1023,0,1024,1,1,asynchronous
n010_012.bnet,random_mc,12,1,0,1023,0,1024,1,1,asynchronous
n010_012.bnet,random_mc,13,1,0,1023,0,1024,1,1,asynchronous
n010_012.bnet,random_mc,14,1,0,1023,0,1024,1,1,asynchronous
n010_012.bnet,random_mc,15,1,0,1023,0,1024,1,1,asynchronous
n010_012.bnet,random_mc,16,1,0,1023,0,1024,1,1,asynchronous
n010_012.bnet,random_mc,17,1,0,1023,0,1024,1,1,asynchronous
n010_012.bnet,random_mc,18,1,0,1023,0,1024,1,1,asynchronous
n010_012.bnet,random_mc,19,1,0,1023,0,1024,1,1,asynchronous
n010_012.bnet,random_mc,20,1,0,1023,0,1024,1,1,asynchronous
n010_012.bnet,random_mc,21,1,0,1023,0,1024,1,1,asynchronous
n010_012.bnet,random_mc,22,1,0,1023,0,1024,1,1,asynchronous
n010_012.bnet,random_mc,23,1,0,1023,0,1024,1,1,asynchronous
n010_012.bnet,random_mc,24,1,0,1023,0,1024,1,1,asynchronous
n010_012.bnet,random_mc,25,1,0,1023,0,1024,1,1,asynchronous
n010_012.bnet,random_mc,26,1,0,1023,0,1024,1,1,asynchronous
n010_012.bnet,random_mc,27,1,0,1023,0,1024,1,1,asynchronous
n010_012.bnet,random_mc,28,1,0,1023,0,1024,1,1,asynchronous
n010_012.bnet,random_mc,29,1,0,1023,0,1024,1,1,asynchronous
n010_013.bnet,sd_mc,,3,0,13,0,16,3,3,asynchronous
n010_013.bnet,null_mc,,3,0,13,0,16,3,3,asynchronous
n010_013.bnet,ref,,3,13,0,0,16,3,3,asynchronous
n010_013.bnet,random_mc,0,3,0,13,0,16,3,3,asynchronous
n010_013.bnet,random_mc,1,3,0,13,0,16,3,3,asynchronous
n010_013.bnet,random_mc,2,3,0,13,0,16,3,3,asynchronous
n010_013.bnet,random_mc,3,3,0,13,0,16,3,3,asynchronous
n010_013.bnet,random_mc,4,3,0,13,0,16,3,3,asynchronous
n010_013.bnet,random_mc,5,3,0,13,0,16,3,3,asynchronous
n010_013.bnet,random_mc,6,3,0,13,0,16,3,3,asynchronous
n010_013.bnet,random_mc,7,3,0,13,0,16,3,3,asynchronous
n010_013.bnet,random_mc,8,3,0,13,0,16,3,3,asynchronous
n010_013.bnet,random_mc,9,3,0,13,0,16,3,3,asynchronous
n010_013.bnet,random_mc,10,3,0,13,0,16,3,3,asynchronous
n010_013.bnet,random_mc,11,3,0,13,0,16,3,3,asynchronous
n010_013.bnet,random_mc,12,3,0,13,0,16,3,3,asynchronous
n010_013.bnet,random_mc,13,3,0,13,0,16,3,3,asynchronous
n010_013.bnet,random_mc,14,3,0,13,0,16,3,3,asynchronous
n010_013.bnet,random_mc,15,3,0,13,0,16,3,3,asynchronous
n010_013.bnet,random_mc,16,3,0,13,0,16,3,3,asynchronous
n010_013.bnet,random_mc,17,3,0,13,0,16,3,3,asynchronous
n010_013.bnet,random_mc,18,3,0,13,0,16,3,3,asynchronous
n010_013.bnet,random_mc,19,3,0,13,0,16,3,3,asynchronous
n010_013.bnet,random_mc,20,3,0,13,0,16,3,3,asynchronous
n010_013.bnet,random_mc,21,3,0,13,0,16,3,3,asynchronous
n010_013.bnet,random_mc,22,3,0,13,0,16,3,3,asynchronous
n010_013.bnet,random_mc,23,3,0,13,0,16,3,3,asynchronous
n010_013.bnet,random_mc,24,3,0,13,0,16,3,3,asynchronous
n010_013.bnet,random_mc,25,3,0,13,0,16,3,3,asynchronous
n010_013.bnet,random_mc,26,3,0,13,0,16,3,3,asynchronous
n010_013.bnet,random_mc,27,3,0,13,0,16,3,3,asynchronous
n010_013.bnet,random_mc,28,3,0,13,0,16,3,3,asynchronous
n010_013.bnet,random_mc,29,3,0,13,0,16,3,3,asynchronous
n010_014.bnet,sd_mc,,4,0,4,0,8,1,1,asynchronous
n010_014.bnet,null_mc,,4,0,4,0,8,1,1,asynchronous
n010_014.bnet,ref,,4,4,0,0,8,1,1,asynchronous
n010_014.bnet,random_mc,0,4,0,4,0,8,1,1,asynchronous
n010_014.bnet,random_mc,1,4,0,4,0,8,1,1,asynchronous
n010_014.bnet,random_mc,2,4,0,4,0,8,1,1,asynchronous
n010_014.bnet,random_mc,3,4,0,4,0,8,1,1,asynchronous
n010_014.bnet,random_mc,4,4,0,4,0,8,1,1,asynchronous
n010_014.bnet,random_mc,5,4,0,4,0,8,1,1,asynchronous
n010_014.bnet,random_mc,6,4,0,4,0,8,1,1,asynchronous
n010_014.bnet,random_mc,7,4,0,4,0,8,1,1,asynchronous
n010_014.bnet,random_mc,8,4,0,4,0,8,1,1,asynchronous
n010_014.bnet,random_mc,9,4,0,4,0,8,1,1,asynchronous
n010_014.bnet,random_mc,10,4,0,4,0,8,1,1,asynchronous
n010_014.bnet,random_mc,11,4,0,4,0,8,1,1,asynchronous
n010_014.bnet,random_mc,12,4,0,4,0,8,1,1,asynchronous
n010_014.bnet,random_mc,13,4,0,4,0,8,1,1,asynchronous
n010_014.bnet,random_mc,14,4,0,4,0,8,1,1,asynchronous
n010_014.bnet,random_mc,15,4,0,4,0,8,1,1,asynchronous
n010_014.bnet,random_mc,16,4,0,4,0,8,1,1,asynchronous
n010_014.bnet,random_mc,17,4,0,4,0,8,1,1,asynchronous
n010_014.bnet,random_mc,18,4,0,4,0,8,1,1,asynchronous
n010_014.bnet,random_mc,19,4,0,4,0,8,1,1,asynchronous
n010_014.bnet,random_mc,20,4,0,4,0,8,1,1,asynchronous
n010_014.bnet,random_mc,21,4,0,4,0,8,1,1,asynchronous
n010_014.bnet,random_mc,22,4,0,4,0,8,1,1,asynchronous
n010_014.bnet,random_mc,23,4,0,4,0,8,1,1,asynchronous
n010_014.bnet,random_mc,24,4,0,4,0,8,1,1,asynchronous
n010_014.bnet,random_mc,25,4,0,4,0,8,1,1,asynchronous
n010_014.bnet,random_mc,26,4,0,4,0,8,1,1,asynchronous
n010_014.bnet,random_mc,27,4,0,4,0,8,1,1,asynchronous
n010_014.bnet,random_mc,28,4,0,4,0,8,1,1,asynchronous
n010_014.bnet,random_mc,29,4,0,4,0,8,1,1,asynchronous
n010_015.bnet,sd_mc,,10,0,1014,0,1024,6,6,asynchronous
n010_015.bnet,null_mc,,10,0,1014,0,1024,6,6,asynchronous
n010_015.bnet,ref,,10,1014,0,0,1024,6,6,asynchronous
n010_015.bnet,random_mc,0,10,0,1014,0,1024,6,6,asynchronous
n010_015.bnet,random_mc,1,10,0,1014,0,1024,6,6,asynchronous
n010_015.bnet,random_mc,2,10,0,1014,0,1024,6,6,asynchronous
n010_015.bnet,random_mc,3,10,0,1014,0,1024,6,6,asynchronous
n010_015.bnet,random_mc,4,10,0,1014,0,1024,6,6,asynchronous
n010_015.bnet,random_mc,5,10,0,1014,0,1024,6,6,asynchronous
n010_015.bnet,random_mc,6,10,0,1014,0,1024,6,6,asynchronous
n010_015.bnet,random_mc,7,10,0,1014,0,1024,6,6,asynchronous
n010_015.bnet,random_mc,8,10,0,1014,0,1024,6,6,asynchronous
n010_015.bnet,random_mc,9,10,0,1014,0,1024,6,6,asynchronous
n010_015.bnet,random_mc,10,10,0,1014,0,1024,6,6,asynchronous
n010_015.bnet,random_mc,11,10,0,1014,0,1024,6,6,asynchronous
n010_015.bnet,random_mc,12,10,0,1014,0,1024,6,6,asynchronous
n010_015.bnet,random_mc,13,10,0,1014,0,1024,6,6,asynchronous
n010_015.bnet,random_mc,14,10,0,1014,0,1024,6,6,asynchronous
n010_015.bnet,random_mc,15,10,0,1014,0,1024,6,6,asynchronous
n010_015.bnet,random_mc,16,10,0,1014,0,1024,6,6,asynchronous
n010_015.bnet,random_mc,17,10,0,1014,0,1024,6,6,asynchronous
n010_015.bnet,random_mc,18,10,0,1014,0,1024,6,6,asynchronous
n010_015.bnet,random_mc,19,10,0,1014,0,1024,6,6,asynchronous
n010_015.bnet,random_mc,20,10,0,1014,0,1024,6,6,asynchronous
n010_015.bnet,random_mc,21,10,0,1014,0,1024,6,6,asynchronous
n010_015.bnet,random_mc,22,10,0,1014,0,1024,6,6,asynchronous
n010_015.bnet,random_mc,23,10,0,1014,0,1024,6,6,asynchronous
n010_015.bnet,random_mc,24,10,0,1014,0,1024,6,6,asynchronous
n010_015.bnet,random_mc,25,10,0,1014,0,1024,6,6,asynchronous
n010_015.bnet,random_mc,26,10,0,1014,0,1024,6,6,asynchronous
n010_015.bnet,random_mc,27,10,0,1014,0,1024,6,6,asynchronous
n010_015.bnet,random_mc,28,10,0,1014,0,1024,6,6,asynchronous
n010_015.bnet,random_mc,29,10,0,1014,0,1024,6,6,asynchronous
n010_016.bnet,sd_mc,,3,0,509,0,512,3,3,asynchronous
n010_016.bnet,null_mc,,3,0,509,0,512,3,3,asynchronous
n010_016.bnet,ref,,3,509,0,0,512,3,3,asynchronous
n010_016.bnet,random_mc,0,3,0,509,0,512,3,3,asynchronous
n010_016.bnet,random_mc,1,3,0,509,0,512,3,3,asynchronous
n010_016.bnet,random_mc,2,3,0,509,0,512,3,3,asynchronous
n010_016.bnet,random_mc,3,3,0,509,0,512,3,3,asynchronous
n010_016.bnet,random_mc,4,3,0,509,0,512,3,3,asynchronous
n010_016.bnet,random_mc,5,3,0,509,0,512,3,3,asynchronous
n010_016.bnet,random_mc,6,3,0,509,0,512,3,3,asynchronous
n010_016.bnet,random_mc,7,3,0,509,0,512,3,3,asynchronous
n010_016.bnet,random_mc,8,3,0,509,0,512,3,3,asynchronous
n010_016.bnet,random_mc,9,3,0,509,0,512,3,3,asynchronous
n010_016.bnet,random_mc,10,3,0,509,0,512,3,3,asynchronous
n010_016.bnet,random_mc,11,3,0,509,0,512,3,3,asynchronous
n010_016.bnet,random_mc,12,3,0,509,0,512,3,3,asynchronous
n010_016.bnet,random_mc,13,3,0,509,0,512,3,3,asynchronous
n010_016.bnet,random_mc,14,3,0,509,0,512,3,3,asynchronous
n010_016.bnet,random_mc,15,3,0,509,0,512,3,3,asynchronous
n010_016.bnet,random_mc,16,3,0,509,0,512,3,3,asynchronous
n010_016.bnet,random_mc,17,3,0,509,0,512,3,3,asynchronous
n010_016.bnet,random_mc,18,3,0,509,0,512,3,3,asynchronous
n010_016.bnet,random_mc,19,3,0,509,0,512,3,3,asynchronous
n010_016.bnet,random_mc,20,3,0,509,0,512,3,3,asynchronous
n010_016.bnet,random_mc,21,3,0,509,0,512,3,3,asynchronous
n010_016.bnet,random_mc,22,3,0,509,0,512,3,3,asynchronous
n010_016.bnet,random_mc,23,3,0,509,0,512,3,3,asynchronous
n010_016.bnet,random_mc,24,3,0,509,0,512,3,3,asynchronous
n010_016.bnet,random_mc,25,3,0,509,0,512,3,3,asynchronous
n010_016.bnet,random_mc,26,3,0,509,0,512,3,3,asynchronous
n010_016.bnet,random_mc,27,3,0,509,0,512,3,3,asynchronous
n010_016.bnet,random_mc,28,3,0,509,0,512,3,3,asynchronous
n010_016.bnet,random_mc,29,3,0,509,0,512,3,3,asynchronous
n010_018.bnet,sd_mc,,4,0,124,0,128,2,2,asynchronous
n010_018.bnet,null_mc,,4,0,124,0,128,2,2,asynchronous
n010_018.bnet,ref,,4,124,0,0,128,2,2,asynchronous
n010_018.bnet,random_mc,0,4,0,124,0,128,2,2,asynchronous
n010_018.bnet,random_mc,1,4,0,124,0,128,2,2,asynchronous
n010_018.bnet,random_mc,2,4,0,124,0,128,2,2,asynchronous
n010_018.bnet,random_mc,3,4,0,124,0,128,2,2,asynchronous
n010_018.bnet,random_mc,4,4,0,124,0,128,2,2,asynchronous
n010_018.bnet,random_mc,5,4,0,124,0,128,2,2,asynchronous
n010_018.bnet,random_mc,6,4,0,124,0,128,2,2,asynchronous
n010_018.bnet,random_mc,7,4,0,124,0,128,2,2,asynchronous
n010_018.bnet,random_mc,8,4,0,124,0,128,2,2,asynchronous
n010_018.bnet,random_mc,9,4,0,124,0,128,2,2,asynchronous
n010_018.bnet,random_mc,10,4,0,124,0,128,2,2,asynchronous
n010_018.bnet,random_mc,11,4,0,124,0,128,2,2,asynchronous
n010_018.bnet,random_mc,12,4,0,124,0,128,2,2,asynchronous
n010_018.bnet,random_mc,13,4,0,124,0,128,2,2,asynchronous
n010_018.bnet,random_mc,14,4,0,124,0,128,2,2,asynchronous
n010_018.bnet,random_mc,15,4,0,124,0,128,2,2,asynchronous
n010_018.bnet,random_mc,16,4,0,124,0,128,2,2,asynchronous
n010_018.bnet,random_mc,17,4,0,124,0,128,2,2,asynchronous
n010_018.bnet,random_mc,18,4,0,124,0,128,2,2,asynchronous
n010_018.bnet,random_mc,19,4,0,124,0,128,2,2,asynchronous
n010_018.bnet,random_mc,20,4,0,124,0,128,2,2,asynchronous
n010_018.bnet,random_mc,21,4,0,124,0,128,2,2,asynchronous
n010_018.bnet,random_mc,22,4,0,124,0,128,2,2,asynchronous
n010_018.bnet,random_mc,23,4,0,124,0,128,2,2,asynchronous
n010_018.bnet,random_mc,24,4,0,124,0,128,2,2,asynchronous
n010_018.bnet,random_mc,25,4,0,124,0,128,2,2,asynchronous
n010_018.bnet,random_mc,26,4,0,124,0,128,2,2,asynchronous
n010_018.bnet,random_mc,27,4,0,124,0,128,2,2,asynchronous
n010_018.bnet,random_mc,28,4,0,124,0,128,2,2,asynchronous
n010_018.bnet,random_mc,29,4,0,124,0,128,2,2,asynchronous
n010_019.bnet,sd_mc,,1,0,127,0,128,1,1,asynchronous
n010_019.bnet,null_mc,,1,0,127,0,128,1,1,asynchronous
n010_019.bnet,ref,,1,127,0,0,128,1,1,asynchronous
n010_019.bnet,random_mc,0,1,0,127,0,128,1,1,asynchronous
n010_019.bnet,random_mc,1,1,0,127,0,128,1,1,asynchronous
n010_019.bnet,random_mc,2,1,0,127,0,128,1,1,asynchronous
n010_019.bnet,random_mc,3,1,0,127,0,128,1,1,asynchronous
n010_019.bnet,random_mc,4,1,0,127,0,128,1,1,asynchronous
n010_019.bnet,random_mc,5,1,0,127,0,128,1,1,asynchronous
n010_019.bnet,random_mc,6,1,0,127,0,128,1,1,asynchronous
n010_019.bnet,random_mc,7,1,0,127,0,128,1,1,asynchronous
n010_019.bnet,random_mc,8,1,0,127,0,128,1,1,asynchronous
n010_019.bnet,random_mc,9,1,0,127,0,128,1,1,asynchronous
n010_019.bnet,random_mc,10,1,0,127,0,128,1,1,asynchronous
n010_019.bnet,random_mc,11,1,0,127,0,128,1,1,asynchronous
n010_019.bnet,random_mc,12,1,0,127,0,128,1,1,asynchronous
n010_019.bnet,random_mc,13,1,0,127,0,128,1,1,asynchronous
n010_019.bnet,random_mc,14,1,0,127,0,128,1,1,asynchronous
n010_019.bnet,random_mc,15,1,0,127,0,128,1,1,asynchronous
n010_019.bnet,random_mc,16,1,0,127,0,128,1,1,asynchronous
n010_019.bnet,random_mc,17,1,0,127,0,128,1,1,asynchronous
n010_019.bnet,random_mc,18,1,0,127,0,128,1,1,asynchronous
n010_019.bnet,random_mc,19,1,0,127,0,128,1,1,asynchronous
n010_019.bnet,random_mc,20,1,0,127,0,128,1,1,asynchronous
n010_019.bnet,random_mc,21,1,0,127,0,128,1,1,asynchronous
n010_019.bnet,random_mc,22,1,0,127,0,128,1,1,asynchronous
n010_019.bnet,random_mc,23,1,0,127,0,128,1,1,asynchronous
n010_019.bnet,random_mc,24,1,0,127,0,128,1,1,asynchronous
n010_019.bnet,random_mc,25,1,0,127,0,128,1,1,asynchronous
n010_019.bnet,random_mc,26,1,0,127,0,128,1,1,asynchronous
n010_019.bnet,random_mc,27,1,0,127,0,128,1,1,asynchronous
n010_019.bnet,random_mc,28,1,0,127,0,128,1,1,asynchronous
n010_019.bnet,random_mc,29,1,0,127,0,128,1,1,asynchronous
n010_020.bnet,sd_mc,,2,0,1022,0,1024,1,1,asynchronous
n010_020.bnet,null_mc,,2,0,1022,0,1024,1,1,asynchronous
n010_020.bnet,ref,,2,1022,0,0,1024,1,1,asynchronous
n010_020.bnet,random_mc,0,2,0,1022,0,1024,1,1,asynchronous
n010_020.bnet,random_mc,1,2,0,1022,0,1024,1,1,asynchronous
n010_020.bnet,random_mc,2,2,0,1022,0,1024,1,1,asynchronous
n010_020.bnet,random_mc,3,2,0,1022,0,1024,1,1,asynchronous
n010_020.bnet,random_mc,4,2,0,1022,0,1024,1,1,asynchronous
n010_020.bnet,random_mc,5,2,0,1022,0,1024,1,1,asynchronous
n010_020.bnet,random_mc,6,2,0,1022,0,1024,1,1,asynchronous
n010_020.bnet,random_mc,7,2,0,1022,0,1024,1,1,asynchronous
n010_020.bnet,random_mc,8,2,0,1022,0,1024,1,1,asynchronous
n010_020.bnet,random_mc,9,2,0,1022,0,1024,1,1,asynchronous
n010_020.bnet,random_mc,10,2,0,1022,0,1024,1,1,asynchronous
n010_020.bnet,random_mc,11,2,0,1022,0,1024,1,1,asynchronous
n010_020.bnet,random_mc,12,2,0,1022,0,1024,1,1,asynchronous
n010_020.bnet,random_mc,13,2,0,1022,0,1024,1,1,asynchronous
n010_020.bnet,random_mc,14,2,0,1022,0,1024,1,1,asynchronous
n010_020.bnet,random_mc,15,2,0,1022,0,1024,1,1,asynchronous
n010_020.bnet,random_mc,16,2,0,1022,0,1024,1,1,asynchronous
n010_020.bnet,random_mc,17,2,0,1022,0,1024,1,1,asynchronous
n010_020.bnet,random_mc,18,2,0,1022,0,1024,1,1,asynchronous
n010_020.bnet,random_mc,19,2,0,1022,0,1024,1,1,asynchronous
n010_020.bnet,random_mc,20,2,0,1022,0,1024,1,1,asynchronous
n010_020.bnet,random_mc,21,2,0,1022,0,1024,1,1,asynchronous
n010_020.bnet,random_mc,22,2,0,1022,0,1024,1,1,asynchronous
n010_020.bnet,random_mc,23,2,0,1022,0,1024,1,1,asynchronous
n010_020.bnet,random_mc,24,2,0,1022,0,1024,1,1,asynchronous
n010_020.bnet,random_mc,25,2,0,1022,0,1024,1,1,asynchronous
n010_020.bnet,random_mc,26,2,0,1022,0,1024,1,1,asynchronous
n010_020.bnet,random_mc,27,2,0,1022,0,1024,1,1,asynchronous
n010_020.bnet,random_mc,28,2,0,1022,0,1024,1,1,asynchronous
n010_020.bnet,random_mc,29,2,0,1022,0,1024,1,1,asynchronous
n010_021.bnet,sd_mc,,2,0,0,0,2,1,1,asynchronous
n010_021.bnet,null_mc,,2,0,0,0,2,1,1,asynchronous
n010_021.bnet,ref,,2,0,0,0,2,1,1,asynchronous
n010_021.bnet,random_mc,0,2,0,0,0,2,1,1,asynchronous
n010_021.bnet,random_mc,1,2,0,0,0,2,1,1,asynchronous
n010_021.bnet,random_mc,2,2,0,0,0,2,1,1,asynchronous
n010_021.bnet,random_mc,3,2,0,0,0,2,1,1,asynchronous
n010_021.bnet,random_mc,4,2,0,0,0,2,1,1,asynchronous
n010_021.bnet,random_mc,5,2,0,0,0,2,1,1,asynchronous
n010_021.bnet,random_mc,6,2,0,0,0,2,1,1,asynchronous
n010_021.bnet,random_mc,7,2,0,0,0,2,1,1,asynchronous
n010_021.bnet,random_mc,8,2,0,0,0,2,1,1,asynchronous
n010_021.bnet,random_mc,9,2,0,0,0,2,1,1,asynchronous
n010_021.bnet,random_mc,10,2,0,0,0,2,1,1,asynchronous
n010_021.bnet,random_mc,11,2,0,0,0,2,1,1,asynchronous
n010_021.bnet,random_mc,12,2,0,0,0,2,1,1,asynchronous
n010_021.bnet,random_mc,13,2,0,0,0,2,1,1,asynchronous
n010_021.bnet,random_mc,14,2,0,0,0,2,1,1,asynchronous
n010_021.bnet,random_mc,15,2,0,0,0,2,1,1,asynchronous
n010_021.bnet,random_mc,16,2,0,0,0,2,1,1,asynchronous
n010_021.bnet,random_mc,17,2,0,0,0,2,1,1,asynchronous
n010_021.bnet,random_mc,18,2,0,0,0,2,1,1,asynchronous
n010_021.bnet,random_mc,19,2,0,0,0,2,1,1,asynchronous
n010_021.bnet,random_mc,20,2,0,0,0,2,1,1,asynchronous
n010_021.bnet,random_mc,21,2,0,0,0,2,1,1,asynchronous
n010_021.bnet,random_mc,22,2,0,0,0,2,1,1,asynchronous
n010_021.bnet,random_mc,23,2,0,0,0,2,1,1,asynchronous
n010_021.bnet,random_mc,24,2,0,0,0,2,1,1,asynchronous
n010_021.bnet,random_mc,25,2,0,0,0,2,1,1,asynchronous
n010_021.bnet,random_mc,26,2,0,0,0,2,1,1,asynchronous
n010_021.bnet,random_mc,27,2,0,0,0,2,1,1,asynchronous
n010_021.bnet,random_mc,28,2,0,0,0,2,1,1,asynchronous
n010_021.bnet,random_mc,29,2,0,0,0,2,1,1,asynchronous
n010_022.bnet,sd_mc,,1,0,511,0,512,1,1,asynchronous
n010_022.bnet,null_mc,,1,0,511,0,512,1,1,asynchronous
n010_022.bnet,ref,,1,511,0,0,512,1,1,asynchronous
n010_022.bnet,random_mc,0,1,0,511,0,512,1,1,asynchronous
n010_022.bnet,random_mc,1,1,0,511,0,512,1,1,asynchronous
n010_022.bnet,random_mc,2,1,0,511,0,512,1,1,asynchronous
n010_022.bnet,random_mc,3,1,0,511,0,512,1,1,asynchronous
n010_022.bnet,random_mc,4,1,0,511,0,512,1,1,asynchronous
n010_022.bnet,random_mc,5,1,0,511,0,512,1,1,asynchronous
n010_022.bnet,random_mc,6,1,0,511,0,512,1,1,asynchronous
n010_022.bnet,random_mc,7,1,0,511,0,512,1,1,asynchronous
n010_022.bnet,random_mc,8,1,0,511,0,512,1,1,asynchronous
n010_022.bnet,random_mc,9,1,0,511,0,512,1,1,asynchronous
n010_022.bnet,random_mc,10,1,0,511,0,512,1,1,asynchronous
n010_022.bnet,random_mc,11,1,0,511,0,512,1,1,asynchronous
n010_022.bnet,random_mc,12,1,0,511,0,512,1,1,asynchronous
n010_022.bnet,random_mc,13,1,0,511,0,512,1,1,asynchronous
n010_022.bnet,random_mc,14,1,0,511,0,512,1,1,asynchronous
n010_022.bnet,random_mc,15,1,0,511,0,512,1,1,asynchronous
n010_022.bnet,random_mc,16,1,0,511,0,512,1,1,asynchronous
n010_022.bnet,random_mc,17,1,0,511,0,512,1,1,asynchronous
n010_022.bnet,random_mc,18,1,0,511,0,512,1,1,asynchronous
n010_022.bnet,random_mc,19,1,0,511,0,512,1,1,asynchronous
n010_022.bnet,random_mc,20,1,0,511,0,512,1,1,asynchronous
n010_022.bnet,random_mc,21,1,0,511,0,512,1,1,asynchronous
n010_022.bnet,random_mc,22,1,0,511,0,512,1,1,asynchronous
n010_022.bnet,random_mc,23,1,0,511,0,512,1,1,asynchronous
n010_022.bnet,random_mc,24,1,0,511,0,512,1,1,asynchronous
n010_022.bnet,random_mc,25,1,0,511,0,512,1,1,asynchronous
n010_022.bnet,random_mc,26,1,0,511,0,512,1,1,asynchronous
n010_022.bnet,random_mc,27,1,0,511,0,512,1,1,asynchronous
n010_022.bnet,random_mc,28,1,0,511,0,512,1,1,asynchronous
n010_022.bnet,random_mc,29,1,0,511,0,512,1,1,asynchronous
n010_023.bnet,sd_mc,,2,0,510,0,512,2,2,asynchronous
n010_023.bnet,null_mc,,2,0,510,0,512,2,2,asynchronous
n010_023.bnet,ref,,2,510,0,0,512,2,2,asynchronous
n010_023.bnet,random_mc,0,2,0,510,0,512,2,2,asynchronous
n010_023.bnet,random_mc,1,2,0,510,0,512,2,2,asynchronous
n010_023.bnet,random_mc,2,2,0,510,0,512,2,2,asynchronous
n010_023.bnet,random_mc,3,2,0,510,0,512,2,2,asynchronous
n010_023.bnet,random_mc,4,2,0,510,0,512,2,2,asynchronous
n010_023.bnet,random_mc,5,2,0,510,0,512,2,2,asynchronous
n010_023.bnet,random_mc,6,2,0,510,0,512,2,2,asynchronous
n010_023.bnet,random_mc,7,2,0,510,0,512,2,2,asynchronous
n010_023.bnet,random_mc,8,2,0,510,0,512,2,2,asynchronous
n010_023.bnet,random_mc,9,2,0,510,0,512,2,2,asynchronous
n010_023.bnet,random_mc,10,2,0,510,0,512,2,2,asynchronous
n010_023.bnet,random_mc,11,2,0,510,0,512,2,2,asynchronous
n010_023.bnet,random_mc,12,2,0,510,0,512,2,2,asynchronous
n010_023.bnet,random_mc,13,2,0,510,0,512,2,2,asynchronous
n010_023.bnet,random_mc,14,2,0,510,0,512,2,2,asynchronous
n010_023.bnet,random_mc,15,2,0,510,0,512,2,2,asynchronous
n010_023.bnet,random_mc,16,2,0,510,0,512,2,2,asynchronous
n010_023.bnet,random_mc,17,2,0,510,0,512,2,2,asynchronous
n010_023.bnet,random_mc,18,2,0,510,0,512,2,2,asynchronous
n010_023.bnet,random_mc,19,2,0,510,0,512,2,2,asynchronous
n010_023.bnet,random_mc,20,2,0,510,0,512,2,2,asynchronous
n010_023.bnet,random_mc,21,2,0,510,0,512,2,2,asynchronous
n010_023.bnet,random_mc,22,2,0,510,0,512,2,2,asynchronous
n010_023.bnet,random_mc,23,2,0,510,0,512,2,2,asynchronous
n010_023.bnet,random_mc,24,2,0,510,0,512,2,2,asynchronous
n010_023.bnet,random_mc,25,2,0,510,0,512,2,2,asynchronous
n010_023.bnet,random_mc,26,2,0,510,0,512,2,2,asynchronous
n010_023.bnet,random_mc,27,2,0,510,0,512,2,2,asynchronous
n010_023.bnet,random_mc,28,2,0,510,0,512,2,2,asynchronous
n010_023.bnet,random_mc,29,2,0,510,0,512,2,2,asynchronous
n010_024.bnet,sd_mc,,7,0,505,0,512,4,4,asynchronous
n010_024.bnet,null_mc,,7,0,505,0,512,4,4,asynchronous
n010_024.bnet,ref,,7,505,0,0,512,4,4,asynchronous
n010_024.bnet,random_mc,0,7,0,505,0,512,4,4,asynchronous
n010_024.bnet,random_mc,1,7,0,505,0,512,4,4,asynchronous
n010_024.bnet,random_mc,2,7,0,505,0,512,4,4,asynchronous
n010_024.bnet,random_mc,3,7,0,505,0,512,4,4,asynchronous
n010_024.bnet,random_mc,4,7,0,505,0,512,4,4,asynchronous
n010_024.bnet,random_mc,5,7,0,505,0,512,4,4,asynchronous
n010_024.bnet,random_mc,6,7,0,505,0,512,4,4,asynchronous
n010_024.bnet,random_mc,7,7,0,505,0,512,4,4,asynchronous
n010_024.bnet,random_mc,8,7,0,505,0,512,4,4,asynchronous
n010_024.bnet,random_mc,9,7,0,505,0,512,4,4,asynchronous
n010_024.bnet,random_mc,10,7,0,505,0,512,4,4,asynchronous
n010_024.bnet,random_mc,11,7,0,505,0,512,4,4,asynchronous
n010_024.bnet,random_mc,12,7,0,505,0,512,4,4,asynchronous
n010_024.bnet,random_mc,13,7,0,505,0,512,4,4,asynchronous
n010_024.bnet,random_mc,14,7,0,505,0,512,4,4,asynchronous
n010_024.bnet,random_mc,15,7,0,505,0,512,4,4,asynchronous
n010_024.bnet,random_mc,16,7,0,505,0,512,4,4,asynchronous
n010_024.bnet,random_mc,17,7,0,505,0,512,4,4,asynchronous
n010_024.bnet,random_mc,18,7,0,505,0,512,4,4,asynchronous
n010_024.bnet,random_mc,19,7,0,505,0,512,4,4,asynchronous
n010_024.bnet,random_mc,20,7,0,505,0,512,4,4,asynchronous
n010_024.bnet,random_mc,21,7,0,505,0,512,4,4,asynchronous
n010_024.bnet,random_mc,22,7,0,505,0,512,4,4,asynchronous
n010_024.bnet,random_mc,23,7,0,505,0,512,4,4,asynchronous
n010_024.bnet,random_mc,24,7,0,505,0,512,4,4,asynchronous
n010_024.bnet,random_mc,25,7,0,505,0,512,4,4,asynchronous
n010_024.bnet,random_mc,26,7,0,505,0,512,4,4,asynchronous
n010_024.bnet,random_mc,27,7,0,505,0,512,4,4,asynchronous
n010_024.bnet,random_mc,28,7,0,505,0,512,4,4,asynchronous
n010_024.bnet,random_mc,29,7,0,505,0,512,4,4,asynchronous
n010_025.bnet,sd_mc,,1,0,255,0,256,1,1,asynchronous
n010_025.bnet,null_mc,,1,0,255,0,256,1,1,asynchronous
n010_025.bnet,ref,,1,255,0,0,256,1,1,asynchronous
n010_025.bnet,random_mc,0,1,0,255,0,256,1,1,asynchronous
n010_025.bnet,random_mc,1,1,0,255,0,256,1,1,asynchronous
n010_025.bnet,random_mc,2,1,0,255,0,256,1,1,asynchronous
n010_025.bnet,random_mc,3,1,0,255,0,256,1,1,asynchronous
n010_025.bnet,random_mc,4,1,0,255,0,256,1,1,asynchronous
n010_025.bnet,random_mc,5,1,0,255,0,256,1,1,asynchronous
n010_025.bnet,random_mc,6,1,0,255,0,256,1,1,asynchronous
n010_025.bnet,random_mc,7,1,0,255,0,256,1,1,asynchronous
n010_025.bnet,random_mc,8,1,0,255,0,256,1,1,asynchronous
n010_025.bnet,random_mc,9,1,0,255,0,256,1,1,asynchronous
n010_025.bnet,random_mc,10,1,0,255,0,256,1,1,asynchronous
n010_025.bnet,random_mc,11,1,0,255,0,256,1,1,asynchronous
n010_025.bnet,random_mc,12,1,0,255,0,256,1,1,asynchronous
n010_025.bnet,random_mc,13,1,0,255,0,256,1,1,asynchronous
n010_025.bnet,random_mc,14,1,0,255,0,256,1,1,asynchronous
n010_025.bnet,random_mc,15,1,0,255,0,256,1,1,asynchronous
n010_025.bnet,random_mc,16,1,0,255,0,256,1,1,asynchronous
n010_025.bnet,random_mc,17,1,0,255,0,256,1,1,asynchronous
n010_025.bnet,random_mc,18,1,0,255,0,256,1,1,asynchronous
n010_025.bnet,random_mc,19,1,0,255,0,256,1,1,asynchronous
n010_025.bnet,random_mc,20,1,0,255,0,256,1,1,asynchronous
n010_025.bnet,random_mc,21,1,0,255,0,256,1,1,asynchronous
n010_025.bnet,random_mc,22,1,0,255,0,256,1,1,asynchronous
n010_025.bnet,random_mc,23,1,0,255,0,256,1,1,asynchronous
n010_025.bnet,random_mc,24,1,0,255,0,256,1,1,asynchronous
n010_025.bnet,random_mc,25,1,0,255,0,256,1,1,asynchronous
n010_025.bnet,random_mc,26,1,0,255,0,256,1,1,asynchronous
n010_025.bnet,random_mc,27,1,0,255,0,256,1,1,asynchronous
n010_025.bnet,random_mc,28,1,0,255,0,256,1,1,asynchronous
n010_025.bnet,random_mc,29,1,0,255,0,256,1,1,asynchronous
n010_026.bnet,sd_mc,,2,0,0,0,2,2,2,asynchronous
n010_026.bnet,null_mc,,2,0,0,0,2,2,2,asynchronous
n010_026.bnet,ref,,2,0,0,0,2,2,2,asynchronous
n010_026.bnet,random_mc,0,2,0,0,0,2,2,2,asynchronous
n010_026.bnet,random_mc,1,2,0,0,0,2,2,2,asynchronous
n010_026.bnet,random_mc,2,2,0,0,0,2,2,2,asynchronous
n010_026.bnet,random_mc,3,2,0,0,0,2,2,2,asynchronous
n010_026.bnet,random_mc,4,2,0,0,0,2,2,2,asynchronous
n010_026.bnet,random_mc,5,2,0,0,0,2,2,2,asynchronous
n010_026.bnet,random_mc,6,2,0,0,0,2,2,2,asynchronous
n010_026.bnet,random_mc,7,2,0,0,0,2,2,2,asynchronous
n010_026.bnet,random_mc,8,2,0,0,0,2,2,2,asynchronous
n010_026.bnet,random_mc,9,2,0,0,0,2,2,2,asynchronous
n010_026.bnet,random_mc,10,2,0,0,0,2,2,2,asynchronous
n010_026.bnet,random_mc,11,2,0,0,0,2,2,2,asynchronous
n010_026.bnet,random_mc,12,2,0,0,0,2,2,2,asynchronous
n010_026.bnet,random_mc,13,2,0,0,0,2,2,2,asynchronous
n010_026.bnet,random_mc,14,2,0,0,0,2,2,2,asynchronous
n010_026.bnet,random_mc,15,2,0,0,0,2,2,2,asynchronous
n010_026.bnet,random_mc,16,2,0,0,0,2,2,2,asynchronous
n010_026.bnet,random_mc,17,2,0,0,0,2,2,2,asynchronous
n010_026.bnet,random_mc,18,2,0,0,0,2,2,2,asynchronous
n010_026.bnet,random_mc,19,2,0,0,0,2,2,2,asynchronous
n010_026.bnet,random_mc,20,2,0,0,0,2,2,2,asynchronous
n010_026.bnet,random_mc,21,2,0,0,0,2,2,2,asynchronous
n010_026.bnet,random_mc,22,2,0,0,0,2,2,2,asynchronous
n010_026.bnet,random_mc,23,2,0,0,0,2,2,2,asynchronous
n010_026.bnet,random_mc,24,2,0,0,0,2,2,2,asynchronous
n010_026.bnet,random_mc,25,2,0,0,0,2,2,2,asynchronous
n010_026.bnet,random_mc,26,2,0,0,0,2,2,2,asynchronous
n010_026.bnet,random_mc,27,2,0,0,0,2,2,2,asynchronous
n010_026.bnet,random_mc,28,2,0,0,0,2,2,2,asynchronous
n010_026.bnet,random_mc,29,2,0,0,0,2,2,2,asynchronous
n010_027.bnet,sd_mc,,1,0,511,0,512,1,1,asynchronous
n010_027.bnet,null_mc,,1,0,511,0,512,1,1,asynchronous
n010_027.bnet,ref,,1,511,0,0,512,1,1,asynchronous
n010_027.bnet,random_mc,0,1,0,511,0,512,1,1,asynchronous
n010_027.bnet,random_mc,1,1,0,511,0,512,1,1,asynchronous
n010_027.bnet,random_mc,2,1,0,511,0,512,1,1,asynchronous
n010_027.bnet,random_mc,3,1,0,511,0,512,1,1,asynchronous
n010_027.bnet,random_mc,4,1,0,511,0,512,1,1,asynchronous
n010_027.bnet,random_mc,5,1,0,511,0,512,1,1,asynchronous
n010_027.bnet,random_mc,6,1,0,511,0,512,1,1,asynchronous
n010_027.bnet,random_mc,7,1,0,511,0,512,1,1,asynchronous
n010_027.bnet,random_mc,8,1,0,511,0,512,1,1,asynchronous
n010_027.bnet,random_mc,9,1,0,511,0,512,1,1,asynchronous
n010_027.bnet,random_mc,10,1,0,511,0,512,1,1,asynchronous
n010_027.bnet,random_mc,11,1,0,511,0,512,1,1,asynchronous
n010_027.bnet,random_mc,12,1,0,511,0,512,1,1,asynchronous
n010_027.bnet,random_mc,13,1,0,511,0,512,1,1,asynchronous
n010_027.bnet,random_mc,14,1,0,511,0,512,1,1,asynchronous
n010_027.bnet,random_mc,15,1,0,511,0,512,1,1,asynchronous
n010_027.bnet,random_mc,16,1,0,511,0,512,1,1,asynchronous
n010_027.bnet,random_mc,17,1,0,511,0,512,1,1,asynchronous
n010_027.bnet,random_mc,18,1,0,511,0,512,1,1,asynchronous
n010_027.bnet,random_mc,19,1,0,511,0,512,1,1,asynchronous
n010_027.bnet,random_mc,20,1,0,511,0,512,1,1,asynchronous
n010_027.bnet,random_mc,21,1,0,511,0,512,1,1,asynchronous
n010_027.bnet,random_mc,22,1,0,511,0,512,1,1,asynchronous
n010_027.bnet,random_mc,23,1,0,511,0,512,1,1,asynchronous
n010_027.bnet,random_mc,24,1,0,511,0,512,1,1,asynchronous
n010_027.bnet,random_mc,25,1,0,511,0,512,1,1,asynchronous
n010_027.bnet,random_mc,26,1,0,511,0,512,1,1,asynchronous
n010_027.bnet,random_mc,27,1,0,511,0,512,1,1,asynchronous
n010_027.bnet,random_mc,28,1,0,511,0,512,1,1,asynchronous
n010_027.bnet,random_mc,29,1,0,511,0,512,1,1,asynchronous
n010_029.bnet,sd_mc,,2,0,126,0,128,2,2,asynchronous
n010_029.bnet,null_mc,,2,0,126,0,128,2,2,asynchronous
n010_029.bnet,ref,,2,126,0,0,128,2,2,asynchronous
n010_029.bnet,random_mc,0,2,0,126,0,128,2,2,asynchronous
n010_029.bnet,random_mc,1,2,0,126,0,128,2,2,asynchronous
n010_029.bnet,random_mc,2,2,0,126,0,128,2,2,asynchronous
n010_029.bnet,random_mc,3,2,0,126,0,128,2,2,asynchronous
n010_029.bnet,random_mc,4,2,0,126,0,128,2,2,asynchronous
n010_029.bnet,random_mc,5,2,0,126,0,128,2,2,asynchronous
n010_029.bnet,random_mc,6,2,0,126,0,128,2,2,asynchronous
n010_029.bnet,random_mc,7,2,0,126,0,128,2,2,asynchronous
n010_029.bnet,random_mc,8,2,0,126,0,128,2,2,asynchronous
n010_029.bnet,random_mc,9,2,0,126,0,128,2,2,asynchronous
n010_029.bnet,random_mc,10,2,0,126,0,128,2,2,asynchronous
n010_029.bnet,random_mc,11,2,0,126,0,128,2,2,asynchronous
n010_029.bnet,random_mc,12,2,0,126,0,128,2,2,asynchronous
n010_029.bnet,random_mc,13,2,0,126,0,128,2,2,asynchronous
n010_029.bnet,random_mc,14,2,0,126,0,128,2,2,asynchronous
n010_029.bnet,random_mc,15,2,0,126,0,128,2,2,asynchronous
n010_029.bnet,random_mc,16,2,0,126,0,128,2,2,asynchronous
n010_029.bnet,random_mc,17,2,0,126,0,128,2,2,asynchronous
n010_029.bnet,random_mc,18,2,0,126,0,128,2,2,asynchronous
n010_029.bnet,random_mc,19,2,0,126,0,128,2,2,asynchronous
n010_029.bnet,random_mc,20,2,0,126,0,128,2,2,asynchronous
n010_029.bnet,random_mc,21,2,0,126,0,128,2,2,asynchronous
n010_029.bnet,random_mc,22,2,0,126,0,128,2,2,asynchronous
n010_029.bnet,random_mc,23,2,0,126,0,128,2,2,asynchronous
n010_029.bnet,random_mc,24,2,0,126,0,128,2,2,asynchronous
n010_029.bnet,random_mc,25,2,0,126,0,128,2,2,asynchronous
n010_029.bnet,random_mc,26,2,0,126,0,128,2,2,asynchronous
n010_029.bnet,random_mc,27,2,0,126,0,128,2,2,asynchronous
n010_029.bnet,random_mc,28,2,0,126,0,128,2,2,asynchronous
n010_029.bnet,random_mc,29,2,0,126,0,128,2,2,asynchronous
n010_030.bnet,sd_mc,,8,0,1016,0,1024,1,1,asynchronous
n010_030.bnet,null_mc,,8,0,1016,0,1024,1,1,asynchronous
n010_030.bnet,ref,,8,1016,0,0,1024,1,1,asynchronous
n010_030.bnet,random_mc,0,8,0,1016,0,1024,1,1,asynchronous
n010_030.bnet,random_mc,1,8,0,1016,0,1024,1,1,asynchronous
n010_030.bnet,random_mc,2,8,0,1016,0,1024,1,1,asynchronous
n010_030.bnet,random_mc,3,8,0,1016,0,1024,1,1,asynchronous
n010_030.bnet,random_mc,4,8,0,1016,0,1024,1,1,asynchronous
n010_030.bnet,random_mc,5,8,0,1016,0,1024,1,1,asynchronous
n010_030.bnet,random_mc,6,8,0,1016,0,1024,1,1,asynchronous
n010_030.bnet,random_mc,7,8,0,1016,0,1024,1,1,asynchronous
n010_030.bnet,random_mc,8,8,0,1016,0,1024,1,1,asynchronous
n010_030.bnet,random_mc,9,8,0,1016,0,1024,1,1,asynchronous
n010_030.bnet,random_mc,10,8,0,1016,0,1024,1,1,asynchronous
n010_030.bnet,random_mc,11,8,0,1016,0,1024,1,1,asynchronous
n010_030.bnet,random_mc,12,8,0,1016,0,1024,1,1,asynchronous
n010_030.bnet,random_mc,13,8,0,1016,0,1024,1,1,asynchronous
n010_030.bnet,random_mc,14,8,0,1016,0,1024,1,1,asynchronous
n010_030.bnet,random_mc,15,8,0,1016,0,1024,1,1,asynchronous
n010_030.bnet,random_mc,16,8,0,1016,0,1024,1,1,asynchronous
n010_030.bnet,random_mc,17,8,0,1016,0,1024,1,1,asynchronous
n010_030.bnet,random_mc,18,8,0,1016,0,1024,1,1,asynchronous
n010_030.bnet,random_mc,19,8,0,1016,0,1024,1,1,asynchronous
n010_030.bnet,random_mc,20,8,0,1016,0,1024,1,1,asynchronous
n010_030.bnet,random_mc,21,8,0,1016,0,1024,1,1,asynchronous
n010_030.bnet,random_mc,22,8,0,1016,0,1024,1,1,asynchronous
n010_030.bnet,random_mc,23,8,0,1016,0,1024,1,1,asynchronous
n010_030.bnet,random_mc,24,8,0,1016,0,1024,1,1,asynchronous
n010_030.bnet,random_mc,25,8,0,1016,0,1024,1,1,asynchronous
n010_030.bnet,random_mc,26,8,0,1016,0,1024,1,1,asynchronous
n010_030.bnet,random_mc,27,8,0,1016,0,1024,1,1,asynchronous
n010_030.bnet,random_mc,28,8,0,1016,0,1024,1,1,asynchronous
n010_030.bnet,random_mc,29,8,0,1016,0,1024,1,1,asynchronous
n010_031.bnet,sd_mc,,1,0,511,0,512,1,1,asynchronous
n010_031.bnet,null_mc,,1,0,511,0,512,1,1,asynchronous
n010_031.bnet,ref,,1,511,0,0,512,1,1,asynchronous
n010_031.bnet,random_mc,0,1,0,511,0,512,1,1,asynchronous
n010_031.bnet,random_mc,1,1,0,511,0,512,1,1,asynchronous
n010_031.bnet,random_mc,2,1,0,511,0,512,1,1,asynchronous
n010_031.bnet,random_mc,3,1,0,511,0,512,1,1,asynchronous
n010_031.bnet,random_mc,4,1,0,511,0,512,1,1,asynchronous
n010_031.bnet,random_mc,5,1,0,511,0,512,1,1,asynchronous
n010_031.bnet,random_mc,6,1,0,511,0,512,1,1,asynchronous
n010_031.bnet,random_mc,7,1,0,511,0,512,1,1,asynchronous
n010_031.bnet,random_mc,8,1,0,511,0,512,1,1,asynchronous
n010_031.bnet,random_mc,9,1,0,511,0,512,1,1,asynchronous
n010_031.bnet,random_mc,10,1,0,511,0,512,1,1,asynchronous
n010_031.bnet,random_mc,11,1,0,511,0,512,1,1,asynchronous
n010_031.bnet,random_mc,12,1,0,511,0,512,1,1,asynchronous
n010_031.bnet,random_mc,13,1,0,511,0,512,1,1,asynchronous
n010_031.bnet,random_mc,14,1,0,511,0,512,1,1,asynchronous
n010_031.bnet,random_mc,15,1,0,511,0,512,1,1,asynchronous
n010_031.bnet,random_mc,16,1,0,511,0,512,1,1,asynchronous
n010_031.bnet,random_mc,17,1,0,511,0,512,1,1,asynchronous
n010_031.bnet,random_mc,18,1,0,511,0,512,1,1,asynchronous
n010_031.bnet,random_mc,19,1,0,511,0,512,1,1,asynchronous
n010_031.bnet,random_mc,20,1,0,511,0,512,1,1,asynchronous
n010_031.bnet,random_mc,21,1,0,511,0,512,1,1,asynchronous
n010_031.bnet,random_mc,22,1,0,511,0,512,1,1,asynchronous
n010_031.bnet,random_mc,23,1,0,511,0,512,1,1,asynchronous
n010_031.bnet,random_mc,24,1,0,511,0,512,1,1,asynchronous
n010_031.bnet,random_mc,25,1,0,511,0,512,1,1,asynchronous
n010_031.bnet,random_mc,26,1,0,511,0,512,1,1,asynchronous
n010_031.bnet,random_mc,27,1,0,511,0,512,1,1,asynchronous
n010_031.bnet,random_mc,28,1,0,511,0,512,1,1,asynchronous
n010_031.bnet,random_mc,29,1,0,511,0,512,1,1,asynchronous
n010_032.bnet,sd_mc,,2,0,14,0,16,2,2,asynchronous
n010_032.bnet,null_mc,,2,0,14,0,16,2,2,asynchronous
n010_032.bnet,ref,,2,14,0,0,16,2,2,asynchronous
n010_032.bnet,random_mc,0,2,0,14,0,16,2,2,asynchronous
n010_032.bnet,random_mc,1,2,0,14,0,16,2,2,asynchronous
n010_032.bnet,random_mc,2,2,0,14,0,16,2,2,asynchronous
n010_032.bnet,random_mc,3,2,0,14,0,16,2,2,asynchronous
n010_032.bnet,random_mc,4,2,0,14,0,16,2,2,asynchronous
n010_032.bnet,random_mc,5,2,0,14,0,16,2,2,asynchronous
n010_032.bnet,random_mc,6,2,0,14,0,16,2,2,asynchronous
n010_032.bnet,random_mc,7,2,0,14,0,16,2,2,asynchronous
n010_032.bnet,random_mc,8,2,0,14,0,16,2,2,asynchronous
n010_032.bnet,random_mc,9,2,0,14,0,16,2,2,asynchronous
n010_032.bnet,random_mc,10,2,0,14,0,16,2,2,asynchronous
n010_032.bnet,random_mc,11,2,0,14,0,16,2,2,asynchronous
n010_032.bnet,random_mc,12,2,0,14,0,16,2,2,asynchronous
n010_032.bnet,random_mc,13,2,0,14,0,16,2,2,asynchronous
n010_032.bnet,random_mc,14,2,0,14,0,16,2,2,asynchronous
n010_032.bnet,random_mc,15,2,0,14,0,16,2,2,asynchronous
n010_032.bnet,random_mc,16,2,0,14,0,16,2,2,asynchronous
n010_032.bnet,random_mc,17,2,0,14,0,16,2,2,asynchronous
n010_032.bnet,random_mc,18,2,0,14,0,16,2,2,asynchronous
n010_032.bnet,random_mc,19,2,0,14,0,16,2,2,asynchronous
n010_032.bnet,random_mc,20,2,0,14,0,16,2,2,asynchronous
n010_032.bnet,random_mc,21,2,0,14,0,16,2,2,asynchronous
n010_032.bnet,random_mc,22,2,0,14,0,16,2,2,asynchronous
n010_032.bnet,random_mc,23,2,0,14,0,16,2,2,asynchronous
n010_032.bnet,random_mc,24,2,0,14,0,16,2,2,asynchronous
n010_032.bnet,random_mc,25,2,0,14,0,16,2,2,asynchronous
n010_032.bnet,random_mc,26,2,0,14,0,16,2,2,asynchronous
n010_032.bnet,random_mc,27,2,0,14,0,16,2,2,asynchronous
n010_032.bnet,random_mc,28,2,0,14,0,16,2,2,asynchronous
n010_032.bnet,random_mc,29,2,0,14,0,16,2,2,asynchronous
n010_033.bnet,sd_mc,,4,0,4,0,8,2,2,asynchronous
n010_033.bnet,null_mc,,4,0,4,0,8,2,2,asynchronous
n010_033.bnet,ref,,4,4,0,0,8,2,2,asynchronous
n010_033.bnet,random_mc,0,4,0,4,0,8,2,2,asynchronous
n010_033.bnet,random_mc,1,4,0,4,0,8,2,2,asynchronous
n010_033.bnet,random_mc,2,4,0,4,0,8,2,2,asynchronous
n010_033.bnet,random_mc,3,4,0,4,0,8,2,2,asynchronous
n010_033.bnet,random_mc,4,4,0,4,0,8,2,2,asynchronous
n010_033.bnet,random_mc,5,4,0,4,0,8,2,2,asynchronous
n010_033.bnet,random_mc,6,4,0,4,0,8,2,2,asynchronous
n010_033.bnet,random_mc,7,4,0,4,0,8,2,2,asynchronous
n010_033.bnet,random_mc,8,4,0,4,0,8,2,2,asynchronous
n010_033.bnet,random_mc,9,4,0,4,0,8,2,2,asynchronous
n010_033.bnet,random_mc,10,4,0,4,0,8,2,2,asynchronous
n010_033.bnet,random_mc,11,4,0,4,0,8,2,2,asynchronous
n010_033.bnet,random_mc,12,4,0,4,0,8,2,2,asynchronous
n010_033.bnet,random_mc,13,4,0,4,0,8,2,2,asynchronous
n010_033.bnet,random_mc,14,4,0,4,0,8,2,2,asynchronous
n010_033.bnet,random_mc,15,4,0,4,0,8,2,2,asynchronous
n010_033.bnet,random_mc,16,4,0,4,0,8,2,2,asynchronous
n010_033.bnet,random_mc,17,4,0,4,0,8,2,2,asynchronous
n010_033.bnet,random_mc,18,4,0,4,0,8,2,2,asynchronous
n010_033.bnet,random_mc,19,4,0,4,0,8,2,2,asynchronous
n010_033.bnet,random_mc,20,4,0,4,0,8,2,2,asynchronous
n010_033.bnet,random_mc,21,4,0,4,0,8,2,2,asynchronous
n010_033.bnet,random_mc,22,4,0,4,0,8,2,2,asynchronous
n010_033.bnet,random_mc,23,4,0,4,0,8,2,2,asynchronous
n010_033.bnet,random_mc,24,4,0,4,0,8,2,2,asynchronous
n010_033.bnet,random_mc,25,4,0,4,0,8,2,2,asynchronous
n010_033.bnet,random_mc,26,4,0,4,0,8,2,2,asynchronous
n010_033.bnet,random_mc,27,4,0,4,0,8,2,2,asynchronous
n010_033.bnet,random_mc,28,4,0,4,0,8,2,2,asynchronous
n010_033.bnet,random_mc,29,4,0,4,0,8,2,2,asynchronous
n010_034.bnet,sd_mc,,2,0,0,0,2,2,2,asynchronous
n010_034.bnet,null_mc,,2,0,0,0,2,2,2,asynchronous
n010_034.bnet,ref,,2,0,0,0,2,2,2,asynchronous
n010_034.bnet,random_mc,0,2,0,0,0,2,2,2,asynchronous
n010_034.bnet,random_mc,1,2,0,0,0,2,2,2,asynchronous
n010_034.bnet,random_mc,2,2,0,0,0,2,2,2,asynchronous
n010_034.bnet,random_mc,3,2,0,0,0,2,2,2,asynchronous
n010_034.bnet,random_mc,4,2,0,0,0,2,2,2,asynchronous
n010_034.bnet,random_mc,5,2,0,0,0,2,2,2,asynchronous
n010_034.bnet,random_mc,6,2,0,0,0,2,2,2,asynchronous
n010_034.bnet,random_mc,7,2,0,0,0,2,2,2,asynchronous
n010_034.bnet,random_mc,8,2,0,0,0,2,2,2,asynchronous
n010_034.bnet,random_mc,9,2,0,0,0,2,2,2,asynchronous
n010_034.bnet,random_mc,10,2,0,0,0,2,2,2,asynchronous
n010_034.bnet,random_mc,11,2,0,0,0,2,2,2,asynchronous
n010_034.bnet,random_mc,12,2,0,0,0,2,2,2,asynchronous
n010_034.bnet,random_mc,13,2,0,0,0,2,2,2,asynchronous
n010_034.bnet,random_mc,14,2,0,0,0,2,2,2,asynchronous
n010_034.bnet,random_mc,15,2,0,0,0,2,2,2,asynchronous
n010_034.bnet,random_mc,16,2,0,0,0,2,2,2,asynchronous
n010_034.bnet,random_mc,17,2,0,0,0,2,2,2,asynchronous
n010_034.bnet,random_mc,18,2,0,0,0,2,2,2,asynchronous
n010_034.bnet,random_mc,19,2,0,0,0,2,2,2,asynchronous
n010_034.bnet,random_mc,20,2,0,0,0,2,2,2,asynchronous
n010_034.bnet,random_mc,21,2,0,0,0,2,2,2,asynchronous
n010_034.bnet,random_mc,22,2,0,0,0,2,2,2,asynchronous
n010_034.bnet,random_mc,23,2,0,0,0,2,2,2,asynchronous
n010_034.bnet,random_mc,24,2,0,0,0,2,2,2,asynchronous
n010_034.bnet,random_mc,25,2,0,0,0,2,2,2,asynchronous
n010_034.bnet,random_mc,26,2,0,0,0,2,2,2,asynchronous
n010_034.bnet,random_mc,27,2,0,0,0,2,2,2,asynchronous
n010_034.bnet,random_mc,28,2,0,0,0,2,2,2,asynchronous
n010_034.bnet,random_mc,29,2,0,0,0,2,2,2,asynchronous
n010_035.bnet,sd_mc,,12,0,20,0,32,4,4,asynchronous
n010_035.bnet,null_mc,,12,0,20,0,32,4,4,asynchronous
n010_035.bnet,ref,,12,20,0,0,32,4,4,asynchronous
n010_035.bnet,random_mc,0,12,0,20,0,32,4,4,asynchronous
n010_035.bnet,random_mc,1,12,0,20,0,32,4,4,asynchronous
n010_035.bnet,random_mc,2,12,0,20,0,32,4,4,asynchronous
n010_035.bnet,random_mc,3,12,0,20,0,32,4,4,asynchronous
n010_035.bnet,random_mc,4,12,0,20,0,32,4,4,asynchronous
n010_035.bnet,random_mc,5,12,0,20,0,32,4,4,asynchronous
n010_035.bnet,random_mc,6,12,0,20,0,32,4,4,asynchronous
n010_035.bnet,random_mc,7,12,0,20,0,32,4,4,asynchronous
n010_035.bnet,random_mc,8,12,0,20,0,32,4,4,asynchronous
n010_035.bnet,random_mc,9,12,0,20,0,32,4,4,asynchronous
n010_035.bnet,random_mc,10,12,0,20,0,32,4,4,asynchronous
n010_035.bnet,random_mc,11,12,0,20,0,32,4,4,asynchronous
n010_035.bnet,random_mc,12,12,0,20,0,32,4,4,asynchronous
n010_035.bnet,random_mc,13,12,0,20,0,32,4,4,asynchronous
n010_035.bnet,random_mc,14,12,0,20,0,32,4,4,asynchronous
n010_035.bnet,random_mc,15,12,0,20,0,32,4,4,asynchronous
n010_035.bnet,random_mc,16,12,0,20,0,32,4,4,asynchronous
n010_035.bnet,random_mc,17,12,0,20,0,32,4,4,asynchronous
n010_035.bnet,random_mc,18,12,0,20,0,32,4,4,asynchronous
n010_035.bnet,random_mc,19,12,0,20,0,32,4,4,asynchronous
n010_035.bnet,random_mc,20,12,0,20,0,32,4,4,asynchronous
n010_035.bnet,random_mc,21,12,0,20,0,32,4,4,asynchronous
n010_035.bnet,random_mc,22,12,0,20,0,32,4,4,asynchronous
n010_035.bnet,random_mc,23,12,0,20,0,32,4,4,asynchronous
n010_035.bnet,random_mc,24,12,0,20,0,32,4,4,asynchronous
n010_035.bnet,random_mc,25,12,0,20,0,32,4,4,asynchronous
n010_035.bnet,random_mc,26,12,0,20,0,32,4,4,asynchronous
n010_035.bnet,random_mc,27,12,0,20,0,32,4,4,asynchronous
n010_035.bnet,random_mc,28,12,0,20,0,32,4,4,asynchronous
n010_035.bnet,random_mc,29,12,0,20,0,32,4,4,asynchronous
n010_036.bnet,sd_mc,,10,0,54,0,64,4,4,asynchronous
n010_036.bnet,null_mc,,10,0,54,0,64,4,4,asynchronous
n010_036.bnet,ref,,10,54,0,0,64,4,4,asynchronous
n010_036.bnet,random_mc,0,10,0,54,0,64,4,4,asynchronous
n010_036.bnet,random_mc,1,10,0,54,0,64,4,4,asynchronous
n010_036.bnet,random_mc,2,10,0,54,0,64,4,4,asynchronous
n010_036.bnet,random_mc,3,10,0,54,0,64,4,4,asynchronous
n010_036.bnet,random_mc,4,10,0,54,0,64,4,4,asynchronous
n010_036.bnet,random_mc,5,10,0,54,0,64,4,4,asynchronous
n010_036.bnet,random_mc,6,10,0,54,0,64,4,4,asynchronous
n010_036.bnet,random_mc,7,10,0,54,0,64,4,4,asynchronous
n010_036.bnet,random_mc,8,10,0,54,0,64,4,4,asynchronous
n010_036.bnet,random_mc,9,10,0,54,0,64,4,4,asynchronous
n010_036.bnet,random_mc,10,10,0,54,0,64,4,4,asynchronous
n010_036.bnet,random_mc,11,10,0,54,0,64,4,4,asynchronous
n010_036.bnet,random_mc,12,10,0,54,0,64,4,4,asynchronous
n010_036.bnet,random_mc,13,10,0,54,0,64,4,4,asynchronous
n010_036.bnet,random_mc,14,10,0,54,0,64,4,4,asynchronous
n010_036.bnet,random_mc,15,10,0,54,0,64,4,4,asynchronous
n010_036.bnet,random_mc,16,10,0,54,0,64,4,4,asynchronous
n010_036.bnet,random_mc,17,10,0,54,0,64,4,4,asynchronous
n010_036.bnet,random_mc,18,10,0,54,0,64,4,4,asynchronous
n010_036.bnet,random_mc,19,10,0,54,0,64,4,4,asynchronous
n010_036.bnet,random_mc,20,10,0,54,0,64,4,4,asynchronous
n010_036.bnet,random_mc,21,10,0,54,0,64,4,4,asynchronous
n010_036.bnet,random_mc,22,10,0,54,0,64,4,4,asynchronous
n010_036.bnet,random_mc,23,10,0,54,0,64,4,4,asynchronous
n010_036.bnet,random_mc,24,10,0,54,0,64,4,4,asynchronous
n010_036.bnet,random_mc,25,10,0,54,0,64,4,4,asynchronous
n010_036.bnet,random_mc,26,10,0,54,0,64,4,4,asynchronous
n010_036.bnet,random_mc,27,10,0,54,0,64,4,4,asynchronous
n010_036.bnet,random_mc,28,10,0,54,0,64,4,4,asynchronous
n010_036.bnet,random_mc,29,10,0,54,0,64,4,4,asynchronous
n010_037.bnet,sd_mc,,2,0,0,0,2,1,1,asynchronous
n010_037.bnet,null_mc,,2,0,0,0,2,1,1,asynchronous
n010_037.bnet,ref,,2,0,0,0,2,1,1,asynchronous
n010_037.bnet,random_mc,0,2,0,0,0,2,1,1,asynchronous
n010_037.bnet,random_mc,1,2,0,0,0,2,1,1,asynchronous
n010_037.bnet,random_mc,2,2,0,0,0,2,1,1,asynchronous
n010_037.bnet,random_mc,3,2,0,0,0,2,1,1,asynchronous
n010_037.bnet,random_mc,4,2,0,0,0,2,1,1,asynchronous
n010_037.bnet,random_mc,5,2,0,0,0,2,1,1,asynchronous
n010_037.bnet,random_mc,6,2,0,0,0,2,1,1,asynchronous
n010_037.bnet,random_mc,7,2,0,0,0,2,1,1,asynchronous
n010_037.bnet,random_mc,8,2,0,0,0,2,1,1,asynchronous
n010_037.bnet,random_mc,9,2,0,0,0,2,1,1,asynchronous
n010_037.bnet,random_mc,10,2,0,0,0,2,1,1,asynchronous
n010_037.bnet,random_mc,11,2,0,0,0,2,1,1,asynchronous
n010_037.bnet,random_mc,12,2,0,0,0,2,1,1,asynchronous
n010_037.bnet,random_mc,13,2,0,0,0,2,1,1,asynchronous
n010_037.bnet,random_mc,14,2,0,0,0,2,1,1,asynchronous
n010_037.bnet,random_mc,15,2,0,0,0,2,1,1,asynchronous
n010_037.bnet,random_mc,16,2,0,0,0,2,1,1,asynchronous
n010_037.bnet,random_mc,17,2,0,0,0,2,1,1,asynchronous
n010_037.bnet,random_mc,18,2,0,0,0,2,1,1,asynchronous
n010_037.bnet,random_mc,19,2,0,0,0,2,1,1,asynchronous
n010_037.bnet,random_mc,20,2,0,0,0,2,1,1,asynchronous
n010_037.bnet,random_mc,21,2,0,0,0,2,1,1,asynchronous
n010_037.bnet,random_mc,22,2,0,0,0,2,1,1,asynchronous
n010_037.bnet,random_mc,23,2,0,0,0,2,1,1,asynchronous
n010_037.bnet,random_mc,24,2,0,0,0,2,1,1,asynchronous
n010_037.bnet,random_mc,25,2,0,0,0,2,1,1,asynchronous
n010_037.bnet,random_mc,26,2,0,0,0,2,1,1,asynchronous
n010_037.bnet,random_mc,27,2,0,0,0,2,1,1,asynchronous
n010_037.bnet,random_mc,28,2,0,0,0,2,1,1,asynchronous
n010_037.bnet,random_mc,29,2,0,0,0,2,1,1,asynchronous
n010_039.bnet,sd_mc,,1,0,255,0,256,1,1,asynchronous
n010_039.bnet,null_mc,,1,0,255,0,256,1,1,asynchronous
n010_039.bnet,ref,,1,255,0,0,256,1,1,asynchronous
n010_039.bnet,random_mc,0,1,0,255,0,256,1,1,asynchronous
n010_039.bnet,random_mc,1,1,0,255,0,256,1,1,asynchronous
n010_039.bnet,random_mc,2,1,0,255,0,256,1,1,asynchronous
n010_039.bnet,random_mc,3,1,0,255,0,256,1,1,asynchronous
n010_039.bnet,random_mc,4,1,0,255,0,256,1,1,asynchronous
n010_039.bnet,random_mc,5,1,0,255,0,256,1,1,asynchronous
n010_039.bnet,random_mc,6,1,0,255,0,256,1,1,asynchronous
n010_039.bnet,random_mc,7,1,0,255,0,256,1,1,asynchronous
n010_039.bnet,random_mc,8,1,0,255,0,256,1,1,asynchronous
n010_039.bnet,random_mc,9,1,0,255,0,256,1,1,asynchronous
n010_039.bnet,random_mc,10,1,0,255,0,256,1,1,asynchronous
n010_039.bnet,random_mc,11,1,0,255,0,256,1,1,asynchronous
n010_039.bnet,random_mc,12,1,0,255,0,256,1,1,asynchronous
n010_039.bnet,random_mc,13,1,0,255,0,256,1,1,asynchronous
n010_039.bnet,random_mc,14,1,0,255,0,256,1,1,asynchronous
n010_039.bnet,random_mc,15,1,0,255,0,256,1,1,asynchronous
n010_039.bnet,random_mc,16,1,0,255,0,256,1,1,asynchronous
n010_039.bnet,random_mc,17,1,0,255,0,256,1,1,asynchronous
n010_039.bnet,random_mc,18,1,0,255,0,256,1,1,asynchronous
n010_039.bnet,random_mc,19,1,0,255,0,256,1,1,asynchronous
n010_039.bnet,random_mc,20,1,0,255,0,256,1,1,asynchronous
n010_039.bnet,random_mc,21,1,0,255,0,256,1,1,asynchronous
n010_039.bnet,random_mc,22,1,0,255,0,256,1,1,asynchronous
n010_039.bnet,random_mc,23,1,0,255,0,256,1,1,asynchronous
n010_039.bnet,random_mc,24,1,0,255,0,256,1,1,asynchronous
n010_039.bnet,random_mc,25,1,0,255,0,256,1,1,asynchronous
n010_039.bnet,random_mc,26,1,0,255,0,256,1,1,asynchronous
n010_039.bnet,random_mc,27,1,0,255,0,256,1,1,asynchronous
n010_039.bnet,random_mc,28,1,0,255,0,256,1,1,asynchronous
n010_039.bnet,random_mc,29,1,0,255,0,256,1,1,asynchronous
n010_040.bnet,sd_mc,,4,0,0,0,4,4,4,asynchronous
n010_040.bnet,null_mc,,4,0,0,0,4,4,4,asynchronous
n010_040.bnet,ref,,4,0,0,0,4,4,4,asynchronous
n010_040.bnet,random_mc,0,4,0,0,0,4,4,4,asynchronous
n010_040.bnet,random_mc,1,4,0,0,0,4,4,4,asynchronous
n010_040.bnet,random_mc,2,4,0,0,0,4,4,4,asynchronous
n010_040.bnet,random_mc,3,4,0,0,0,4,4,4,asynchronous
n010_040.bnet,random_mc,4,4,0,0,0,4,4,4,asynchronous
n010_040.bnet,random_mc,5,4,0,0,0,4,4,4,asynchronous
n010_040.bnet,random_mc,6,4,0,0,0,4,4,4,asynchronous
n010_040.bnet,random_mc,7,4,0,0,0,4,4,4,asynchronous
n010_040.bnet,random_mc,8,4,0,0,0,4,4,4,asynchronous
n010_040.bnet,random_mc,9,4,0,0,0,4,4,4,asynchronous
n010_040.bnet,random_mc,10,4,0,0,0,4,4,4,asynchronous
n010_040.bnet,random_mc,11,4,0,0,0,4,4,4,asynchronous
n010_040.bnet,random_mc,12,4,0,0,0,4,4,4,asynchronous
n010_040.bnet,random_mc,13,4,0,0,0,4,4,4,asynchronous
n010_040.bnet,random_mc,14,4,0,0,0,4,4,4,asynchronous
n010_040.bnet,random_mc,15,4,0,0,0,4,4,4,asynchronous
n010_040.bnet,random_mc,16,4,0,0,0,4,4,4,asynchronous
n010_040.bnet,random_mc,17,4,0,0,0,4,4,4,asynchronous
n010_040.bnet,random_mc,18,4,0,0,0,4,4,4,asynchronous
n010_040.bnet,random_mc,19,4,0,0,0,4,4,4,asynchronous
n010_040.bnet,random_mc,20,4,0,0,0,4,4,4,asynchronous
n010_040.bnet,random_mc,21,4,0,0,0,4,4,4,asynchronous
n010_040.bnet,random_mc,22,4,0,0,0,4,4,4,asynchronous
n010_040.bnet,random_mc,23,4,0,0,0,4,4,4,asynchronous
n010_040.bnet,random_mc,24,4,0,0,0,4,4,4,asynchronous
n010_040.bnet,random_mc,25,4,0,0,0,4,4,4,asynchronous
n010_040.bnet,random_mc,26,4,0,0,0,4,4,4,asynchronous
n010_040.bnet,random_mc,27,4,0,0,0,4,4,4,asynchronous
n010_040.bnet,random_mc,28,4,0,0,0,4,4,4,asynchronous
n010_040.bnet,random_mc,29,4,0,0,0,4,4,4,asynchronous
n010_041.bnet,sd_mc,,1,0,1023,0,1024,1,1,asynchronous
n010_041.bnet,null_mc,,1,0,1023,0,1024,1,1,asynchronous
n010_041.bnet,ref,,1,1023,0,0,1024,1,1,asynchronous
n010_041.bnet,random_mc,0,1,0,1023,0,1024,1,1,asynchronous
n010_041.bnet,random_mc,1,1,0,1023,0,1024,1,1,asynchronous
n010_041.bnet,random_mc,2,1,0,1023,0,1024,1,1,asynchronous
n010_041.bnet,random_mc,3,1,0,1023,0,1024,1,1,asynchronous
n010_041.bnet,random_mc,4,1,0,1023,0,1024,1,1,asynchronous
n010_041.bnet,random_mc,5,1,0,1023,0,1024,1,1,asynchronous
n010_041.bnet,random_mc,6,1,0,1023,0,1024,1,1,asynchronous
n010_041.bnet,random_mc,7,1,0,1023,0,1024,1,1,asynchronous
n010_041.bnet,random_mc,8,1,0,1023,0,1024,1,1,asynchronous
n010_041.bnet,random_mc,9,1,0,1023,0,1024,1,1,asynchronous
n010_041.bnet,random_mc,10,1,0,1023,0,1024,1,1,asynchronous
n010_041.bnet,random_mc,11,1,0,1023,0,1024,1,1,asynchronous
n010_041.bnet,random_mc,12,1,0,1023,0,1024,1,1,asynchronous
n010_041.bnet,random_mc,13,1,0,1023,0,1024,1,1,asynchronous
n010_041.bnet,random_mc,14,1,0,1023,0,1024,1,1,asynchronous
n010_041.bnet,random_mc,15,1,0,1023,0,1024,1,1,asynchronous
n010_041.bnet,random_mc,16,1,0,1023,0,1024,1,1,asynchronous
n010_041.bnet,random_mc,17,1,0,1023,0,1024,1,1,asynchronous
n010_041.bnet,random_mc,18,1,0,1023,0,1024,1,1,asynchronous
n010_041.bnet,random_mc,19,1,0,1023,0,1024,1,1,asynchronous
n010_041.bnet,random_mc,20,1,0,1023,0,1024,1,1,asynchronous
n010_041.bnet,random_mc,21,1,0,1023,0,1024,1,1,asynchronous
n010_041.bnet,random_mc,22,1,0,1023,0,1024,1,1,asynchronous
n010_041.bnet,random_mc,23,1,0,1023,0,1024,1,1,asynchronous
n010_041.bnet,random_mc,24,1,0,1023,0,1024,1,1,asynchronous
n010_041.bnet,random_mc,25,1,0,1023,0,1024,1,1,asynchronous
n010_041.bnet,random_mc,26,1,0,1023,0,1024,1,1,asynchronous
n010_041.bnet,random_mc,27,1,0,1023,0,1024,1,1,asynchronous
n010_041.bnet,random_mc,28,1,0,1023,0,1024,1,1,asynchronous
n010_041.bnet,random_mc,29,1,0,1023,0,1024,1,1,asynchronous
n010_042.bnet,sd_mc,,1,0,63,0,64,1,1,asynchronous
n010_042.bnet,null_mc,,1,0,63,0,64,1,1,asynchronous
n010_042.bnet,ref,,1,63,0,0,64,1,1,asynchronous
n010_042.bnet,random_mc,0,1,0,63,0,64,1,1,asynchronous
n010_042.bnet,random_mc,1,1,0,63,0,64,1,1,asynchronous
n010_042.bnet,random_mc,2,1,0,63,0,64,1,1,asynchronous
n010_042.bnet,random_mc,3,1,0,63,0,64,1,1,asynchronous
n010_042.bnet,random_mc,4,1,0,63,0,64,1,1,asynchronous
n010_042.bnet,random_mc,5,1,0,63,0,64,1,1,asynchronous
n010_042.bnet,random_mc,6,1,0,63,0,64,1,1,asynchronous
n010_042.bnet,random_mc,7,1,0,63,0,64,1,1,asynchronous
n010_042.bnet,random_mc,8,1,0,63,0,64,1,1,asynchronous
n010_042.bnet,random_mc,9,1,0,63,0,64,1,1,asynchronous
n010_042.bnet,random_mc,10,1,0,63,0,64,1,1,asynchronous
n010_042.bnet,random_mc,11,1,0,63,0,64,1,1,asynchronous
n010_042.bnet,random_mc,12,1,0,63,0,64,1,1,asynchronous
n010_042.bnet,random_mc,13,1,0,63,0,64,1,1,asynchronous
n010_042.bnet,random_mc,14,1,0,63,0,64,1,1,asynchronous
n010_042.bnet,random_mc,15,1,0,63,0,64,1,1,asynchronous
n010_042.bnet,random_mc,16,1,0,63,0,64,1,1,asynchronous
n010_042.bnet,random_mc,17,1,0,63,0,64,1,1,asynchronous
n010_042.bnet,random_mc,18,1,0,63,0,64,1,1,asynchronous
n010_042.bnet,random_mc,19,1,0,63,0,64,1,1,asynchronous
n010_042.bnet,random_mc,20,1,0,63,0,64,1,1,asynchronous
n010_042.bnet,random_mc,21,1,0,63,0,64,1,1,asynchronous
n010_042.bnet,random_mc,22,1,0,63,0,64,1,1,asynchronous
n010_042.bnet,random_mc,23,1,0,63,0,64,1,1,asynchronous
n010_042.bnet,random_mc,24,1,0,63,0,64,1,1,asynchronous
n010_042.bnet,random_mc,25,1,0,63,0,64,1,1,asynchronous
n010_042.bnet,random_mc,26,1,0,63,0,64,1,1,asynchronous
n010_042.bnet,random_mc,27,1,0,63,0,64,1,1,asynchronous
n010_042.bnet,random_mc,28,1,0,63,0,64,1,1,asynchronous
n010_042.bnet,random_mc,29,1,0,63,0,64,1,1,asynchronous
n010_043.bnet,sd_mc,,52,13,191,0,256,2,2,asynchronous
n010_043.bnet,null_mc,,52,13,191,0,256,2,2,asynchronous
n010_043.bnet,ref,,52,204,0,0,256,2,2,asynchronous
n010_043.bnet,random_mc,0,52,13,191,0,256,2,2,asynchronous
n010_043.bnet,random_mc,1,52,13,191,0,256,2,2,asynchronous
n010_043.bnet,random_mc,2,52,13,191,0,256,2,2,asynchronous
n010_043.bnet,random_mc,3,52,13,191,0,256,2,2,asynchronous
n010_043.bnet,random_mc,4,52,13,191,0,256,2,2,asynchronous
n010_043.bnet,random_mc,5,52,13,191,0,256,2,2,asynchronous
n010_043.bnet,random_mc,6,52,13,191,0,256,2,2,asynchronous
n010_043.bnet,random_mc,7,52,13,191,0,256,2,2,asynchronous
n010_043.bnet,random_mc,8,52,13,191,0,256,2,2,asynchronous
n010_043.bnet,random_mc,9,52,13,191,0,256,2,2,asynchronous
n010_043.bnet,random_mc,10,52,13,191,0,256,2,2,asynchronous
n010_043.bnet,random_mc,11,52,13,191,0,256,2,2,asynchronous
n010_043.bnet,random_mc,12,52,13,191,0,256,2,2,asynchronous
n010_043.bnet,random_mc,13,52,13,191,0,256,2,2,asynchronous
n010_043.bnet,random_mc,14,52,13,191,0,256,2,2,asynchronous
n010_043.bnet,random_mc,15,52,13,191,0,256,2,2,asynchronous
n010_043.bnet,random_mc,16,52,13,191,0,256,2,2,asynchronous
n010_043.bnet,random_mc,17,52,13,191,0,256,2,2,asynchronous
n010_043.bnet,random_mc,18,52,13,191,0,256,2,2,asynchronous
n010_043.bnet,random_mc,19,52,13,191,0,256,2,2,asynchronous
n010_043.bnet,random_mc,20,52,13,191,0,256,2,2,asynchronous
n010_043.bnet,random_mc,21,52,13,191,0,256,2,2,asynchronous
n010_043.bnet,random_mc,22,52,13,191,0,256,2,2,asynchronous
n010_043.bnet,random_mc,23,52,13,191,0,256,2,2,asynchronous
n010_043.bnet,random_mc,24,52,13,191,0,256,2,2,asynchronous
n010_043.bnet,random_mc,25,52,13,191,0,256,2,2,asynchronous
n010_043.bnet,random_mc,26,52,13,191,0,256,2,2,asynchronous
n010_043.bnet,random_mc,27,52,13,191,0,256,2,2,asynchronous
n010_043.bnet,random_mc,28,52,13,191,0,256,2,2,asynchronous
n010_043.bnet,random_mc,29,52,13,191,0,256,2,2,asynchronous
n010_044.bnet,sd_mc,,7,1,1016,0,1024,1,1,asynchronous
n010_044.bnet,null_mc,,7,1,1016,0,1024,1,1,asynchronous
n010_044.bnet,ref,,7,1017,0,0,1024,1,1,asynchronous
n010_044.bnet,random_mc,0,7,1,1016,0,1024,1,1,asynchronous
n010_044.bnet,random_mc,1,7,1,1016,0,1024,1,1,asynchronous
n010_044.bnet,random_mc,2,7,1,1016,0,1024,1,1,asynchronous
n010_044.bnet,random_mc,3,7,1,1016,0,1024,1,1,asynchronous
n010_044.bnet,random_mc,4,7,1,1016,0,1024,1,1,asynchronous
n010_044.bnet,random_mc,5,7,1,1016,0,1024,1,1,asynchronous
n010_044.bnet,random_mc,6,7,1,1016,0,1024,1,1,asynchronous
n010_044.bnet,random_mc,7,7,1,1016,0,1024,1,1,asynchronous
n010_044.bnet,random_mc,8,7,1,1016,0,1024,1,1,asynchronous
n010_044.bnet,random_mc,9,7,1,1016,0,1024,1,1,asynchronous
n010_044.bnet,random_mc,10,7,1,1016,0,1024,1,1,asynchronous
n010_044.bnet,random_mc,11,7,1,1016,0,1024,1,1,asynchronous
n010_044.bnet,random_mc,12,7,1,1016,0,1024,1,1,asynchronous
n010_044.bnet,random_mc,13,7,1,1016,0,1024,1,1,asynchronous
n010_044.bnet,random_mc,14,7,1,1016,0,1024,1,1,asynchronous
n010_044.bnet,random_mc,15,7,1,1016,0,1024,1,1,asynchronous
n010_044.bnet,random_mc,16,7,1,1016,0,1024,1,1,asynchronous
n010_044.bnet,random_mc,17,7,1,1016,0,1024,1,1,asynchronous
n010_044.bnet,random_mc,18,7,1,1016,0,1024,1,1,asynchronous
n010_044.bnet,random_mc,19,7,1,1016,0,1024,1,1,asynchronous
n010_044.bnet,random_mc,20,7,1,1016,0,1024,1,1,asynchronous
n010_044.bnet,random_mc,21,7,1,1016,0,1024,1,1,asynchronous
n010_044.bnet,random_mc,22,7,1,1016,0,1024,1,1,asynchronous
n010_044.bnet,random_mc,23,7,1,1016,0,1024,1,1,asynchronous
n010_044.bnet,random_mc,24,7,1,1016,0,1024,1,1,asynchronous
n010_044.bnet,random_mc,25,7,1,1016,0,1024,1,1,asynchronous
n010_044.bnet,random_mc,26,7,1,1016,0,1024,1,1,asynchronous
n010_044.bnet,random_mc,27,7,1,1016,0,1024,1,1,asynchronous
n010_044.bnet,random_mc,28,7,1,1016,0,1024,1,1,asynchronous
n010_044.bnet,random_mc,29,7,1,1016,0,1024,1,1,asynchronous
n010_045.bnet,sd_mc,,64,0,0,0,64,1,1,asynchronous
n010_045.bnet,null_mc,,64,0,0,0,64,1,1,asynchronous
n010_045.bnet,ref,,64,0,0,0,64,1,1,asynchronous
n010_045.bnet,random_mc,0,64,0,0,0,64,1,1,asynchronous
n010_045.bnet,random_mc,1,64,0,0,0,64,1,1,asynchronous
n010_045.bnet,random_mc,2,64,0,0,0,64,1,1,asynchronous
n010_045.bnet,random_mc,3,64,0,0,0,64,1,1,asynchronous
n010_045.bnet,random_mc,4,64,0,0,0,64,1,1,asynchronous
n010_045.bnet,random_mc,5,64,0,0,0,64,1,1,asynchronous
n010_045.bnet,random_mc,6,64,0,0,0,64,1,1,asynchronous
n010_045.bnet,random_mc,7,64,0,0,0,64,1,1,asynchronous
n010_045.bnet,random_mc,8,64,0,0,0,64,1,1,asynchronous
n010_045.bnet,random_mc,9,64,0,0,0,64,1,1,asynchronous
n010_045.bnet,random_mc,10,64,0,0,0,64,1,1,asynchronous
n010_045.bnet,random_mc,11,64,0,0,0,64,1,1,asynchronous
n010_045.bnet,random_mc,12,64,0,0,0,64,1,1,asynchronous
n010_045.bnet,random_mc,13,64,0,0,0,64,1,1,asynchronous
n010_045.bnet,random_mc,14,64,0,0,0,64,1,1,asynchronous
n010_045.bnet,random_mc,15,64,0,0,0,64,1,1,asynchronous
n010_045.bnet,random_mc,16,64,0,0,0,64,1,1,asynchronous
n010_045.bnet,random_mc,17,64,0,0,0,64,1,1,asynchronous
n010_045.bnet,random_mc,18,64,0,0,0,64,1,1,asynchronous
n010_045.bnet,random_mc,19,64,0,0,0,64,1,1,asynchronous
n010_045.bnet,random_mc,20,64,0,0,0,64,1,1,asynchronous
n010_045.bnet,random_mc,21,64,0,0,0,64,1,1,asynchronous
n010_045.bnet,random_mc,22,64,0,0,0,64,1,1,asynchronous
n010_045.bnet,random_mc,23,64,0,0,0,64,1,1,asynchronous
n010_045.bnet,random_mc,24,64,0,0,0,64,1,1,asynchronous
n010_045.bnet,random_mc,25,64,0,0,0,64,1,1,asynchronous
n010_045.bnet,random_mc,26,64,0,0,0,64,1,1,asynchronous
n010_045.bnet,random_mc,27,64,0,0,0,64,1,1,asynchronous
n010_045.bnet,random_mc,28,64,0,0,0,64,1,1,asynchronous
n010_045.bnet,random_mc,29,64,0,0,0,64,1,1,asynchronous
n010_047.bnet,sd_mc,,1,0,511,0,512,1,1,asynchronous
n010_047.bnet,null_mc,,1,0,511,0,512,1,1,asynchronous
n010_047.bnet,ref,,1,511,0,0,512,1,1,asynchronous
n010_047.bnet,random_mc,0,1,0,511,0,512,1,1,asynchronous
n010_047.bnet,random_mc,1,1,0,511,0,512,1,1,asynchronous
n010_047.bnet,random_mc,2,1,0,511,0,512,1,1,asynchronous
n010_047.bnet,random_mc,3,1,0,511,0,512,1,1,asynchronous
n010_047.bnet,random_mc,4,1,0,511,0,512,1,1,asynchronous
n010_047.bnet,random_mc,5,1,0,511,0,512,1,1,asynchronous
n010_047.bnet,random_mc,6,1,0,511,0,512,1,1,asynchronous
n010_047.bnet,random_mc,7,1,0,511,0,512,1,1,asynchronous
n010_047.bnet,random_mc,8,1,0,511,0,512,1,1,asynchronous
n010_047.bnet,random_mc,9,1,0,511,0,512,1,1,asynchronous
n010_047.bnet,random_mc,10,1,0,511,0,512,1,1,asynchronous
n010_047.bnet,random_mc,11,1,0,511,0,512,1,1,asynchronous
n010_047.bnet,random_mc,12,1,0,511,0,512,1,1,asynchronous
n010_047.bnet,random_mc,13,1,0,511,0,512,1,1,asynchronous
n010_047.bnet,random_mc,14,1,0,511,0,512,1,1,asynchronous
n010_047.bnet,random_mc,15,1,0,511,0,512,1,1,asynchronous
n010_047.bnet,random_mc,16,1,0,511,0,512,1,1,asynchronous
n010_047.bnet,random_mc,17,1,0,511,0,512,1,1,asynchronous
n010_047.bnet,random_mc,18,1,0,511,0,512,1,1,asynchronous
n010_047.bnet,random_mc,19,1,0,511,0,512,1,1,asynchronous
n010_047.bnet,random_mc,20,1,0,511,0,512,1,1,asynchronous
n010_047.bnet,random_mc,21,1,0,511,0,512,1,1,asynchronous
n010_047.bnet,random_mc,22,1,0,511,0,512,1,1,asynchronous
n010_047.bnet,random_mc,23,1,0,511,0,512,1,1,asynchronous
n010_047.bnet,random_mc,24,1,0,511,0,512,1,1,asynchronous
n010_047.bnet,random_mc,25,1,0,511,0,512,1,1,asynchronous
n010_047.bnet,random_mc,26,1,0,511,0,512,1,1,asynchronous
n010_047.bnet,random_mc,27,1,0,511,0,512,1,1,asynchronous
n010_047.bnet,random_mc,28,1,0,511,0,512,1,1,asynchronous
n010_047.bnet,random_mc,29,1,0,511,0,512,1,1,asynchronous
n010_048.bnet,sd_mc,,2,0,510,0,512,2,2,asynchronous
n010_048.bnet,null_mc,,2,0,510,0,512,2,2,asynchronous
n010_048.bnet,ref,,2,510,0,0,512,2,2,asynchronous
n010_048.bnet,random_mc,0,2,0,510,0,512,2,2,asynchronous
n010_048.bnet,random_mc,1,2,0,510,0,512,2,2,asynchronous
n010_048.bnet,random_mc,2,2,0,510,0,512,2,2,asynchronous
n010_048.bnet,random_mc,3,2,0,510,0,512,2,2,asynchronous
n010_048.bnet,random_mc,4,2,0,510,0,512,2,2,asynchronous
n010_048.bnet,random_mc,5,2,0,510,0,512,2,2,asynchronous
n010_048.bnet,random_mc,6,2,0,510,0,512,2,2,asynchronous
n010_048.bnet,random_mc,7,2,0,510,0,512,2,2,asynchronous
n010_048.bnet,random_mc,8,2,0,510,0,512,2,2,asynchronous
n010_048.bnet,random_mc,9,2,0,510,0,512,2,2,asynchronous
n010_048.bnet,random_mc,10,2,0,510,0,512,2,2,asynchronous
n010_048.bnet,random_mc,11,2,0,510,0,512,2,2,asynchronous
n010_048.bnet,random_mc,12,2,0,510,0,512,2,2,asynchronous
n010_048.bnet,random_mc,13,2,0,510,0,512,2,2,asynchronous
n010_048.bnet,random_mc,14,2,0,510,0,512,2,2,asynchronous
n010_048.bnet,random_mc,15,2,0,510,0,512,2,2,asynchronous
n010_048.bnet,random_mc,16,2,0,510,0,512,2,2,asynchronous
n010_048.bnet,random_mc,17,2,0,510,0,512,2,2,asynchronous
n010_048.bnet,random_mc,18,2,0,510,0,512,2,2,asynchronous
n010_048.bnet,random_mc,19,2,0,510,0,512,2,2,asynchronous
n010_048.bnet,random_mc,20,2,0,510,0,512,2,2,asynchronous
n010_048.bnet,random_mc,21,2,0,510,0,512,2,2,asynchronous
n010_048.bnet,random_mc,22,2,0,510,0,512,2,2,asynchronous
n010_048.bnet,random_mc,23,2,0,510,0,512,2,2,asynchronous
n010_048.bnet,random_mc,24,2,0,510,0,512,2,2,asynchronous
n010_048.bnet,random_mc,25,2,0,510,0,512,2,2,asynchronous
n010_048.bnet,random_mc,26,2,0,510,0,512,2,2,asynchronous
n010_048.bnet,random_mc,27,2,0,510,0,512,2,2,asynchronous
n010_048.bnet,random_mc,28,2,0,510,0,512,2,2,asynchronous
n010_048.bnet,random_mc,29,2,0,510,0,512,2,2,asynchronous
n010_049.bnet,sd_mc,,4,0,508,0,512,4,4,asynchronous
n010_049.bnet,null_mc,,4,0,508,0,512,4,4,asynchronous
n010_049.bnet,ref,,4,508,0,0,512,4,4,asynchronous
n010_049.bnet,random_mc,0,4,0,508,0,512,4,4,asynchronous
n010_049.bnet,random_mc,1,4,0,508,0,512,4,4,asynchronous
n010_049.bnet,random_mc,2,4,0,508,0,512,4,4,asynchronous
n010_049.bnet,random_mc,3,4,0,508,0,512,4,4,asynchronous
n010_049.bnet,random_mc,4,4,0,508,0,512,4,4,asynchronous
n010_049.bnet,random_mc,5,4,0,508,0,512,4,4,asynchronous
n010_049.bnet,random_mc,6,4,0,508,0,512,4,4,asynchronous
n010_049.bnet,random_mc,7,4,0,508,0,512,4,4,asynchronous
n010_049.bnet,random_mc,8,4,0,508,0,512,4,4,asynchronous
n010_049.bnet,random_mc,9,4,0,508,0,512,4,4,asynchronous
n010_049.bnet,random_mc,10,4,0,508,0,512,4,4,asynchronous
n010_049.bnet,random_mc,11,4,0,508,0,512,4,4,asynchronous
n010_049.bnet,random_mc,12,4,0,508,0,512,4,4,asynchronous
n010_049.bnet,random_mc,13,4,0,508,0,512,4,4,asynchronous
n010_049.bnet,random_mc,14,4,0,508,0,512,4,4,asynchronous
n010_049.bnet,random_mc,15,4,0,508,0,512,4,4,asynchronous
n010_049.bnet,random_mc,16,4,0,508,0,512,4,4,asynchronous
n010_049.bnet,random_mc,17,4,0,508,0,512,4,4,asynchronous
n010_049.bnet,random_mc,18,4,0,508,0,512,4,4,asynchronous
n010_049.bnet,random_mc,19,4,0,508,0,512,4,4,asynchronous
n010_049.bnet,random_mc,20,4,0,508,0,512,4,4,asynchronous
n010_049.bnet,random_mc,21,4,0,508,0,512,4,4,asynchronous
n010_049.bnet,random_mc,22,4,0,508,0,512,4,4,asynchronous
n010_049.bnet,random_mc,23,4,0,508,0,512,4,4,asynchronous
n010_049.bnet,random_mc,24,4,0,508,0,512,4,4,asynchronous
n010_049.bnet,random_mc,25,4,0,508,0,512,4,4,asynchronous
n010_049.bnet,random_mc,26,4,0,508,0,512,4,4,asynchronous
n010_049.bnet,random_mc,27,4,0,508,0,512,4,4,asynchronous
n010_049.bnet,random_mc,28,4,0,508,0,512,4,4,asynchronous
n010_049.bnet,random_mc,29,4,0,508,0,512,4,4,asynchronous
n010_050.bnet,sd_mc,,2,0,6,0,8,1,1,asynchronous
n010_050.bnet,null_mc,,2,0,6,0,8,1,1,asynchronous
n010_050.bnet,ref,,2,6,0,0,8,1,1,asynchronous
n010_050.bnet,random_mc,0,2,0,6,0,8,1,1,asynchronous
n010_050.bnet,random_mc,1,2,0,6,0,8,1,1,asynchronous
n010_050.bnet,random_mc,2,2,0,6,0,8,1,1,asynchronous
n010_050.bnet,random_mc,3,2,0,6,0,8,1,1,asynchronous
n010_050.bnet,random_mc,4,2,0,6,0,8,1,1,asynchronous
n010_050.bnet,random_mc,5,2,0,6,0,8,1,1,asynchronous
n010_050.bnet,random_mc,6,2,0,6,0,8,1,1,asynchronous
n010_050.bnet,random_mc,7,2,0,6,0,8,1,1,asynchronous
n010_050.bnet,random_mc,8,2,0,6,0,8,1,1,asynchronous
n010_050.bnet,random_mc,9,2,0,6,0,8,1,1,asynchronous
n010_050.bnet,random_mc,10,2,0,6,0,8,1,1,asynchronous
n010_050.bnet,random_mc,11,2,0,6,0,8,1,1,asynchronous
n010_050.bnet,random_mc,12,2,0,6,0,8,1,1,asynchronous
n010_050.bnet,random_mc,13,2,0,6,0,8,1,1,asynchronous
n010_050.bnet,random_mc,14,2,0,6,0,8,1,1,asynchronous
n010_050.bnet,random_mc,15,2,0,6,0,8,1,1,asynchronous
n010_050.bnet,random_mc,16,2,0,6,0,8,1,1,asynchronous
n010_050.bnet,random_mc,17,2,0,6,0,8,1,1,asynchronous
n010_050.bnet,random_mc,18,2,0,6,0,8,1,1,asynchronous
n010_050.bnet,random_mc,19,2,0,6,0,8,1,1,asynchronous
n010_050.bnet,random_mc,20,2,0,6,0,8,1,1,asynchronous
n010_050.bnet,random_mc,21,2,0,6,0,8,1,1,asynchronous
n010_050.bnet,random_mc,22,2,0,6,0,8,1,1,asynchronous
n010_050.bnet,random_mc,23,2,0,6,0,8,1,1,asynchronous
n010_050.bnet,random_mc,24,2,0,6,0,8,1,1,asynchronous
n010_050.bnet,random_mc,25,2,0,6,0,8,1,1,asynchronous
n010_050.bnet,random_mc,26,2,0,6,0,8,1,1,asynchronous
n010_050.bnet,random_mc,27,2,0,6,0,8,1,1,asynchronous
n010_050.bnet,random_mc,28,2,0,6,0,8,1,1,asynchronous
n010_050.bnet,random_mc,29,2,0,6,0,8,1,1,asynchronous
n010_051.bnet,sd_mc,,13,3,1008,0,1024,6,6,asynchronous
n010_051.bnet,null_mc,,13,3,1008,0,1024,6,6,asynchronous
n010_051.bnet,ref,,13,1011,0,0,1024,6,6,asynchronous
n010_051.bnet,random_mc,0,13,3,1008,0,1024,6,6,asynchronous
n010_051.bnet,random_mc,1,13,3,1008,0,1024,6,6,asynchronous
n010_051.bnet,random_mc,2,13,3,1008,0,1024,6,6,asynchronous
n010_051.bnet,random_mc,3,13,3,1008,0,1024,6,6,asynchronous
n010_051.bnet,random_mc,4,13,3,1008,0,1024,6,6,asynchronous
n010_051.bnet,random_mc,5,13,3,1008,0,1024,6,6,asynchronous
n010_051.bnet,random_mc,6,13,3,1008,0,1024,6,6,asynchronous
n010_051.bnet,random_mc,7,13,3,1008,0,1024,6,6,asynchronous
n010_051.bnet,random_mc,8,13,3,1008,0,1024,6,6,asynchronous
n010_051.bnet,random_mc,9,13,3,1008,0,1024,6,6,asynchronous
n010_051.bnet,random_mc,10,13,3,1008,0,1024,6,6,asynchronous
n010_051.bnet,random_mc,11,13,3,1008,0,1024,6,6,asynchronous
n010_051.bnet,random_mc,12,13,3,1008,0,1024,6,6,asynchronous
n010_051.bnet,random_mc,13,13,3,1008,0,1024,6,6,asynchronous
n010_051.bnet,random_mc,14,13,3,1008,0,1024,6,6,asynchronous
n010_051.bnet,random_mc,15,13,3,1008,0,1024,6,6,asynchronous
n010_051.bnet,random_mc,16,13,3,1008,0,1024,6,6,asynchronous
n010_051.bnet,random_mc,17,13,3,1008,0,1024,6,6,asynchronous
n010_051.bnet,random_mc,18,13,3,1008,0,1024,6,6,asynchronous
n010_051.bnet,random_mc,19,13,3,1008,0,1024,6,6,asynchronous
n010_051.bnet,random_mc,20,13,3,1008,0,1024,6,6,asynchronous
n010_051.bnet,random_mc,21,13,3,1008,0,1024,6,6,asynchronous
n010_051.bnet,random_mc,22,13,3,1008,0,1024,6,6,asynchronous
n010_051.bnet,random_mc,23,13,3,1008,0,1024,6,6,asynchronous
n010_051.bnet,random_mc,24,13,3,1008,0,1024,6,6,asynchronous
n010_051.bnet,random_mc,25,13,3,1008,0,1024,6,6,asynchronous
n010_051.bnet,random_mc,26,13,3,1008,0,1024,6,6,asynchronous
n010_051.bnet,random_mc,27,13,3,1008,0,1024,6,6,asynchronous
n010_051.bnet,random_mc,28,13,3,1008,0,1024,6,6,asynchronous
n010_051.bnet,random_mc,29,13,3,1008,0,1024,6,6,asynchronous
n010_052.bnet,sd_mc,,2,0,0,0,2,2,2,asynchronous
n010_052.bnet,null_mc,,2,0,0,0,2,2,2,asynchronous
n010_052.bnet,ref,,2,0,0,0,2,2,2,asynchronous
n010_052.bnet,random_mc,0,2,0,0,0,2,2,2,asynchronous
n010_052.bnet,random_mc,1,2,0,0,0,2,2,2,asynchronous
n010_052.bnet,random_mc,2,2,0,0,0,2,2,2,asynchronous
n010_052.bnet,random_mc,3,2,0,0,0,2,2,2,asynchronous
n010_052.bnet,random_mc,4,2,0,0,0,2,2,2,asynchronous
n010_052.bnet,random_mc,5,2,0,0,0,2,2,2,asynchronous
n010_052.bnet,random_mc,6,2,0,0,0,2,2,2,asynchronous
n010_052.bnet,random_mc,7,2,0,0,0,2,2,2,asynchronous
n010_052.bnet,random_mc,8,2,0,0,0,2,2,2,asynchronous
n010_052.bnet,random_mc,9,2,0,0,0,2,2,2,asynchronous
n010_052.bnet,random_mc,10,2,0,0,0,2,2,2,asynchronous
n010_052.bnet,random_mc,11,2,0,0,0,2,2,2,asynchronous
n010_052.bnet,random_mc,12,2,0,0,0,2,2,2,asynchronous
n010_052.bnet,random_mc,13,2,0,0,0,2,2,2,asynchronous
n010_052.bnet,random_mc,14,2,0,0,0,2,2,2,asynchronous
n010_052.bnet,random_mc,15,2,0,0,0,2,2,2,asynchronous
n010_052.bnet,random_mc,16,2,0,0,0,2,2,2,asynchronous
n010_052.bnet,random_mc,17,2,0,0,0,2,2,2,asynchronous
n010_052.bnet,random_mc,18,2,0,0,0,2,2,2,asynchronous
n010_052.bnet,random_mc,19,2,0,0,0,2,2,2,asynchronous
n010_052.bnet,random_mc,20,2,0,0,0,2,2,2,asynchronous
n010_052.bnet,random_mc,21,2,0,0,0,2,2,2,asynchronous
n010_052.bnet,random_mc,22,2,0,0,0,2,2,2,asynchronous
n010_052.bnet,random_mc,23,2,0,0,0,2,2,2,asynchronous
n010_052.bnet,random_mc,24,2,0,0,0,2,2,2,asynchronous
n010_052.bnet,random_mc,25,2,0,0,0,2,2,2,asynchronous
n010_052.bnet,random_mc,26,2,0,0,0,2,2,2,asynchronous
n010_052.bnet,random_mc,27,2,0,0,0,2,2,2,asynchronous
n010_052.bnet,random_mc,28,2,0,0,0,2,2,2,asynchronous
n010_052.bnet,random_mc,29,2,0,0,0,2,2,2,asynchronous
n010_053.bnet,sd_mc,,1,0,511,0,512,1,1,asynchronous
n010_053.bnet,null_mc,,1,0,511,0,512,1,1,asynchronous
n010_053.bnet,ref,,1,511,0,0,512,1,1,asynchronous
n010_053.bnet,random_mc,0,1,0,511,0,512,1,1,asynchronous
n010_053.bnet,random_mc,1,1,0,511,0,512,1,1,asynchronous
n010_053.bnet,random_mc,2,1,0,511,0,512,1,1,asynchronous
n010_053.bnet,random_mc,3,1,0,511,0,512,1,1,asynchronous
n010_053.bnet,random_mc,4,1,0,511,0,512,1,1,asynchronous
n010_053.bnet,random_mc,5,1,0,511,0,512,1,1,asynchronous
n010_053.bnet,random_mc,6,1,0,511,0,512,1,1,asynchronous
n010_053.bnet,random_mc,7,1,0,511,0,512,1,1,asynchronous
n010_053.bnet,random_mc,8,1,0,511,0,512,1,1,asynchronous
n010_053.bnet,random_mc,9,1,0,511,0,512,1,1,asynchronous
n010_053.bnet,random_mc,10,1,0,511,0,512,1,1,asynchronous
n010_053.bnet,random_mc,11,1,0,511,0,512,1,1,asynchronous
n010_053.bnet,random_mc,12,1,0,511,0,512,1,1,asynchronous
n010_053.bnet,random_mc,13,1,0,511,0,512,1,1,asynchronous
n010_053.bnet,random_mc,14,1,0,511,0,512,1,1,asynchronous
n010_053.bnet,random_mc,15,1,0,511,0,512,1,1,asynchronous
n010_053.bnet,random_mc,16,1,0,511,0,512,1,1,asynchronous
n010_053.bnet,random_mc,17,1,0,511,0,512,1,1,asynchronous
n010_053.bnet,random_mc,18,1,0,511,0,512,1,1,asynchronous
n010_053.bnet,random_mc,19,1,0,511,0,512,1,1,asynchronous
n010_053.bnet,random_mc,20,1,0,511,0,512,1,1,asynchronous
n010_053.bnet,random_mc,21,1,0,511,0,512,1,1,asynchronous
n010_053.bnet,random_mc,22,1,0,511,0,512,1,1,asynchronous
n010_053.bnet,random_mc,23,1,0,511,0,512,1,1,asynchronous
n010_053.bnet,random_mc,24,1,0,511,0,512,1,1,asynchronous
n010_053.bnet,random_mc,25,1,0,511,0,512,1,1,asynchronous
n010_053.bnet,random_mc,26,1,0,511,0,512,1,1,asynchronous
n010_053.bnet,random_mc,27,1,0,511,0,512,1,1,asynchronous
n010_053.bnet,random_mc,28,1,0,511,0,512,1,1,asynchronous
n010_053.bnet,random_mc,29,1,0,511,0,512,1,1,asynchronous
n010_054.bnet,sd_mc,,1,0,7,0,8,1,1,asynchronous
n010_054.bnet,null_mc,,1,0,7,0,8,1,1,asynchronous
n010_054.bnet,ref,,1,7,0,0,8,1,1,asynchronous
n010_054.bnet,random_mc,0,1,0,7,0,8,1,1,asynchronous
n010_054.bnet,random_mc,1,1,0,7,0,8,1,1,asynchronous
n010_054.bnet,random_mc,2,1,0,7,0,8,1,1,asynchronous
n010_054.bnet,random_mc,3,1,0,7,0,8,1,1,asynchronous
n010_054.bnet,random_mc,4,1,0,7,0,8,1,1,asynchronous
n010_054.bnet,random_mc,5,1,0,7,0,8,1,1,asynchronous
n010_054.bnet,random_mc,6,1,0,7,0,8,1,1,asynchronous
n010_054.bnet,random_mc,7,1,0,7,0,8,1,1,asynchronous
n010_054.bnet,random_mc,8,1,0,7,0,8,1,1,asynchronous
n010_054.bnet,random_mc,9,1,0,7,0,8,1,1,asynchronous
n010_054.bnet,random_mc,10,1,0,7,0,8,1,1,asynchronous
n010_054.bnet,random_mc,11,1,0,7,0,8,1,1,asynchronous
n010_054.bnet,random_mc,12,1,0,7,0,8,1,1,asynchronous
n010_054.bnet,random_mc,13,1,0,7,0,8,1,1,asynchronous
n010_054.bnet,random_mc,14,1,0,7,0,8,1,1,asynchronous
n010_054.bnet,random_mc,15,1,0,7,0,8,1,1,asynchronous
n010_054.bnet,random_mc,16,1,0,7,0,8,1,1,asynchronous
n010_054.bnet,random_mc,17,1,0,7,0,8,1,1,asynchronous
n010_054.bnet,random_mc,18,1,0,7,0,8,1,1,asynchronous
n010_054.bnet,random_mc,19,1,0,7,0,8,1,1,asynchronous
n010_054.bnet,random_mc,20,1,0,7,0,8,1,1,asynchronous
n010_054.bnet,random_mc,21,1,0,7,0,8,1,1,asynchronous
n010_054.bnet,random_mc,22,1,0,7,0,8,1,1,asynchronous
n010_054.bnet,random_mc,23,1,0,7,0,8,1,1,asynchronous
n010_054.bnet,random_mc,24,1,0,7,0,8,1,1,asynchronous
n010_054.bnet,random_mc,25,1,0,7,0,8,1,1,asynchronous
n010_054.bnet,random_mc,26,1,0,7,0,8,1,1,asynchronous
n010_054.bnet,random_mc,27,1,0,7,0,8,1,1,asynchronous
n010_054.bnet,random_mc,28,1,0,7,0,8,1,1,asynchronous
n010_054.bnet,random_mc,29,1,0,7,0,8,1,1,asynchronous
n010_055.bnet,sd_mc,,3,0,509,0,512,3,3,asynchronous
n010_055.bnet,null_mc,,3,0,509,0,512,3,3,asynchronous
n010_055.bnet,ref,,3,509,0,0,512,3,3,asynchronous
n010_055.bnet,random_mc,0,3,0,509,0,512,3,3,asynchronous
n010_055.bnet,random_mc,1,3,0,509,0,512,3,3,asynchronous
n010_055.bnet,random_mc,2,3,0,509,0,512,3,3,asynchronous
n010_055.bnet,random_mc,3,3,0,509,0,512,3,3,asynchronous
n010_055.bnet,random_mc,4,3,0,509,0,512,3,3,asynchronous
n010_055.bnet,random_mc,5,3,0,509,0,512,3,3,asynchronous
n010_055.bnet,random_mc,6,3,0,509,0,512,3,3,asynchronous
n010_055.bnet,random_mc,7,3,0,509,0,512,3,3,asynchronous
n010_055.bnet,random_mc,8,3,0,509,0,512,3,3,asynchronous
n010_055.bnet,random_mc,9,3,0,509,0,512,3,3,asynchronous
n010_055.bnet,random_mc,10,3,0,509,0,512,3,3,asynchronous
n010_055.bnet,random_mc,11,3,0,509,0,512,3,3,asynchronous
n010_055.bnet,random_mc,12,3,0,509,0,512,3,3,asynchronous
n010_055.bnet,random_mc,13,3,0,509,0,512,3,3,asynchronous
n010_055.bnet,random_mc,14,3,0,509,0,512,3,3,asynchronous
n010_055.bnet,random_mc,15,3,0,509,0,512,3,3,asynchronous
n010_055.bnet,random_mc,16,3,0,509,0,512,3,3,asynchronous
n010_055.bnet,random_mc,17,3,0,509,0,512,3,3,asynchronous
n010_055.bnet,random_mc,18,3,0,509,0,512,3,3,asynchronous
n010_055.bnet,random_mc,19,3,0,509,0,512,3,3,asynchronous
n010_055.bnet,random_mc,20,3,0,509,0,512,3,3,asynchronous
n010_055.bnet,random_mc,21,3,0,509,0,512,3,3,asynchronous
n010_055.bnet,random_mc,22,3,0,509,0,512,3,3,asynchronous
n010_055.bnet,random_mc,23,3,0,509,0,512,3,3,asynchronous
n010_055.bnet,random_mc,24,3,0,509,0,512,3,3,asynchronous
n010_055.bnet,random_mc,25,3,0,509,0,512,3,3,asynchronous
n010_055.bnet,random_mc,26,3,0,509,0,512,3,3,asynchronous
n010_055.bnet,random_mc,27,3,0,509,0,512,3,3,asynchronous
n010_055.bnet,random_mc,28,3,0,509,0,512,3,3,asynchronous
n010_055.bnet,random_mc,29,3,0,509,0,512,3,3,asynchronous
n010_056.bnet,sd_mc,,32,0,0,0,32,1,1,asynchronous
n010_056.bnet,null_mc,,32,0,0,0,32,1,1,asynchronous
n010_056.bnet,ref,,32,0,0,0,32,1,1,asynchronous
n010_056.bnet,random_mc,0,32,0,0,0,32,1,1,asynchronous
n010_056.bnet,random_mc,1,32,0,0,0,32,1,1,asynchronous
n010_056.bnet,random_mc,2,32,0,0,0,32,1,1,asynchronous
n010_056.bnet,random_mc,3,32,0,0,0,32,1,1,asynchronous
n010_056.bnet,random_mc,4,32,0,0,0,32,1,1,asynchronous
n010_056.bnet,random_mc,5,32,0,0,0,32,1,1,asynchronous
n010_056.bnet,random_mc,6,32,0,0,0,32,1,1,asynchronous
n010_056.bnet,random_mc,7,32,0,0,0,32,1,1,asynchronous
n010_056.bnet,random_mc,8,32,0,0,0,32,1,1,asynchronous
n010_056.bnet,random_mc,9,32,0,0,0,32,1,1,asynchronous
n010_056.bnet,random_mc,10,32,0,0,0,32,1,1,asynchronous
n010_056.bnet,random_mc,11,32,0,0,0,32,1,1,asynchronous
n010_056.bnet,random_mc,12,32,0,0,0,32,1,1,asynchronous
n010_056.bnet,random_mc,13,32,0,0,0,32,1,1,asynchronous
n010_056.bnet,random_mc,14,32,0,0,0,32,1,1,asynchronous
n010_056.bnet,random_mc,15,32,0,0,0,32,1,1,asynchronous
n010_056.bnet,random_mc,16,32,0,0,0,32,1,1,asynchronous
n010_056.bnet,random_mc,17,32,0,0,0,32,1,1,asynchronous
n010_056.bnet,random_mc,18,32,0,0,0,32,1,1,asynchronous
n010_056.bnet,random_mc,19,32,0,0,0,32,1,1,asynchronous
n010_056.bnet,random_mc,20,32,0,0,0,32,1,1,asynchronous
n010_056.bnet,random_mc,21,32,0,0,0,32,1,1,asynchronous
n010_056.bnet,random_mc,22,32,0,0,0,32,1,1,asynchronous
n010_056.bnet,random_mc,23,32,0,0,0,32,1,1,asynchronous
n010_056.bnet,random_mc,24,32,0,0,0,32,1,1,asynchronous
n010_056.bnet,random_mc,25,32,0,0,0,32,1,1,asynchronous
n010_056.bnet,random_mc,26,32,0,0,0,32,1,1,asynchronous
n010_056.bnet,random_mc,27,32,0,0,0,32,1,1,asynchronous
n010_056.bnet,random_mc,28,32,0,0,0,32,1,1,asynchronous
n010_056.bnet,random_mc,29,32,0,0,0,32,1,1,asynchronous
n010_057.bnet,sd_mc,,1,0,1023,0,1024,1,1,asynchronous
n010_057.bnet,null_mc,,1,0,1023,0,1024,1,1,asynchronous
n010_057.bnet,ref,,1,1023,0,0,1024,1,1,asynchronous
n010_057.bnet,random_mc,0,1,0,1023,0,1024,1,1,asynchronous
n010_057.bnet,random_mc,1,1,0,1023,0,1024,1,1,asynchronous
n010_057.bnet,random_mc,2,1,0,1023,0,1024,1,1,asynchronous
n010_057.bnet,random_mc,3,1,0,1023,0,1024,1,1,asynchronous
n010_057.bnet,random_mc,4,1,0,1023,0,1024,1,1,asynchronous
n010_057.bnet,random_mc,5,1,0,1023,0,1024,1,1,asynchronous
n010_057.bnet,random_mc,6,1,0,1023,0,1024,1,1,asynchronous
n010_057.bnet,random_mc,7,1,0,1023,0,1024,1,1,asynchronous
n010_057.bnet,random_mc,8,1,0,1023,0,1024,1,1,asynchronous
n010_057.bnet,random_mc,9,1,0,1023,0,1024,1,1,asynchronous
n010_057.bnet,random_mc,10,1,0,1023,0,1024,1,1,asynchronous
n010_057.bnet,random_mc,11,1,0,1023,0,1024,1,1,asynchronous
n010_057.bnet,random_mc,12,1,0,1023,0,1024,1,1,asynchronous
n010_057.bnet,random_mc,13,1,0,1023,0,1024,1,1,asynchronous
n010_057.bnet,random_mc,14,1,0,1023,0,1024,1,1,asynchronous
n010_057.bnet,random_mc,15,1,0,1023,0,1024,1,1,asynchronous
n010_057.bnet,random_mc,16,1,0,1023,0,1024,1,1,asynchronous
n010_057.bnet,random_mc,17,1,0,1023,0,1024,1,1,asynchronous
n010_057.bnet,random_mc,18,1,0,1023,0,1024,1,1,asynchronous
n010_057.bnet,random_mc,19,1,0,1023,0,1024,1,1,asynchronous
n010_057.bnet,random_mc,20,1,0,1023,0,1024,1,1,asynchronous
n010_057.bnet,random_mc,21,1,0,1023,0,1024,1,1,asynchronous
n010_057.bnet,random_mc,22,1,0,1023,0,1024,1,1,asynchronous
n010_057.bnet,random_mc,23,1,0,1023,0,1024,1,1,asynchronous
n010_057.bnet,random_mc,24,1,0,1023,0,1024,1,1,asynchronous
n010_057.bnet,random_mc,25,1,0,1023,0,1024,1,1,asynchronous
n010_057.bnet,random_mc,26,1,0,1023,0,1024,1,1,asynchronous
n010_057.bnet,random_mc,27,1,0,1023,0,1024,1,1,asynchronous
n010_057.bnet,random_mc,28,1,0,1023,0,1024,1,1,asynchronous
n010_057.bnet,random_mc,29,1,0,1023,0,1024,1,1,asynchronous
n010_058.bnet,sd_mc,,1,0,255,0,256,1,1,asynchronous
n010_058.bnet,null_mc,,1,0,255,0,256,1,1,asynchronous
n010_058.bnet,ref,,1,255,0,0,256,1,1,asynchronous
n010_058.bnet,random_mc,0,1,0,255,0,256,1,1,asynchronous
n010_058.bnet,random_mc,1,1,0,255,0,256,1,1,asynchronous
n010_058.bnet,random_mc,2,1,0,255,0,256,1,1,asynchronous
n010_058.bnet,random_mc,3,1,0,255,0,256,1,1,asynchronous
n010_058.bnet,random_mc,4,1,0,255,0,256,1,1,asynchronous
n010_058.bnet,random_mc,5,1,0,255,0,256,1,1,asynchronous
n010_058.bnet,random_mc,6,1,0,255,0,256,1,1,asynchronous
n010_058.bnet,random_mc,7,1,0,255,0,256,1,1,asynchronous
n010_058.bnet,random_mc,8,1,0,255,0,256,1,1,asynchronous
n010_058.bnet,random_mc,9,1,0,255,0,256,1,1,asynchronous
n010_058.bnet,random_mc,10,1,0,255,0,256,1,1,asynchronous
n010_058.bnet,random_mc,11,1,0,255,0,256,1,1,asynchronous
n010_058.bnet,random_mc,12,1,0,255,0,256,1,1,asynchronous
n010_058.bnet,random_mc,13,1,0,255,0,256,1,1,asynchronous
n010_058.bnet,random_mc,14,1,0,255,0,256,1,1,asynchronous
n010_058.bnet,random_mc,15,1,0,255,0,256,1,1,asynchronous
n010_058.bnet,random_mc,16,1,0,255,0,256,1,1,asynchronous
n010_058.bnet,random_mc,17,1,0,255,0,256,1,1,asynchronous
n010_058.bnet,random_mc,18,1,0,255,0,256,1,1,asynchronous
n010_058.bnet,random_mc,19,1,0,255,0,256,1,1,asynchronous
n010_058.bnet,random_mc,20,1,0,255,0,256,1,1,asynchronous
n010_058.bnet,random_mc,21,1,0,255,0,256,1,1,asynchronous
n010_058.bnet,random_mc,22,1,0,255,0,256,1,1,asynchronous
n010_058.bnet,random_mc,23,1,0,255,0,256,1,1,asynchronous
n010_058.bnet,random_mc,24,1,0,255,0,256,1,1,asynchronous
n010_058.bnet,random_mc,25,1,0,255,0,256,1,1,asynchronous
n010_058.bnet,random_mc,26,1,0,255,0,256,1,1,asynchronous
n010_058.bnet,random_mc,27,1,0,255,0,256,1,1,asynchronous
n010_058.bnet,random_mc,28,1,0,255,0,256,1,1,asynchronous
n010_058.bnet,random_mc,29,1,0,255,0,256,1,1,asynchronous
n010_059.bnet,sd_mc,,4,0,124,0,128,4,4,asynchronous
n010_059.bnet,null_mc,,4,0,124,0,128,4,4,asynchronous
n010_059.bnet,ref,,4,124,0,0,128,4,4,asynchronous
n010_059.bnet,random_mc,0,4,0,124,0,128,4,4,asynchronous
n010_059.bnet,random_mc,1,4,0,124,0,128,4,4,asynchronous
n010_059.bnet,random_mc,2,4,0,124,0,128,4,4,asynchronous
n010_059.bnet,random_mc,3,4,0,124,0,128,4,4,asynchronous
n010_059.bnet,random_mc,4,4,0,124,0,128,4,4,asynchronous
n010_059.bnet,random_mc,5,4,0,124,0,128,4,4,asynchronous
n010_059.bnet,random_mc,6,4,0,124,0,128,4,4,asynchronous
n010_059.bnet,random_mc,7,4,0,124,0,128,4,4,asynchronous
n010_059.bnet,random_mc,8,4,0,124,0,128,4,4,asynchronous
n010_059.bnet,random_mc,9,4,0,124,0,128,4,4,asynchronous
n010_059.bnet,random_mc,10,4,0,124,0,128,4,4,asynchronous
n010_059.bnet,random_mc,11,4,0,124,0,128,4,4,asynchronous
n010_059.bnet,random_mc,12,4,0,124,0,128,4,4,asynchronous
n010_059.bnet,random_mc,13,4,0,124,0,128,4,4,asynchronous
n010_059.bnet,random_mc,14,4,0,124,0,128,4,4,asynchronous
n010_059.bnet,random_mc,15,4,0,124,0,128,4,4,asynchronous
n010_059.bnet,random_mc,16,4,0,124,0,128,4,4,asynchronous
n010_059.bnet,random_mc,17,4,0,124,0,128,4,4,asynchronous
n010_059.bnet,random_mc,18,4,0,124,0,128,4,4,asynchronous
n010_059.bnet,random_mc,19,4,0,124,0,128,4,4,asynchronous
n010_059.bnet,random_mc,20,4,0,124,0,128,4,4,asynchronous
n010_059.bnet,random_mc,21,4,0,124,0,128,4,4,asynchronous
n010_059.bnet,random_mc,22,4,0,124,0,128,4,4,asynchronous
n010_059.bnet,random_mc,23,4,0,124,0,128,4,4,asynchronous
n010_059.bnet,random_mc,24,4,0,124,0,128,4,4,asynchronous
n010_059.bnet,random_mc,25,4,0,124,0,128,4,4,asynchronous
n010_059.bnet,random_mc,26,4,0,124,0,128,4,4,asynchronous
n010_059.bnet,random_mc,27,4,0,124,0,128,4,4,asynchronous
n010_059.bnet,random_mc,28,4,0,124,0,128,4,4,asynchronous
n010_059.bnet,random_mc,29,4,0,124,0,128,4,4,asynchronous
n010_060.bnet,sd_mc,,3,0,1021,0,1024,2,2,asynchronous
n010_060.bnet,null_mc,,3,0,1021,0,1024,2,2,asynchronous
n010_060.bnet,ref,,3,1021,0,0,1024,2,2,asynchronous
n010_060.bnet,random_mc,0,3,0,1021,0,1024,2,2,asynchronous
n010_060.bnet,random_mc,1,3,0,1021,0,1024,2,2,asynchronous
n010_060.bnet,random_mc,2,3,0,1021,0,1024,2,2,asynchronous
n010_060.bnet,random_mc,3,3,0,1021,0,1024,2,2,asynchronous
n010_060.bnet,random_mc,4,3,0,1021,0,1024,2,2,asynchronous
n010_060.bnet,random_mc,5,3,0,1021,0,1024,2,2,asynchronous
n010_060.bnet,random_mc,6,3,0,1021,0,1024,2,2,asynchronous
n010_060.bnet,random_mc,7,3,0,1021,0,1024,2,2,asynchronous
n010_060.bnet,random_mc,8,3,0,1021,0,1024,2,2,asynchronous
n010_060.bnet,random_mc,9,3,0,1021,0,1024,2,2,asynchronous
n010_060.bnet,random_mc,10,3,0,1021,0,1024,2,2,asynchronous
n010_060.bnet,random_mc,11,3,0,1021,0,1024,2,2,asynchronous
n010_060.bnet,random_mc,12,3,0,1021,0,1024,2,2,asynchronous
n010_060.bnet,random_mc,13,3,0,1021,0,1024,2,2,asynchronous
n010_060.bnet,random_mc,14,3,0,1021,0,1024,2,2,asynchronous
n010_060.bnet,random_mc,15,3,0,1021,0,1024,2,2,asynchronous
n010_060.bnet,random_mc,16,3,0,1021,0,1024,2,2,asynchronous
n010_060.bnet,random_mc,17,3,0,1021,0,1024,2,2,asynchronous
n010_060.bnet,random_mc,18,3,0,1021,0,1024,2,2,asynchronous
n010_060.bnet,random_mc,19,3,0,1021,0,1024,2,2,asynchronous
n010_060.bnet,random_mc,20,3,0,1021,0,1024,2,2,asynchronous
n010_060.bnet,random_mc,21,3,0,1021,0,1024,2,2,asynchronous
n010_060.bnet,random_mc,22,3,0,1021,0,1024,2,2,asynchronous
n010_060.bnet,random_mc,23,3,0,1021,0,1024,2,2,asynchronous
n010_060.bnet,random_mc,24,3,0,1021,0,1024,2,2,asynchronous
n010_060.bnet,random_mc,25,3,0,1021,0,1024,2,2,asynchronous
n010_060.bnet,random_mc,26,3,0,1021,0,1024,2,2,asynchronous
n010_060.bnet,random_mc,27,3,0,1021,0,1024,2,2,asynchronous
n010_060.bnet,random_mc,28,3,0,1021,0,1024,2,2,asynchronous
n010_060.bnet,random_mc,29,3,0,1021,0,1024,2,2,asynchronous
n010_061.bnet,sd_mc,,5,0,123,0,128,3,3,asynchronous
n010_061.bnet,null_mc,,5,0,123,0,128,3,3,asynchronous
n010_061.bnet,ref,,5,123,0,0,128,3,3,asynchronous
n010_061.bnet,random_mc,0,5,0,123,0,128,3,3,asynchronous
n010_061.bnet,random_mc,1,5,0,123,0,128,3,3,asynchronous
n010_061.bnet,random_mc,2,5,0,123,0,128,3,3,asynchronous
n010_061.bnet,random_mc,3,5,0,123,0,128,3,3,asynchronous
n010_061.bnet,random_mc,4,5,0,123,0,128,3,3,asynchronous
n010_061.bnet,random_mc,5,5,0,123,0,128,3,3,asynchronous
n010_061.bnet,random_mc,6,5,0,123,0,128,3,3,asynchronous
n010_061.bnet,random_mc,7,5,0,123,0,128,3,3,asynchronous
n010_061.bnet,random_mc,8,5,0,123,0,128,3,3,asynchronous
n010_061.bnet,random_mc,9,5,0,123,0,128,3,3,asynchronous
n010_061.bnet,random_mc,10,5,0,123,0,128,3,3,asynchronous
n010_061.bnet,random_mc,11,5,0,123,0,128,3,3,asynchronous
n010_061.bnet,random_mc,12,5,0,123,0,128,3,3,asynchronous
n010_061.bnet,random_mc,13,5,0,123,0,128,3,3,asynchronous
n010_061.bnet,random_mc,14,5,0,123,0,128,3,3,asynchronous
n010_061.bnet,random_mc,15,5,0,123,0,128,3,3,asynchronous
n010_061.bnet,random_mc,16,5,0,123,0,128,3,3,asynchronous
n010_061.bnet,random_mc,17,5,0,123,0,128,3,3,asynchronous
n010_061.bnet,random_mc,18,5,0,123,0,128,3,3,asynchronous
n010_061.bnet,random_mc,19,5,0,123,0,128,3,3,asynchronous
n010_061.bnet,random_mc,20,5,0,123,0,128,3,3,asynchronous
n010_061.bnet,random_mc,21,5,0,123,0,128,3,3,asynchronous
n010_061.bnet,random_mc,22,5,0,123,0,128,3,3,asynchronous
n010_061.bnet,random_mc,23,5,0,123,0,128,3,3,asynchronous
n010_061.bnet,random_mc,24,5,0,123,0,128,3,3,asynchronous
n010_061.bnet,random_mc,25,5,0,123,0,128,3,3,asynchronous
n010_061.bnet,random_mc,26,5,0,123,0,128,3,3,asynchronous
n010_061.bnet,random_mc,27,5,0,123,0,128,3,3,asynchronous
n010_061.bnet,random_mc,28,5,0,123,0,128,3,3,asynchronous
n010_061.bnet,random_mc,29,5,0,123,0,128,3,3,asynchronous
n010_062.bnet,sd_mc,,4,0,1020,0,1024,1,1,asynchronous
n010_062.bnet,null_mc,,4,0,1020,0,1024,1,1,asynchronous
n010_062.bnet,ref,,4,1020,0,0,1024,1,1,asynchronous
n010_062.bnet,random_mc,0,4,0,1020,0,1024,1,1,asynchronous
n010_062.bnet,random_mc,1,4,0,1020,0,1024,1,1,asynchronous
n010_062.bnet,random_mc,2,4,0,1020,0,1024,1,1,asynchronous
n010_062.bnet,random_mc,3,4,0,1020,0,1024,1,1,asynchronous
n010_062.bnet,random_mc,4,4,0,1020,0,1024,1,1,asynchronous
n010_062.bnet,random_mc,5,4,0,1020,0,1024,1,1,asynchronous
n010_062.bnet,random_mc,6,4,0,1020,0,1024,1,1,asynchronous
n010_062.bnet,random_mc,7,4,0,1020,0,1024,1,1,asynchronous
n010_062.bnet,random_mc,8,4,0,1020,0,1024,1,1,asynchronous
n010_062.bnet,random_mc,9,4,0,1020,0,1024,1,1,asynchronous
n010_062.bnet,random_mc,10,4,0,1020,0,1024,1,1,asynchronous
n010_062.bnet,random_mc,11,4,0,1020,0,1024,1,1,asynchronous
n010_062.bnet,random_mc,12,4,0,1020,0,1024,1,1,asynchronous
n010_062.bnet,random_mc,13,4,0,1020,0,1024,1,1,asynchronous
n010_062.bnet,random_mc,14,4,0,1020,0,1024,1,1,asynchronous
n010_062.bnet,random_mc,15,4,0,1020,0,1024,1,1,asynchronous
n010_062.bnet,random_mc,16,4,0,1020,0,1024,1,1,asynchronous
n010_062.bnet,random_mc,17,4,0,1020,0,1024,1,1,asynchronous
n010_062.bnet,random_mc,18,4,0,1020,0,1024,1,1,asynchronous
n010_062.bnet,random_mc,19,4,0,1020,0,1024,1,1,asynchronous
n010_062.bnet,random_mc,20,4,0,1020,0,1024,1,1,asynchronous
n010_062.bnet,random_mc,21,4,0,1020,0,1024,1,1,asynchronous
n010_062.bnet,random_mc,22,4,0,1020,0,1024,1,1,asynchronous
n010_062.bnet,random_mc,23,4,0,1020,0,1024,1,1,asynchronous
n010_062.bnet,random_mc,24,4,0,1020,0,1024,1,1,asynchronous
n010_062.bnet,random_mc,25,4,0,1020,0,1024,1,1,asynchronous
n010_062.bnet,random_mc,26,4,0,1020,0,1024,1,1,asynchronous
n010_062.bnet,random_mc,27,4,0,1020,0,1024,1,1,asynchronous
n010_062.bnet,random_mc,28,4,0,1020,0,1024,1,1,asynchronous
n010_062.bnet,random_mc,29,4,0,1020,0,1024,1,1,asynchronous
n010_063.bnet,sd_mc,,2,0,30,0,32,2,2,asynchronous
n010_063.bnet,null_mc,,2,0,30,0,32,2,2,asynchronous
n010_063.bnet,ref,,2,30,0,0,32,2,2,asynchronous
n010_063.bnet,random_mc,0,2,0,30,0,32,2,2,asynchronous
n010_063.bnet,random_mc,1,2,0,30,0,32,2,2,asynchronous
n010_063.bnet,random_mc,2,2,0,30,0,32,2,2,asynchronous
n010_063.bnet,random_mc,3,2,0,30,0,32,2,2,asynchronous
n010_063.bnet,random_mc,4,2,0,30,0,32,2,2,asynchronous
n010_063.bnet,random_mc,5,2,0,30,0,32,2,2,asynchronous
n010_063.bnet,random_mc,6,2,0,30,0,32,2,2,asynchronous
n010_063.bnet,random_mc,7,2,0,30,0,32,2,2,asynchronous
n010_063.bnet,random_mc,8,2,0,30,0,32,2,2,asynchronous
n010_063.bnet,random_mc,9,2,0,30,0,32,2,2,asynchronous
n010_063.bnet,random_mc,10,2,0,30,0,32,2,2,asynchronous
n010_063.bnet,random_mc,11,2,0,30,0,32,2,2,asynchronous
n010_063.bnet,random_mc,12,2,0,30,0,32,2,2,asynchronous
n010_063.bnet,random_mc,13,2,0,30,0,32,2,2,asynchronous
n010_063.bnet,random_mc,14,2,0,30,0,32,2,2,asynchronous
n010_063.bnet,random_mc,15,2,0,30,0,32,2,2,asynchronous
n010_063.bnet,random_mc,16,2,0,30,0,32,2,2,asynchronous
n010_063.bnet,random_mc,17,2,0,30,0,32,2,2,asynchronous
n010_063.bnet,random_mc,18,2,0,30,0,32,2,2,asynchronous
n010_063.bnet,random_mc,19,2,0,30,0,32,2,2,asynchronous
n010_063.bnet,random_mc,20,2,0,30,0,32,2,2,asynchronous
n010_063.bnet,random_mc,21,2,0,30,0,32,2,2,asynchronous
n010_063.bnet,random_mc,22,2,0,30,0,32,2,2,asynchronous
n010_063.bnet,random_mc,23,2,0,30,0,32,2,2,asynchronous
n010_063.bnet,random_mc,24,2,0,30,0,32,2,2,asynchronous
n010_063.bnet,random_mc,25,2,0,30,0,32,2,2,asynchronous
n010_063.bnet,random_mc,26,2,0,30,0,32,2,2,asynchronous
n010_063.bnet,random_mc,27,2,0,30,0,32,2,2,asynchronous
n010_063.bnet,random_mc,28,2,0,30,0,32,2,2,asynchronous
n010_063.bnet,random_mc,29,2,0,30,0,32,2,2,asynchronous
n010_064.bnet,sd_mc,,48,16,0,0,64,1,1,asynchronous
n010_064.bnet,null_mc,,48,16,0,0,64,1,1,asynchronous
n010_064.bnet,ref,,48,16,0,0,64,1,1,asynchronous
n010_064.bnet,random_mc,0,48,16,0,0,64,1,1,asynchronous
n010_064.bnet,random_mc,1,48,16,0,0,64,1,1,asynchronous
n010_064.bnet,random_mc,2,48,16,0,0,64,1,1,asynchronous
n010_064.bnet,random_mc,3,48,16,0,0,64,1,1,asynchronous
n010_064.bnet,random_mc,4,48,16,0,0,64,1,1,asynchronous
n010_064.bnet,random_mc,5,48,16,0,0,64,1,1,asynchronous
n010_064.bnet,random_mc,6,48,16,0,0,64,1,1,asynchronous
n010_064.bnet,random_mc,7,48,16,0,0,64,1,1,asynchronous
n010_064.bnet,random_mc,8,48,16,0,0,64,1,1,asynchronous
n010_064.bnet,random_mc,9,48,16,0,0,64,1,1,asynchronous
n010_064.bnet,random_mc,10,48,16,0,0,64,1,1,asynchronous
n010_064.bnet,random_mc,11,48,16,0,0,64,1,1,asynchronous
n010_064.bnet,random_mc,12,48,16,0,0,64,1,1,asynchronous
n010_064.bnet,random_mc,13,48,16,0,0,64,1,1,asynchronous
n010_064.bnet,random_mc,14,48,16,0,0,64,1,1,asynchronous
n010_064.bnet,random_mc,15,48,16,0,0,64,1,1,asynchronous
n010_064.bnet,random_mc,16,48,16,0,0,64,1,1,asynchronous
n010_064.bnet,random_mc,17,48,16,0,0,64,1,1,asynchronous
n010_064.bnet,random_mc,18,48,16,0,0,64,1,1,asynchronous
n010_064.bnet,random_mc,19,48,16,0,0,64,1,1,asynchronous
n010_064.bnet,random_mc,20,48,16,0,0,64,1,1,asynchronous
n010_064.bnet,random_mc,21,48,16,0,0,64,1,1,asynchronous
n010_064.bnet,random_mc,22,48,16,0,0,64,1,1,asynchronous
n010_064.bnet,random_mc,23,48,16,0,0,64,1,1,asynchronous
n010_064.bnet,random_mc,24,48,16,0,0,64,1,1,asynchronous
n010_064.bnet,random_mc,25,48,16,0,0,64,1,1,asynchronous
n010_064.bnet,random_mc,26,48,16,0,0,64,1,1,asynchronous
n010_064.bnet,random_mc,27,48,16,0,0,64,1,1,asynchronous
n010_064.bnet,random_mc,28,48,16,0,0,64,1,1,asynchronous
n010_064.bnet,random_mc,29,48,16,0,0,64,1,1,asynchronous
n010_065.bnet,sd_mc,,16,0,0,0,16,1,1,asynchronous
n010_065.bnet,null_mc,,16,0,0,0,16,1,1,asynchronous
n010_065.bnet,ref,,16,0,0,0,16,1,1,asynchronous
n010_065.bnet,random_mc,0,16,0,0,0,16,1,1,asynchronous
n010_065.bnet,random_mc,1,16,0,0,0,16,1,1,asynchronous
n010_065.bnet,random_mc,2,16,0,0,0,16,1,1,asynchronous
n010_065.bnet,random_mc,3,16,0,0,0,16,1,1,asynchronous
n010_065.bnet,random_mc,4,16,0,0,0,16,1,1,asynchronous
n010_065.bnet,random_mc,5,16,0,0,0,16,1,1,asynchronous
n010_065.bnet,random_mc,6,16,0,0,0,16,1,1,asynchronous
n010_065.bnet,random_mc,7,16,0,0,0,16,1,1,asynchronous
n010_065.bnet,random_mc,8,16,0,0,0,16,1,1,asynchronous
n010_065.bnet,random_mc,9,16,0,0,0,16,1,1,asynchronous
n010_065.bnet,random_mc,10,16,0,0,0,16,1,1,asynchronous
n010_065.bnet,random_mc,11,16,0,0,0,16,1,1,asynchronous
n010_065.bnet,random_mc,12,16,0,0,0,16,1,1,asynchronous
n010_065.bnet,random_mc,13,16,0,0,0,16,1,1,asynchronous
n010_065.bnet,random_mc,14,16,0,0,0,16,1,1,asynchronous
n010_065.bnet,random_mc,15,16,0,0,0,16,1,1,asynchronous
n010_065.bnet,random_mc,16,16,0,0,0,16,1,1,asynchronous
n010_065.bnet,random_mc,17,16,0,0,0,16,1,1,asynchronous
n010_065.bnet,random_mc,18,16,0,0,0,16,1,1,asynchronous
n010_065.bnet,random_mc,19,16,0,0,0,16,1,1,asynchronous
n010_065.bnet,random_mc,20,16,0,0,0,16,1,1,asynchronous
n010_065.bnet,random_mc,21,16,0,0,0,16,1,1,asynchronous
n010_065.bnet,random_mc,22,16,0,0,0,16,1,1,asynchronous
n010_065.bnet,random_mc,23,16,0,0,0,16,1,1,asynchronous
n010_065.bnet,random_mc,24,16,0,0,0,16,1,1,asynchronous
n010_065.bnet,random_mc,25,16,0,0,0,16,1,1,asynchronous
n010_065.bnet,random_mc,26,16,0,0,0,16,1,1,asynchronous
n010_065.bnet,random_mc,27,16,0,0,0,16,1,1,asynchronous
n010_065.bnet,random_mc,28,16,0,0,0,16,1,1,asynchronous
n010_065.bnet,random_mc,29,16,0,0,0,16,1,1,asynchronous
n010_066.bnet,sd_mc,,3,1,1020,0,1024,1,1,asynchronous
n010_066.bnet,null_mc,,3,1,1020,0,1024,1,1,asynchronous
n010_066.bnet,ref,,3,1021,0,0,1024,1,1,asynchronous
n010_066.bnet,random_mc,0,3,1,1020,0,1024,1,1,asynchronous
n010_066.bnet,random_mc,1,3,1,1020,0,1024,1,1,asynchronous
n010_066.bnet,random_mc,2,3,1,1020,0,1024,1,1,asynchronous
n010_066.bnet,random_mc,3,3,1,1020,0,1024,1,1,asynchronous
n010_066.bnet,random_mc,4,3,1,1020,0,1024,1,1,asynchronous
n010_066.bnet,random_mc,5,3,1,1020,0,1024,1,1,asynchronous
n010_066.bnet,random_mc,6,3,1,1020,0,1024,1,1,asynchronous
n010_066.bnet,random_mc,7,3,1,1020,0,1024,1,1,asynchronous
n010_066.bnet,random_mc,8,3,1,1020,0,1024,1,1,asynchronous
n010_066.bnet,random_mc,9,3,1,1020,0,1024,1,1,asynchronous
n010_066.bnet,random_mc,10,3,1,1020,0,1024,1,1,asynchronous
n010_066.bnet,random_mc,11,3,1,1020,0,1024,1,1,asynchronous
n010_066.bnet,random_mc,12,3,1,1020,0,1024,1,1,asynchronous
n010_066.bnet,random_mc,13,3,1,1020,0,1024,1,1,asynchronous
n010_066.bnet,random_mc,14,3,1,1020,0,1024,1,1,asynchronous
n010_066.bnet,random_mc,15,3,1,1020,0,1024,1,1,asynchronous
n010_066.bnet,random_mc,16,3,1,1020,0,1024,1,1,asynchronous
n010_066.bnet,random_mc,17,3,1,1020,0,1024,1,1,asynchronous
n010_066.bnet,random_mc,18,3,1,1020,0,1024,1,1,asynchronous
n010_066.bnet,random_mc,19,3,1,1020,0,1024,1,1,asynchronous
n010_066.bnet,random_mc,20,3,1,1020,0,1024,1,1,asynchronous
n010_066.bnet,random_mc,21,3,1,1020,0,1024,1,1,asynchronous
n010_066.bnet,random_mc,22,3,1,1020,0,1024,1,1,asynchronous
n010_066.bnet,random_mc,23,3,1,1020,0,1024,1,1,asynchronous
n010_066.bnet,random_mc,24,3,1,1020,0,1024,1,1,asynchronous
n010_066.bnet,random_mc,25,3,1,1020,0,1024,1,1,asynchronous
n010_066.bnet,random_mc,26,3,1,1020,0,1024,1,1,asynchronous
n010_066.bnet,random_mc,27,3,1,1020,0,1024,1,1,asynchronous
n010_066.bnet,random_mc,28,3,1,1020,0,1024,1,1,asynchronous
n010_066.bnet,random_mc,29,3,1,1020,0,1024,1,1,asynchronous
n010_067.bnet,sd_mc,,1,0,15,0,16,1,1,asynchronous
n010_067.bnet,null_mc,,1,0,15,0,16,1,1,asynchronous
n010_067.bnet,ref,,1,15,0,0,16,1,1,asynchronous
n010_067.bnet,random_mc,0,1,0,15,0,16,1,1,asynchronous
n010_067.bnet,random_mc,1,1,0,15,0,16,1,1,asynchronous
n010_067.bnet,random_mc,2,1,0,15,0,16,1,1,asynchronous
n010_067.bnet,random_mc,3,1,0,15,0,16,1,1,asynchronous
n010_067.bnet,random_mc,4,1,0,15,0,16,1,1,asynchronous
n010_067.bnet,random_mc,5,1,0,15,0,16,1,1,asynchronous
n010_067.bnet,random_mc,6,1,0,15,0,16,1,1,asynchronous
n010_067.bnet,random_mc,7,1,0,15,0,16,1,1,asynchronous
n010_067.bnet,random_mc,8,1,0,15,0,16,1,1,asynchronous
n010_067.bnet,random_mc,9,1,0,15,0,16,1,1,asynchronous
n010_067.bnet,random_mc,10,1,0,15,0,16,1,1,asynchronous
n010_067.bnet,random_mc,11,1,0,15,0,16,1,1,asynchronous
n010_067.bnet,random_mc,12,1,0,15,0,16,1,1,asynchronous
n010_067.bnet,random_mc,13,1,0,15,0,16,1,1,asynchronous
n010_067.bnet,random_mc,14,1,0,15,0,16,1,1,asynchronous
n010_067.bnet,random_mc,15,1,0,15,0,16,1,1,asynchronous
n010_067.bnet,random_mc,16,1,0,15,0,16,1,1,asynchronous
n010_067.bnet,random_mc,17,1,0,15,0,16,1,1,asynchronous
n010_067.bnet,random_mc,18,1,0,15,0,16,1,1,asynchronous
n010_067.bnet,random_mc,19,1,0,15,0,16,1,1,asynchronous
n010_067.bnet,random_mc,20,1,0,15,0,16,1,1,asynchronous
n010_067.bnet,random_mc,21,1,0,15,0,16,1,1,asynchronous
n010_067.bnet,random_mc,22,1,0,15,0,16,1,1,asynchronous
n010_067.bnet,random_mc,23,1,0,15,0,16,1,1,asynchronous
n010_067.bnet,random_mc,24,1,0,15,0,16,1,1,asynchronous
n010_067.bnet,random_mc,25,1,0,15,0,16,1,1,asynchronous
n010_067.bnet,random_mc,26,1,0,15,0,16,1,1,asynchronous
n010_067.bnet,random_mc,27,1,0,15,0,16,1,1,asynchronous
n010_067.bnet,random_mc,28,1,0,15,0,16,1,1,asynchronous
n010_067.bnet,random_mc,29,1,0,15,0,16,1,1,asynchronous
n010_068.bnet,sd_mc,,1,0,7,0,8,1,1,asynchronous
n010_068.bnet,null_mc,,1,0,7,0,8,1,1,asynchronous
n010_068.bnet,ref,,1,7,0,0,8,1,1,asynchronous
n010_068.bnet,random_mc,0,1,0,7,0,8,1,1,asynchronous
n010_068.bnet,random_mc,1,1,0,7,0,8,1,1,asynchronous
n010_068.bnet,random_mc,2,1,0,7,0,8,1,1,asynchronous
n010_068.bnet,random_mc,3,1,0,7,0,8,1,1,asynchronous
n010_068.bnet,random_mc,4,1,0,7,0,8,1,1,asynchronous
n010_068.bnet,random_mc,5,1,0,7,0,8,1,1,asynchronous
n010_068.bnet,random_mc,6,1,0,7,0,8,1,1,asynchronous
n010_068.bnet,random_mc,7,1,0,7,0,8,1,1,asynchronous
n010_068.bnet,random_mc,8,1,0,7,0,8,1,1,asynchronous
n010_068.bnet,random_mc,9,1,0,7,0,8,1,1,asynchronous
n010_068.bnet,random_mc,10,1,0,7,0,8,1,1,asynchronous
n010_068.bnet,random_mc,11,1,0,7,0,8,1,1,asynchronous
n010_068.bnet,random_mc,12,1,0,7,0,8,1,1,asynchronous
n010_068.bnet,random_mc,13,1,0,7,0,8,1,1,asynchronous
n010_068.bnet,random_mc,14,1,0,7,0,8,1,1,asynchronous
n010_068.bnet,random_mc,15,1,0,7,0,8,1,1,asynchronous
n010_068.bnet,random_mc,16,1,0,7,0,8,1,1,asynchronous
n010_068.bnet,random_mc,17,1,0,7,0,8,1,1,asynchronous
n010_068.bnet,random_mc,18,1,0,7,0,8,1,1,asynchronous
n010_068.bnet,random_mc,19,1,0,7,0,8,1,1,asynchronous
n010_068.bnet,random_mc,20,1,0,7,0,8,1,1,asynchronous
n010_068.bnet,random_mc,21,1,0,7,0,8,1,1,asynchronous
n010_068.bnet,random_mc,22,1,0,7,0,8,1,1,asynchronous
n010_068.bnet,random_mc,23,1,0,7,0,8,1,1,asynchronous
n010_068.bnet,random_mc,24,1,0,7,0,8,1,1,asynchronous
n010_068.bnet,random_mc,25,1,0,7,0,8,1,1,asynchronous
n010_068.bnet,random_mc,26,1,0,7,0,8,1,1,asynchronous
n010_068.bnet,random_mc,27,1,0,7,0,8,1,1,asynchronous
n010_068.bnet,random_mc,28,1,0,7,0,8,1,1,asynchronous
n010_068.bnet,random_mc,29,1,0,7,0,8,1,1,asynchronous
n010_069.bnet,sd_mc,,2,0,30,0,32,2,2,asynchronous
n010_069.bnet,null_mc,,2,0,30,0,32,2,2,asynchronous
n010_069.bnet,ref,,2,30,0,0,32,2,2,asynchronous
n010_069.bnet,random_mc,0,2,0,30,0,32,2,2,asynchronous
n010_069.bnet,random_mc,1,2,0,30,0,32,2,2,asynchronous
n010_069.bnet,random_mc,2,2,0,30,0,32,2,2,asynchronous
n010_069.bnet,random_mc,3,2,0,30,0,32,2,2,asynchronous
n010_069.bnet,random_mc,4,2,0,30,0,32,2,2,asynchronous
n010_069.bnet,random_mc,5,2,0,30,0,32,2,2,asynchronous
n010_069.bnet,random_mc,6,2,0,30,0,32,2,2,asynchronous
n010_069.bnet,random_mc,7,2,0,30,0,32,2,2,asynchronous
n010_069.bnet,random_mc,8,2,0,30,0,32,2,2,asynchronous
n010_069.bnet,random_mc,9,2,0,30,0,32,2,2,asynchronous
n010_069.bnet,random_mc,10,2,0,30,0,32,2,2,asynchronous
n010_069.bnet,random_mc,11,2,0,30,0,32,2,2,asynchronous
n010_069.bnet,random_mc,12,2,0,30,0,32,2,2,asynchronous
n010_069.bnet,random_mc,13,2,0,30,0,32,2,2,asynchronous
n010_069.bnet,random_mc,14,2,0,30,0,32,2,2,asynchronous
n010_069.bnet,random_mc,15,2,0,30,0,32,2,2,asynchronous
n010_069.bnet,random_mc,16,2,0,30,0,32,2,2,asynchronous
n010_069.bnet,random_mc,17,2,0,30,0,32,2,2,asynchronous
n010_069.bnet,random_mc,18,2,0,30,0,32,2,2,asynchronous
n010_069.bnet,random_mc,19,2,0,30,0,32,2,2,asynchronous
n010_069.bnet,random_mc,20,2,0,30,0,32,2,2,asynchronous
n010_069.bnet,random_mc,21,2,0,30,0,32,2,2,asynchronous
n010_069.bnet,random_mc,22,2,0,30,0,32,2,2,asynchronous
n010_069.bnet,random_mc,23,2,0,30,0,32,2,2,asynchronous
n010_069.bnet,random_mc,24,2,0,30,0,32,2,2,asynchronous
n010_069.bnet,random_mc,25,2,0,30,0,32,2,2,asynchronous
n010_069.bnet,random_mc,26,2,0,30,0,32,2,2,asynchronous
n010_069.bnet,random_mc,27,2,0,30,0,32,2,2,asynchronous
n010_069.bnet,random_mc,28,2,0,30,0,32,2,2,asynchronous
n010_069.bnet,random_mc,29,2,0,30,0,32,2,2,asynchronous
n010_070.bnet,sd_mc,,2,0,0,0,2,2,2,asynchronous
n010_070.bnet,null_mc,,2,0,0,0,2,2,2,asynchronous
n010_070.bnet,ref,,2,0,0,0,2,2,2,asynchronous
n010_070.bnet,random_mc,0,2,0,0,0,2,2,2,asynchronous
n010_070.bnet,random_mc,1,2,0,0,0,2,2,2,asynchronous
n010_070.bnet,random_mc,2,2,0,0,0,2,2,2,asynchronous
n010_070.bnet,random_mc,3,2,0,0,0,2,2,2,asynchronous
n010_070.bnet,random_mc,4,2,0,0,0,2,2,2,asynchronous
n010_070.bnet,random_mc,5,2,0,0,0,2,2,2,asynchronous
n010_070.bnet,random_mc,6,2,0,0,0,2,2,2,asynchronous
n010_070.bnet,random_mc,7,2,0,0,0,2,2,2,asynchronous
n010_070.bnet,random_mc,8,2,0,0,0,2,2,2,asynchronous
n010_070.bnet,random_mc,9,2,0,0,0,2,2,2,asynchronous
n010_070.bnet,random_mc,10,2,0,0,0,2,2,2,asynchronous
n010_070.bnet,random_mc,11,2,0,0,0,2,2,2,asynchronous
n010_070.bnet,random_mc,12,2,0,0,0,2,2,2,asynchronous
n010_070.bnet,random_mc,13,2,0,0,0,2,2,2,asynchronous
n010_070.bnet,random_mc,14,2,0,0,0,2,2,2,asynchronous
n010_070.bnet,random_mc,15,2,0,0,0,2,2,2,asynchronous
n010_070.bnet,random_mc,16,2,0,0,0,2,2,2,asynchronous
n010_070.bnet,random_mc,17,2,0,0,0,2,2,2,asynchronous
n010_070.bnet,random_mc,18,2,0,0,0,2,2,2,asynchronous
n010_070.bnet,random_mc,19,2,0,0,0,2,2,2,asynchronous
n010_070.bnet,random_mc,20,2,0,0,0,2,2,2,asynchronous
n010_070.bnet,random_mc,21,2,0,0,0,2,2,2,asynchronous
n010_070.bnet,random_mc,22,2,0,0,0,2,2,2,asynchronous
n010_070.bnet,random_mc,23,2,0,0,0,2,2,2,asynchronous
n010_070.bnet,random_mc,24,2,0,0,0,2,2,2,asynchronous
n010_070.bnet,random_mc,25,2,0,0,0,2,2,2,asynchronous
n010_070.bnet,random_mc,26,2,0,0,0,2,2,2,asynchronous
n010_070.bnet,random_mc,27,2,0,0,0,2,2,2,asynchronous
n010_070.bnet,random_mc,28,2,0,0,0,2,2,2,asynchronous
n010_070.bnet,random_mc,29,2,0,0,0,2,2,2,asynchronous
n010_071.bnet,sd_mc,,2,0,30,0,32,2,2,asynchronous
n010_071.bnet,null_mc,,2,0,30,0,32,2,2,asynchronous
n010_071.bnet,ref,,2,30,0,0,32,2,2,asynchronous
n010_071.bnet,random_mc,0,2,0,30,0,32,2,2,asynchronous
n010_071.bnet,random_mc,1,2,0,30,0,32,2,2,asynchronous
n010_071.bnet,random_mc,2,2,0,30,0,32,2,2,asynchronous
n010_071.bnet,random_mc,3,2,0,30,0,32,2,2,asynchronous
n010_071.bnet,random_mc,4,2,0,30,0,32,2,2,asynchronous
n010_071.bnet,random_mc,5,2,0,30,0,32,2,2,asynchronous
n010_071.bnet,random_mc,6,2,0,30,0,32,2,2,asynchronous
n010_071.bnet,random_mc,7,2,0,30,0,32,2,2,asynchronous
n010_071.bnet,random_mc,8,2,0,30,0,32,2,2,asynchronous
n010_071.bnet,random_mc,9,2,0,30,0,32,2,2,asynchronous
n010_071.bnet,random_mc,10,2,0,30,0,32,2,2,asynchronous
n010_071.bnet,random_mc,11,2,0,30,0,32,2,2,asynchronous
n010_071.bnet,random_mc,12,2,0,30,0,32,2,2,asynchronous
n010_071.bnet,random_mc,13,2,0,30,0,32,2,2,asynchronous
n010_071.bnet,random_mc,14,2,0,30,0,32,2,2,asynchronous
n010_071.bnet,random_mc,15,2,0,30,0,32,2,2,asynchronous
n010_071.bnet,random_mc,16,2,0,30,0,32,2,2,asynchronous
n010_071.bnet,random_mc,17,2,0,30,0,32,2,2,asynchronous
n010_071.bnet,random_mc,18,2,0,30,0,32,2,2,asynchronous
n010_071.bnet,random_mc,19,2,0,30,0,32,2,2,asynchronous
n010_071.bnet,random_mc,20,2,0,30,0,32,2,2,asynchronous
n010_071.bnet,random_mc,21,2,0,30,0,32,2,2,asynchronous
n010_071.bnet,random_mc,22,2,0,30,0,32,2,2,asynchronous
n010_071.bnet,random_mc,23,2,0,30,0,32,2,2,asynchronous
n010_071.bnet,random_mc,24,2,0,30,0,32,2,2,asynchronous
n010_071.bnet,random_mc,25,2,0,30,0,32,2,2,asynchronous
n010_071.bnet,random_mc,26,2,0,30,0,32,2,2,asynchronous
n010_071.bnet,random_mc,27,2,0,30,0,32,2,2,asynchronous
n010_071.bnet,random_mc,28,2,0,30,0,32,2,2,asynchronous
n010_071.bnet,random_mc,29,2,0,30,0,32,2,2,asynchronous
n010_073.bnet,sd_mc,,1,0,255,0,256,1,1,asynchronous
n010_073.bnet,null_mc,,1,0,255,0,256,1,1,asynchronous
n010_073.bnet,ref,,1,255,0,0,256,1,1,asynchronous
n010_073.bnet,random_mc,0,1,0,255,0,256,1,1,asynchronous
n010_073.bnet,random_mc,1,1,0,255,0,256,1,1,asynchronous
n010_073.bnet,random_mc,2,1,0,255,0,256,1,1,asynchronous
n010_073.bnet,random_mc,3,1,0,255,0,256,1,1,asynchronous
n010_073.bnet,random_mc,4,1,0,255,0,256,1,1,asynchronous
n010_073.bnet,random_mc,5,1,0,255,0,256,1,1,asynchronous
n010_073.bnet,random_mc,6,1,0,255,0,256,1,1,asynchronous
n010_073.bnet,random_mc,7,1,0,255,0,256,1,1,asynchronous
n010_073.bnet,random_mc,8,1,0,255,0,256,1,1,asynchronous
n010_073.bnet,random_mc,9,1,0,255,0,256,1,1,asynchronous
n010_073.bnet,random_mc,10,1,0,255,0,256,1,1,asynchronous
n010_073.bnet,random_mc,11,1,0,255,0,256,1,1,asynchronous
n010_073.bnet,random_mc,12,1,0,255,0,256,1,1,asynchronous
n010_073.bnet,random_mc,13,1,0,255,0,256,1,1,asynchronous
n010_073.bnet,random_mc,14,1,0,255,0,256,1,1,asynchronous
n010_073.bnet,random_mc,15,1,0,255,0,256,1,1,asynchronous
n010_073.bnet,random_mc,16,1,0,255,0,256,1,1,asynchronous
n010_073.bnet,random_mc,17,1,0,255,0,256,1,1,asynchronous
n010_073.bnet,random_mc,18,1,0,255,0,256,1,1,asynchronous
n010_073.bnet,random_mc,19,1,0,255,0,256,1,1,asynchronous
n010_073.bnet,random_mc,20,1,0,255,0,256,1,1,asynchronous
n010_073.bnet,random_mc,21,1,0,255,0,256,1,1,asynchronous
n010_073.bnet,random_mc,22,1,0,255,0,256,1,1,asynchronous
n010_073.bnet,random_mc,23,1,0,255,0,256,1,1,asynchronous
n010_073.bnet,random_mc,24,1,0,255,0,256,1,1,asynchronous
n010_073.bnet,random_mc,25,1,0,255,0,256,1,1,asynchronous
n010_073.bnet,random_mc,26,1,0,255,0,256,1,1,asynchronous
n010_073.bnet,random_mc,27,1,0,255,0,256,1,1,asynchronous
n010_073.bnet,random_mc,28,1,0,255,0,256,1,1,asynchronous
n010_073.bnet,random_mc,29,1,0,255,0,256,1,1,asynchronous
n010_074.bnet,sd_mc,,25,0,999,0,1024,3,3,asynchronous
n010_074.bnet,null_mc,,25,0,999,0,1024,3,3,asynchronous
n010_074.bnet,ref,,25,999,0,0,1024,3,3,asynchronous
n010_074.bnet,random_mc,0,25,0,999,0,1024,3,3,asynchronous
n010_074.bnet,random_mc,1,25,0,999,0,1024,3,3,asynchronous
n010_074.bnet,random_mc,2,25,0,999,0,1024,3,3,asynchronous
n010_074.bnet,random_mc,3,25,0,999,0,1024,3,3,asynchronous
n010_074.bnet,random_mc,4,25,0,999,0,1024,3,3,asynchronous
n010_074.bnet,random_mc,5,25,0,999,0,1024,3,3,asynchronous
n010_074.bnet,random_mc,6,25,0,999,0,1024,3,3,asynchronous
n010_074.bnet,random_mc,7,25,0,999,0,1024,3,3,asynchronous
n010_074.bnet,random_mc,8,25,0,999,0,1024,3,3,asynchronous
n010_074.bnet,random_mc,9,25,0,999,0,1024,3,3,asynchronous
n010_074.bnet,random_mc,10,25,0,999,0,1024,3,3,asynchronous
n010_074.bnet,random_mc,11,25,0,999,0,1024,3,3,asynchronous
n010_074.bnet,random_mc,12,25,0,999,0,1024,3,3,asynchronous
n010_074.bnet,random_mc,13,25,0,999,0,1024,3,3,asynchronous
n010_074.bnet,random_mc,14,25,0,999,0,1024,3,3,asynchronous
n010_074.bnet,random_mc,15,25,0,999,0,1024,3,3,asynchronous
n010_074.bnet,random_mc,16,25,0,999,0,1024,3,3,asynchronous
n010_074.bnet,random_mc,17,25,0,999,0,1024,3,3,asynchronous
n010_074.bnet,random_mc,18,25,0,999,0,1024,3,3,asynchronous
n010_074.bnet,random_mc,19,25,0,999,0,1024,3,3,asynchronous
n010_074.bnet,random_mc,20,25,0,999,0,1024,3,3,asynchronous
n010_074.bnet,random_mc,21,25,0,999,0,1024,3,3,asynchronous
n010_074.bnet,random_mc,22,25,0,999,0,1024,3,3,asynchronous
n010_074.bnet,random_mc,23,25,0,999,0,1024,3,3,asynchronous
n010_074.bnet,random_mc,24,25,0,999,0,1024,3,3,asynchronous
n010_074.bnet,random_mc,25,25,0,999,0,1024,3,3,asynchronous
n010_074.bnet,random_mc,26,25,0,999,0,1024,3,3,asynchronous
n010_074.bnet,random_mc,27,25,0,999,0,1024,3,3,asynchronous
n010_074.bnet,random_mc,28,25,0,999,0,1024,3,3,asynchronous
n010_074.bnet,random_mc,29,25,0,999,0,1024,3,3,asynchronous
n010_075.bnet,sd_mc,,24,8,0,0,32,1,1,asynchronous
n010_075.bnet,null_mc,,24,8,0,0,32,1,1,asynchronous
n010_075.bnet,ref,,24,8,0,0,32,1,1,asynchronous
n010_075.bnet,random_mc,0,24,8,0,0,32,1,1,asynchronous
n010_075.bnet,random_mc,1,24,8,0,0,32,1,1,asynchronous
n010_075.bnet,random_mc,2,24,8,0,0,32,1,1,asynchronous
n010_075.bnet,random_mc,3,24,8,0,0,32,1,1,asynchronous
n010_075.bnet,random_mc,4,24,8,0,0,32,1,1,asynchronous
n010_075.bnet,random_mc,5,24,8,0,0,32,1,1,asynchronous
n010_075.bnet,random_mc,6,24,8,0,0,32,1,1,asynchronous
n010_075.bnet,random_mc,7,24,8,0,0,32,1,1,asynchronous
n010_075.bnet,random_mc,8,24,8,0,0,32,1,1,asynchronous
n010_075.bnet,random_mc,9,24,8,0,0,32,1,1,asynchronous
n010_075.bnet,random_mc,10,24,8,0,0,32,1,1,asynchronous
n010_075.bnet,random_mc,11,24,8,0,0,32,1,1,asynchronous
n010_075.bnet,random_mc,12,24,8,0,0,32,1,1,asynchronous
n010_075.bnet,random_mc,13,24,8,0,0,32,1,1,asynchronous
n010_075.bnet,random_mc,14,24,8,0,0,32,1,1,asynchronous
n010_075.bnet,random_mc,15,24,8,0,0,32,1,1,asynchronous
n010_075.bnet,random_mc,16,24,8,0,0,32,1,1,asynchronous
n010_075.bnet,random_mc,17,24,8,0,0,32,1,1,asynchronous
n010_075.bnet,random_mc,18,24,8,0,0,32,1,1,asynchronous
n010_075.bnet,random_mc,19,24,8,0,0,32,1,1,asynchronous
n010_075.bnet,random_mc,20,24,8,0,0,32,1,1,asynchronous
n010_075.bnet,random_mc,21,24,8,0,0,32,1,1,asynchronous
n010_075.bnet,random_mc,22,24,8,0,0,32,1,1,asynchronous
n010_075.bnet,random_mc,23,24,8,0,0,32,1,1,asynchronous
n010_075.bnet,random_mc,24,24,8,0,0,32,1,1,asynchronous
n010_075.bnet,random_mc,25,24,8,0,0,32,1,1,asynchronous
n010_075.bnet,random_mc,26,24,8,0,0,32,1,1,asynchronous
n010_075.bnet,random_mc,27,24,8,0,0,32,1,1,asynchronous
n010_075.bnet,random_mc,28,24,8,0,0,32,1,1,asynchronous
n010_075.bnet,random_mc,29,24,8,0,0,32,1,1,asynchronous
n010_076.bnet,sd_mc,,3,0,13,0,16,3,3,asynchronous
n010_076.bnet,null_mc,,3,0,13,0,16,3,3,asynchronous
n010_076.bnet,ref,,3,13,0,0,16,3,3,asynchronous
n010_076.bnet,random_mc,0,3,0,13,0,16,3,3,asynchronous
n010_076.bnet,random_mc,1,3,0,13,0,16,3,3,asynchronous
n010_076.bnet,random_mc,2,3,0,13,0,16,3,3,asynchronous
n010_076.bnet,random_mc,3,3,0,13,0,16,3,3,asynchronous
n010_076.bnet,random_mc,4,3,0,13,0,16,3,3,asynchronous
n010_076.bnet,random_mc,5,3,0,13,0,16,3,3,asynchronous
n010_076.bnet,random_mc,6,3,0,13,0,16,3,3,asynchronous
n010_076.bnet,random_mc,7,3,0,13,0,16,3,3,asynchronous
n010_076.bnet,random_mc,8,3,0,13,0,16,3,3,asynchronous
n010_076.bnet,random_mc,9,3,0,13,0,16,3,3,asynchronous
n010_076.bnet,random_mc,10,3,0,13,0,16,3,3,asynchronous
n010_076.bnet,random_mc,11,3,0,13,0,16,3,3,asynchronous
n010_076.bnet,random_mc,12,3,0,13,0,16,3,3,asynchronous
n010_076.bnet,random_mc,13,3,0,13,0,16,3,3,asynchronous
n010_076.bnet,random_mc,14,3,0,13,0,16,3,3,asynchronous
n010_076.bnet,random_mc,15,3,0,13,0,16,3,3,asynchronous
n010_076.bnet,random_mc,16,3,0,13,0,16,3,3,asynchronous
n010_076.bnet,random_mc,17,3,0,13,0,16,3,3,asynchronous
n010_076.bnet,random_mc,18,3,0,13,0,16,3,3,asynchronous
n010_076.bnet,random_mc,19,3,0,13,0,16,3,3,asynchronous
n010_076.bnet,random_mc,20,3,0,13,0,16,3,3,asynchronous
n010_076.bnet,random_mc,21,3,0,13,0,16,3,3,asynchronous
n010_076.bnet,random_mc,22,3,0,13,0,16,3,3,asynchronous
n010_076.bnet,random_mc,23,3,0,13,0,16,3,3,asynchronous
n010_076.bnet,random_mc,24,3,0,13,0,16,3,3,asynchronous
n010_076.bnet,random_mc,25,3,0,13,0,16,3,3,asynchronous
n010_076.bnet,random_mc,26,3,0,13,0,16,3,3,asynchronous
n010_076.bnet,random_mc,27,3,0,13,0,16,3,3,asynchronous
n010_076.bnet,random_mc,28,3,0,13,0,16,3,3,asynchronous
n010_076.bnet,random_mc,29,3,0,13,0,16,3,3,asynchronous
n010_077.bnet,sd_mc,,2,0,254,0,256,2,2,asynchronous
n010_077.bnet,null_mc,,2,0,254,0,256,2,2,asynchronous
n010_077.bnet,ref,,2,254,0,0,256,2,2,asynchronous
n010_077.bnet,random_mc,0,2,0,254,0,256,2,2,asynchronous
n010_077.bnet,random_mc,1,2,0,254,0,256,2,2,asynchronous
n010_077.bnet,random_mc,2,2,0,254,0,256,2,2,asynchronous
n010_077.bnet,random_mc,3,2,0,254,0,256,2,2,asynchronous
n010_077.bnet,random_mc,4,2,0,254,0,256,2,2,asynchronous
n010_077.bnet,random_mc,5,2,0,254,0,256,2,2,asynchronous
n010_077.bnet,random_mc,6,2,0,254,0,256,2,2,asynchronous
n010_077.bnet,random_mc,7,2,0,254,0,256,2,2,asynchronous
n010_077.bnet,random_mc,8,2,0,254,0,256,2,2,asynchronous
n010_077.bnet,random_mc,9,2,0,254,0,256,2,2,asynchronous
n010_077.bnet,random_mc,10,2,0,254,0,256,2,2,asynchronous
n010_077.bnet,random_mc,11,2,0,254,0,256,2,2,asynchronous
n010_077.bnet,random_mc,12,2,0,254,0,256,2,2,asynchronous
n010_077.bnet,random_mc,13,2,0,254,0,256,2,2,asynchronous
n010_077.bnet,random_mc,14,2,0,254,0,256,2,2,asynchronous
n010_077.bnet,random_mc,15,2,0,254,0,256,2,2,asynchronous
n010_077.bnet,random_mc,16,2,0,254,0,256,2,2,asynchronous
n010_077.bnet,random_mc,17,2,0,254,0,256,2,2,asynchronous
n010_077.bnet,random_mc,18,2,0,254,0,256,2,2,asynchronous
n010_077.bnet,random_mc,19,2,0,254,0,256,2,2,asynchronous
n010_077.bnet,random_mc,20,2,0,254,0,256,2,2,asynchronous
n010_077.bnet,random_mc,21,2,0,254,0,256,2,2,asynchronous
n010_077.bnet,random_mc,22,2,0,254,0,256,2,2,asynchronous
n010_077.bnet,random_mc,23,2,0,254,0,256,2,2,asynchronous
n010_077.bnet,random_mc,24,2,0,254,0,256,2,2,asynchronous
n010_077.bnet,random_mc,25,2,0,254,0,256,2,2,asynchronous
n010_077.bnet,random_mc,26,2,0,254,0,256,2,2,asynchronous
n010_077.bnet,random_mc,27,2,0,254,0,256,2,2,asynchronous
n010_077.bnet,random_mc,28,2,0,254,0,256,2,2,asynchronous
n010_077.bnet,random_mc,29,2,0,254,0,256,2,2,asynchronous
n010_078.bnet,sd_mc,,4,0,508,0,512,1,1,asynchronous
n010_078.bnet,null_mc,,4,0,508,0,512,1,1,asynchronous
n010_078.bnet,ref,,4,508,0,0,512,1,1,asynchronous
n010_078.bnet,random_mc,0,4,0,508,0,512,1,1,asynchronous
n010_078.bnet,random_mc,1,4,0,508,0,512,1,1,asynchronous
n010_078.bnet,random_mc,2,4,0,508,0,512,1,1,asynchronous
n010_078.bnet,random_mc,3,4,0,508,0,512,1,1,asynchronous
n010_078.bnet,random_mc,4,4,0,508,0,512,1,1,asynchronous
n010_078.bnet,random_mc,5,4,0,508,0,512,1,1,asynchronous
n010_078.bnet,random_mc,6,4,0,508,0,512,1,1,asynchronous
n010_078.bnet,random_mc,7,4,0,508,0,512,1,1,asynchronous
n010_078.bnet,random_mc,8,4,0,508,0,512,1,1,asynchronous
n010_078.bnet,random_mc,9,4,0,508,0,512,1,1,asynchronous
n010_078.bnet,random_mc,10,4,0,508,0,512,1,1,asynchronous
n010_078.bnet,random_mc,11,4,0,508,0,512,1,1,asynchronous
n010_078.bnet,random_mc,12,4,0,508,0,512,1,1,asynchronous
n010_078.bnet,random_mc,13,4,0,508,0,512,1,1,asynchronous
n010_078.bnet,random_mc,14,4,0,508,0,512,1,1,asynchronous
n010_078.bnet,random_mc,15,4,0,508,0,512,1,1,asynchronous
n010_078.bnet,random_mc,16,4,0,508,0,512,1,1,asynchronous
n010_078.bnet,random_mc,17,4,0,508,0,512,1,1,asynchronous
n010_078.bnet,random_mc,18,4,0,508,0,512,1,1,asynchronous
n010_078.bnet,random_mc,19,4,0,508,0,512,1,1,asynchronous
n010_078.bnet,random_mc,20,4,0,508,0,512,1,1,asynchronous
n010_078.bnet,random_mc,21,4,0,508,0,512,1,1,asynchronous
n010_078.bnet,random_mc,22,4,0,508,0,512,1,1,asynchronous
n010_078.bnet,random_mc,23,4,0,508,0,512,1,1,asynchronous
n010_078.bnet,random_mc,24,4,0,508,0,512,1,1,asynchronous
n010_078.bnet,random_mc,25,4,0,508,0,512,1,1,asynchronous
n010_078.bnet,random_mc,26,4,0,508,0,512,1,1,asynchronous
n010_078.bnet,random_mc,27,4,0,508,0,512,1,1,asynchronous
n010_078.bnet,random_mc,28,4,0,508,0,512,1,1,asynchronous
n010_078.bnet,random_mc,29,4,0,508,0,512,1,1,asynchronous
n010_079.bnet,sd_mc,,8,0,0,0,8,1,1,asynchronous
n010_079.bnet,null_mc,,8,0,0,0,8,1,1,asynchronous
n010_079.bnet,ref,,8,0,0,0,8,1,1,asynchronous
n010_079.bnet,random_mc,0,8,0,0,0,8,1,1,asynchronous
n010_079.bnet,random_mc,1,8,0,0,0,8,1,1,asynchronous
n010_079.bnet,random_mc,2,8,0,0,0,8,1,1,asynchronous
n010_079.bnet,random_mc,3,8,0,0,0,8,1,1,asynchronous
n010_079.bnet,random_mc,4,8,0,0,0,8,1,1,asynchronous
n010_079.bnet,random_mc,5,8,0,0,0,8,1,1,asynchronous
n010_079.bnet,random_mc,6,8,0,0,0,8,1,1,asynchronous
n010_079.bnet,random_mc,7,8,0,0,0,8,1,1,asynchronous
n010_079.bnet,random_mc,8,8,0,0,0,8,1,1,asynchronous
n010_079.bnet,random_mc,9,8,0,0,0,8,1,1,asynchronous
n010_079.bnet,random_mc,10,8,0,0,0,8,1,1,asynchronous
n010_079.bnet,random_mc,11,8,0,0,0,8,1,1,asynchronous
n010_079.bnet,random_mc,12,8,0,0,0,8,1,1,asynchronous
n010_079.bnet,random_mc,13,8,0,0,0,8,1,1,asynchronous
n010_079.bnet,random_mc,14,8,0,0,0,8,1,1,asynchronous
n010_079.bnet,random_mc,15,8,0,0,0,8,1,1,asynchronous
n010_079.bnet,random_mc,16,8,0,0,0,8,1,1,asynchronous
n010_079.bnet,random_mc,17,8,0,0,0,8,1,1,asynchronous
n010_079.bnet,random_mc,18,8,0,0,0,8,1,1,asynchronous
n010_079.bnet,random_mc,19,8,0,0,0,8,1,1,asynchronous
n010_079.bnet,random_mc,20,8,0,0,0,8,1,1,asynchronous
n010_079.bnet,random_mc,21,8,0,0,0,8,1,1,asynchronous
n010_079.bnet,random_mc,22,8,0,0,0,8,1,1,asynchronous
n010_079.bnet,random_mc,23,8,0,0,0,8,1,1,asynchronous
n010_079.bnet,random_mc,24,8,0,0,0,8,1,1,asynchronous
n010_079.bnet,random_mc,25,8,0,0,0,8,1,1,asynchronous
n010_079.bnet,random_mc,26,8,0,0,0,8,1,1,asynchronous
n010_079.bnet,random_mc,27,8,0,0,0,8,1,1,asynchronous
n010_079.bnet,random_mc,28,8,0,0,0,8,1,1,asynchronous
n010_079.bnet,random_mc,29,8,0,0,0,8,1,1,asynchronous
n010_080.bnet,sd_mc,,10,0,502,0,512,3,3,asynchronous
n010_080.bnet,null_mc,,10,0,502,0,512,3,3,asynchronous
n010_080.bnet,ref,,10,502,0,0,512,3,3,asynchronous
n010_080.bnet,random_mc,0,10,0,502,0,512,3,3,asynchronous
n010_080.bnet,random_mc,1,10,0,502,0,512,3,3,asynchronous
n010_080.bnet,random_mc,2,10,0,502,0,512,3,3,asynchronous
n010_080.bnet,random_mc,3,10,0,502,0,512,3,3,asynchronous
n010_080.bnet,random_mc,4,10,0,502,0,512,3,3,asynchronous
n010_080.bnet,random_mc,5,10,0,502,0,512,3,3,asynchronous
n010_080.bnet,random_mc,6,10,0,502,0,512,3,3,asynchronous
n010_080.bnet,random_mc,7,10,0,502,0,512,3,3,asynchronous
n010_080.bnet,random_mc,8,10,0,502,0,512,3,3,asynchronous
n010_080.bnet,random_mc,9,10,0,502,0,512,3,3,asynchronous
n010_080.bnet,random_mc,10,10,0,502,0,512,3,3,asynchronous
n010_080.bnet,random_mc,11,10,0,502,0,512,3,3,asynchronous
n010_080.bnet,random_mc,12,10,0,502,0,512,3,3,asynchronous
n010_080.bnet,random_mc,13,10,0,502,0,512,3,3,asynchronous
n010_080.bnet,random_mc,14,10,0,502,0,512,3,3,asynchronous
n010_080.bnet,random_mc,15,10,0,502,0,512,3,3,asynchronous
n010_080.bnet,random_mc,16,10,0,502,0,512,3,3,asynchronous
n010_080.bnet,random_mc,17,10,0,502,0,512,3,3,asynchronous
n010_080.bnet,random_mc,18,10,0,502,0,512,3,3,asynchronous
n010_080.bnet,random_mc,19,10,0,502,0,512,3,3,asynchronous
n010_080.bnet,random_mc,20,10,0,502,0,512,3,3,asynchronous
n010_080.bnet,random_mc,21,10,0,502,0,512,3,3,asynchronous
n010_080.bnet,random_mc,22,10,0,502,0,512,3,3,asynchronous
n010_080.bnet,random_mc,23,10,0,502,0,512,3,3,asynchronous
n010_080.bnet,random_mc,24,10,0,502,0,512,3,3,asynchronous
n010_080.bnet,random_mc,25,10,0,502,0,512,3,3,asynchronous
n010_080.bnet,random_mc,26,10,0,502,0,512,3,3,asynchronous
n010_080.bnet,random_mc,27,10,0,502,0,512,3,3,asynchronous
n010_080.bnet,random_mc,28,10,0,502,0,512,3,3,asynchronous
n010_080.bnet,random_mc,29,10,0,502,0,512,3,3,asynchronous
n010_082.bnet,sd_mc,,28,4,992,0,1024,1,1,asynchronous
n010_082.bnet,null_mc,,28,4,992,0,1024,1,1,asynchronous
n010_082.bnet,ref,,28,996,0,0,1024,1,1,asynchronous
n010_082.bnet,random_mc,0,28,4,992,0,1024,1,1,asynchronous
n010_082.bnet,random_mc,1,28,4,992,0,1024,1,1,asynchronous
n010_082.bnet,random_mc,2,28,4,992,0,1024,1,1,asynchronous
n010_082.bnet,random_mc,3,28,4,992,0,1024,1,1,asynchronous
n010_082.bnet,random_mc,4,28,4,992,0,1024,1,1,asynchronous
n010_082.bnet,random_mc,5,28,4,992,0,1024,1,1,asynchronous
n010_082.bnet,random_mc,6,28,4,992,0,1024,1,1,asynchronous
n010_082.bnet,random_mc,7,28,4,992,0,1024,1,1,asynchronous
n010_082.bnet,random_mc,8,28,4,992,0,1024,1,1,asynchronous
n010_082.bnet,random_mc,9,28,4,992,0,1024,1,1,asynchronous
n010_082.bnet,random_mc,10,28,4,992,0,1024,1,1,asynchronous
n010_082.bnet,random_mc,11,28,4,992,0,1024,1,1,asynchronous
n010_082.bnet,random_mc,12,28,4,992,0,1024,1,1,asynchronous
n010_082.bnet,random_mc,13,28,4,992,0,1024,1,1,asynchronous
n010_082.bnet,random_mc,14,28,4,992,0,1024,1,1,asynchronous
n010_082.bnet,random_mc,15,28,4,992,0,1024,1,1,asynchronous
n010_082.bnet,random_mc,16,28,4,992,0,1024,1,1,asynchronous
n010_082.bnet,random_mc,17,28,4,992,0,1024,1,1,asynchronous
n010_082.bnet,random_mc,18,28,4,992,0,1024,1,1,asynchronous
n010_082.bnet,random_mc,19,28,4,992,0,1024,1,1,asynchronous
n010_082.bnet,random_mc,20,28,4,992,0,1024,1,1,asynchronous
n010_082.bnet,random_mc,21,28,4,992,0,1024,1,1,asynchronous
n010_082.bnet,random_mc,22,28,4,992,0,1024,1,1,asynchronous
n010_082.bnet,random_mc,23,28,4,992,0,1024,1,1,asynchronous
n010_082.bnet,random_mc,24,28,4,992,0,1024,1,1,asynchronous
n010_082.bnet,random_mc,25,28,4,992,0,1024,1,1,asynchronous
n010_082.bnet,random_mc,26,28,4,992,0,1024,1,1,asynchronous
n010_082.bnet,random_mc,27,28,4,992,0,1024,1,1,asynchronous
n010_082.bnet,random_mc,28,28,4,992,0,1024,1,1,asynchronous
n010_082.bnet,random_mc,29,28,4,992,0,1024,1,1,asynchronous
n010_083.bnet,sd_mc,,3,0,61,0,64,3,3,asynchronous
n010_083.bnet,null_mc,,3,0,61,0,64,3,3,asynchronous
n010_083.bnet,ref,,3,61,0,0,64,3,3,asynchronous
n010_083.bnet,random_mc,0,3,0,61,0,64,3,3,asynchronous
n010_083.bnet,random_mc,1,3,0,61,0,64,3,3,asynchronous
n010_083.bnet,random_mc,2,3,0,61,0,64,3,3,asynchronous
n010_083.bnet,random_mc,3,3,0,61,0,64,3,3,asynchronous
n010_083.bnet,random_mc,4,3,0,61,0,64,3,3,asynchronous
n010_083.bnet,random_mc,5,3,0,61,0,64,3,3,asynchronous
n010_083.bnet,random_mc,6,3,0,61,0,64,3,3,asynchronous
n010_083.bnet,random_mc,7,3,0,61,0,64,3,3,asynchronous
n010_083.bnet,random_mc,8,3,0,61,0,64,3,3,asynchronous
n010_083.bnet,random_mc,9,3,0,61,0,64,3,3,asynchronous
n010_083.bnet,random_mc,10,3,0,61,0,64,3,3,asynchronous
n010_083.bnet,random_mc,11,3,0,61,0,64,3,3,asynchronous
n010_083.bnet,random_mc,12,3,0,61,0,64,3,3,asynchronous
n010_083.bnet,random_mc,13,3,0,61,0,64,3,3,asynchronous
n010_083.bnet,random_mc,14,3,0,61,0,64,3,3,asynchronous
n010_083.bnet,random_mc,15,3,0,61,0,64,3,3,asynchronous
n010_083.bnet,random_mc,16,3,0,61,0,64,3,3,asynchronous
n010_083.bnet,random_mc,17,3,0,61,0,64,3,3,asynchronous
n010_083.bnet,random_mc,18,3,0,61,0,64,3,3,asynchronous
n010_083.bnet,random_mc,19,3,0,61,0,64,3,3,asynchronous
n010_083.bnet,random_mc,20,3,0,61,0,64,3,3,asynchronous
n010_083.bnet,random_mc,21,3,0,61,0,64,3,3,asynchronous
n010_083.bnet,random_mc,22,3,0,61,0,64,3,3,asynchronous
n010_083.bnet,random_mc,23,3,0,61,0,64,3,3,asynchronous
n010_083.bnet,random_mc,24,3,0,61,0,64,3,3,asynchronous
n010_083.bnet,random_mc,25,3,0,61,0,64,3,3,asynchronous
n010_083.bnet,random_mc,26,3,0,61,0,64,3,3,asynchronous
n010_083.bnet,random_mc,27,3,0,61,0,64,3,3,asynchronous
n010_083.bnet,random_mc,28,3,0,61,0,64,3,3,asynchronous
n010_083.bnet,random_mc,29,3,0,61,0,64,3,3,asynchronous
n010_084.bnet,sd_mc,,1,0,511,0,512,1,1,asynchronous
n010_084.bnet,null_mc,,1,0,511,0,512,1,1,asynchronous
n010_084.bnet,ref,,1,511,0,0,512,1,1,asynchronous
n010_084.bnet,random_mc,0,1,0,511,0,512,1,1,asynchronous
n010_084.bnet,random_mc,1,1,0,511,0,512,1,1,asynchronous
n010_084.bnet,random_mc,2,1,0,511,0,512,1,1,asynchronous
n010_084.bnet,random_mc,3,1,0,511,0,512,1,1,asynchronous
n010_084.bnet,random_mc,4,1,0,511,0,512,1,1,asynchronous
n010_084.bnet,random_mc,5,1,0,511,0,512,1,1,asynchronous
n010_084.bnet,random_mc,6,1,0,511,0,512,1,1,asynchronous
n010_084.bnet,random_mc,7,1,0,511,0,512,1,1,asynchronous
n010_084.bnet,random_mc,8,1,0,511,0,512,1,1,asynchronous
n010_084.bnet,random_mc,9,1,0,511,0,512,1,1,asynchronous
n010_084.bnet,random_mc,10,1,0,511,0,512,1,1,asynchronous
n010_084.bnet,random_mc,11,1,0,511,0,512,1,1,asynchronous
n010_084.bnet,random_mc,12,1,0,511,0,512,1,1,asynchronous
n010_084.bnet,random_mc,13,1,0,511,0,512,1,1,asynchronous
n010_084.bnet,random_mc,14,1,0,511,0,512,1,1,asynchronous
n010_084.bnet,random_mc,15,1,0,511,0,512,1,1,asynchronous
n010_084.bnet,random_mc,16,1,0,511,0,512,1,1,asynchronous
n010_084.bnet,random_mc,17,1,0,511,0,512,1,1,asynchronous
n010_084.bnet,random_mc,18,1,0,511,0,512,1,1,asynchronous
n010_084.bnet,random_mc,19,1,0,511,0,512,1,1,asynchronous
n010_084.bnet,random_mc,20,1,0,511,0,512,1,1,asynchronous
n010_084.bnet,random_mc,21,1,0,511,0,512,1,1,asynchronous
n010_084.bnet,random_mc,22,1,0,511,0,512,1,1,asynchronous
n010_084.bnet,random_mc,23,1,0,511,0,512,1,1,asynchronous
n010_084.bnet,random_mc,24,1,0,511,0,512,1,1,asynchronous
n010_084.bnet,random_mc,25,1,0,511,0,512,1,1,asynchronous
n010_084.bnet,random_mc,26,1,0,511,0,512,1,1,asynchronous
n010_084.bnet,random_mc,27,1,0,511,0,512,1,1,asynchronous
n010_084.bnet,random_mc,28,1,0,511,0,512,1,1,asynchronous
n010_084.bnet,random_mc,29,1,0,511,0,512,1,1,asynchronous
n010_085.bnet,sd_mc,,4,0,124,0,128,4,4,asynchronous
n010_085.bnet,null_mc,,4,0,124,0,128,4,4,asynchronous
n010_085.bnet,ref,,4,124,0,0,128,4,4,asynchronous
n010_085.bnet,random_mc,0,4,0,124,0,128,4,4,asynchronous
n010_085.bnet,random_mc,1,4,0,124,0,128,4,4,asynchronous
n010_085.bnet,random_mc,2,4,0,124,0,128,4,4,asynchronous
n010_085.bnet,random_mc,3,4,0,124,0,128,4,4,asynchronous
n010_085.bnet,random_mc,4,4,0,124,0,128,4,4,asynchronous
n010_085.bnet,random_mc,5,4,0,124,0,128,4,4,asynchronous
n010_085.bnet,random_mc,6,4,0,124,0,128,4,4,asynchronous
n010_085.bnet,random_mc,7,4,0,124,0,128,4,4,asynchronous
n010_085.bnet,random_mc,8,4,0,124,0,128,4,4,asynchronous
n010_085.bnet,random_mc,9,4,0,124,0,128,4,4,asynchronous
n010_085.bnet,random_mc,10,4,0,124,0,128,4,4,asynchronous
n010_085.bnet,random_mc,11,4,0,124,0,128,4,4,asynchronous
n010_085.bnet,random_mc,12,4,0,124,0,128,4,4,asynchronous
n010_085.bnet,random_mc,13,4,0,124,0,128,4,4,asynchronous
n010_085.bnet,random_mc,14,4,0,124,0,128,4,4,asynchronous
n010_085.bnet,random_mc,15,4,0,124,0,128,4,4,asynchronous
n010_085.bnet,random_mc,16,4,0,124,0,128,4,4,asynchronous
n010_085.bnet,random_mc,17,4,0,124,0,128,4,4,asynchronous
n010_085.bnet,random_mc,18,4,0,124,0,128,4,4,asynchronous
n010_085.bnet,random_mc,19,4,0,124,0,128,4,4,asynchronous
n010_085.bnet,random_mc,20,4,0,124,0,128,4,4,asynchronous
n010_085.bnet,random_mc,21,4,0,124,0,128,4,4,asynchronous
n010_085.bnet,random_mc,22,4,0,124,0,128,4,4,asynchronous
n010_085.bnet,random_mc,23,4,0,124,0,128,4,4,asynchronous
n010_085.bnet,random_mc,24,4,0,124,0,128,4,4,asynchronous
n010_085.bnet,random_mc,25,4,0,124,0,128,4,4,asynchronous
n010_085.bnet,random_mc,26,4,0,124,0,128,4,4,asynchronous
n010_085.bnet,random_mc,27,4,0,124,0,128,4,4,asynchronous
n010_085.bnet,random_mc,28,4,0,124,0,128,4,4,asynchronous
n010_085.bnet,random_mc,29,4,0,124,0,128,4,4,asynchronous
n010_086.bnet,sd_mc,,1,0,63,0,64,1,1,asynchronous
n010_086.bnet,null_mc,,1,0,63,0,64,1,1,asynchronous
n010_086.bnet,ref,,1,63,0,0,64,1,1,asynchronous
n010_086.bnet,random_mc,0,1,0,63,0,64,1,1,asynchronous
n010_086.bnet,random_mc,1,1,0,63,0,64,1,1,asynchronous
n010_086.bnet,random_mc,2,1,0,63,0,64,1,1,asynchronous
n010_086.bnet,random_mc,3,1,0,63,0,64,1,1,asynchronous
n010_086.bnet,random_mc,4,1,0,63,0,64,1,1,asynchronous
n010_086.bnet,random_mc,5,1,0,63,0,64,1,1,asynchronous
n010_086.bnet,random_mc,6,1,0,63,0,64,1,1,asynchronous
n010_086.bnet,random_mc,7,1,0,63,0,64,1,1,asynchronous
n010_086.bnet,random_mc,8,1,0,63,0,64,1,1,asynchronous
n010_086.bnet,random_mc,9,1,0,63,0,64,1,1,asynchronous
n010_086.bnet,random_mc,10,1,0,63,0,64,1,1,asynchronous
n010_086.bnet,random_mc,11,1,0,63,0,64,1,1,asynchronous
n010_086.bnet,random_mc,12,1,0,63,0,64,1,1,asynchronous
n010_086.bnet,random_mc,13,1,0,63,0,64,1,1,asynchronous
n010_086.bnet,random_mc,14,1,0,63,0,64,1,1,asynchronous
n010_086.bnet,random_mc,15,1,0,63,0,64,1,1,asynchronous
n010_086.bnet,random_mc,16,1,0,63,0,64,1,1,asynchronous
n010_086.bnet,random_mc,17,1,0,63,0,64,1,1,asynchronous
n010_086.bnet,random_mc,18,1,0,63,0,64,1,1,asynchronous
n010_086.bnet,random_mc,19,1,0,63,0,64,1,1,asynchronous
n010_086.bnet,random_mc,20,1,0,63,0,64,1,1,asynchronous
n010_086.bnet,random_mc,21,1,0,63,0,64,1,1,asynchronous
n010_086.bnet,random_mc,22,1,0,63,0,64,1,1,asynchronous
n010_086.bnet,random_mc,23,1,0,63,0,64,1,1,asynchronous
n010_086.bnet,random_mc,24,1,0,63,0,64,1,1,asynchronous
n010_086.bnet,random_mc,25,1,0,63,0,64,1,1,asynchronous
n010_086.bnet,random_mc,26,1,0,63,0,64,1,1,asynchronous
n010_086.bnet,random_mc,27,1,0,63,0,64,1,1,asynchronous
n010_086.bnet,random_mc,28,1,0,63,0,64,1,1,asynchronous
n010_086.bnet,random_mc,29,1,0,63,0,64,1,1,asynchronous
n010_088.bnet,sd_mc,,48,16,0,0,64,1,1,asynchronous
n010_088.bnet,null_mc,,48,16,0,0,64,1,1,asynchronous
n010_088.bnet,ref,,48,16,0,0,64,1,1,asynchronous
n010_088.bnet,random_mc,0,48,16,0,0,64,1,1,asynchronous
n010_088.bnet,random_mc,1,48,16,0,0,64,1,1,asynchronous
n010_088.bnet,random_mc,2,48,16,0,0,64,1,1,asynchronous
n010_088.bnet,random_mc,3,48,16,0,0,64,1,1,asynchronous
n010_088.bnet,random_mc,4,48,16,0,0,64,1,1,asynchronous
n010_088.bnet,random_mc,5,48,16,0,0,64,1,1,asynchronous
n010_088.bnet,random_mc,6,48,16,0,0,64,1,1,asynchronous
n010_088.bnet,random_mc,7,48,16,0,0,64,1,1,asynchronous
n010_088.bnet,random_mc,8,48,16,0,0,64,1,1,asynchronous
n010_088.bnet,random_mc,9,48,16,0,0,64,1,1,asynchronous
n010_088.bnet,random_mc,10,48,16,0,0,64,1,1,asynchronous
n010_088.bnet,random_mc,11,48,16,0,0,64,1,1,asynchronous
n010_088.bnet,random_mc,12,48,16,0,0,64,1,1,asynchronous
n010_088.bnet,random_mc,13,48,16,0,0,64,1,1,asynchronous
n010_088.bnet,random_mc,14,48,16,0,0,64,1,1,asynchronous
n010_088.bnet,random_mc,15,48,16,0,0,64,1,1,asynchronous
n010_088.bnet,random_mc,16,48,16,0,0,64,1,1,asynchronous
n010_088.bnet,random_mc,17,48,16,0,0,64,1,1,asynchronous
n010_088.bnet,random_mc,18,48,16,0,0,64,1,1,asynchronous
n010_088.bnet,random_mc,19,48,16,0,0,64,1,1,asynchronous
n010_088.bnet,random_mc,20,48,16,0,0,64,1,1,asynchronous
n010_088.bnet,random_mc,21,48,16,0,0,64,1,1,asynchronous
n010_088.bnet,random_mc,22,48,16,0,0,64,1,1,asynchronous
n010_088.bnet,random_mc,23,48,16,0,0,64,1,1,asynchronous
n010_088.bnet,random_mc,24,48,16,0,0,64,1,1,asynchronous
n010_088.bnet,random_mc,25,48,16,0,0,64,1,1,asynchronous
n010_088.bnet,random_mc,26,48,16,0,0,64,1,1,asynchronous
n010_088.bnet,random_mc,27,48,16,0,0,64,1,1,asynchronous
n010_088.bnet,random_mc,28,48,16,0,0,64,1,1,asynchronous
n010_088.bnet,random_mc,29,48,16,0,0,64,1,1,asynchronous
n010_089.bnet,sd_mc,,944,80,0,0,1024,1,1,asynchronous
n010_089.bnet,null_mc,,944,80,0,0,1024,1,1,asynchronous
n010_089.bnet,ref,,944,80,0,0,1024,1,1,asynchronous
n010_089.bnet,random_mc,0,944,80,0,0,1024,1,1,asynchronous
n010_089.bnet,random_mc,1,944,80,0,0,1024,1,1,asynchronous
n010_089.bnet,random_mc,2,944,80,0,0,1024,1,1,asynchronous
n010_089.bnet,random_mc,3,944,80,0,0,1024,1,1,asynchronous
n010_089.bnet,random_mc,4,944,80,0,0,1024,1,1,asynchronous
n010_089.bnet,random_mc,5,944,80,0,0,1024,1,1,asynchronous
n010_089.bnet,random_mc,6,944,80,0,0,1024,1,1,asynchronous
n010_089.bnet,random_mc,7,944,80,0,0,1024,1,1,asynchronous
n010_089.bnet,random_mc,8,944,80,0,0,1024,1,1,asynchronous
n010_089.bnet,random_mc,9,944,80,0,0,1024,1,1,asynchronous
n010_089.bnet,random_mc,10,944,80,0,0,1024,1,1,asynchronous
n010_089.bnet,random_mc,11,944,80,0,0,1024,1,1,asynchronous
n010_089.bnet,random_mc,12,944,80,0,0,1024,1,1,asynchronous
n010_089.bnet,random_mc,13,944,80,0,0,1024,1,1,asynchronous
n010_089.bnet,random_mc,14,944,80,0,0,1024,1,1,asynchronous
n010_089.bnet,random_mc,15,944,80,0,0,1024,1,1,asynchronous
n010_089.bnet,random_mc,16,944,80,0,0,1024,1,1,asynchronous
n010_089.bnet,random_mc,17,944,80,0,0,1024,1,1,asynchronous
n010_089.bnet,random_mc,18,944,80,0,0,1024,1,1,asynchronous
n010_089.bnet,random_mc,19,944,80,0,0,1024,1,1,asynchronous
n010_089.bnet,random_mc,20,944,80,0,0,1024,1,1,asynchronous
n010_089.bnet,random_mc,21,944,80,0,0,1024,1,1,asynchronous
n010_089.bnet,random_mc,22,944,80,0,0,1024,1,1,asynchronous
n010_089.bnet,random_mc,23,944,80,0,0,1024,1,1,asynchronous
n010_089.bnet,random_mc,24,944,80,0,0,1024,1,1,asynchronous
n010_089.bnet,random_mc,25,944,80,0,0,1024,1,1,asynchronous
n010_089.bnet,random_mc,26,944,80,0,0,1024,1,1,asynchronous
n010_089.bnet,random_mc,27,944,80,0,0,1024,1,1,asynchronous
n010_089.bnet,random_mc,28,944,80,0,0,1024,1,1,asynchronous
n010_089.bnet,random_mc,29,944,80,0,0,1024,1,1,asynchronous
n010_090.bnet,sd_mc,,1,0,127,0,128,1,1,asynchronous
n010_090.bnet,null_mc,,1,0,127,0,128,1,1,asynchronous
n010_090.bnet,ref,,1,127,0,0,128,1,1,asynchronous
n010_090.bnet,random_mc,0,1,0,127,0,128,1,1,asynchronous
n010_090.bnet,random_mc,1,1,0,127,0,128,1,1,asynchronous
n010_090.bnet,random_mc,2,1,0,127,0,128,1,1,asynchronous
n010_090.bnet,random_mc,3,1,0,127,0,128,1,1,asynchronous
n010_090.bnet,random_mc,4,1,0,127,0,128,1,1,asynchronous
n010_090.bnet,random_mc,5,1,0,127,0,128,1,1,asynchronous
n010_090.bnet,random_mc,6,1,0,127,0,128,1,1,asynchronous
n010_090.bnet,random_mc,7,1,0,127,0,128,1,1,asynchronous
n010_090.bnet,random_mc,8,1,0,127,0,128,1,1,asynchronous
n010_090.bnet,random_mc,9,1,0,127,0,128,1,1,asynchronous
n010_090.bnet,random_mc,10,1,0,127,0,128,1,1,asynchronous
n010_090.bnet,random_mc,11,1,0,127,0,128,1,1,asynchronous
n010_090.bnet,random_mc,12,1,0,127,0,128,1,1,asynchronous
n010_090.bnet,random_mc,13,1,0,127,0,128,1,1,asynchronous
n010_090.bnet,random_mc,14,1,0,127,0,128,1,1,asynchronous
n010_090.bnet,random_mc,15,1,0,127,0,128,1,1,asynchronous
n010_090.bnet,random_mc,16,1,0,127,0,128,1,1,asynchronous
n010_090.bnet,random_mc,17,1,0,127,0,128,1,1,asynchronous
n010_090.bnet,random_mc,18,1,0,127,0,128,1,1,asynchronous
n010_090.bnet,random_mc,19,1,0,127,0,128,1,1,asynchronous
n010_090.bnet,random_mc,20,1,0,127,0,128,1,1,asynchronous
n010_090.bnet,random_mc,21,1,0,127,0,128,1,1,asynchronous
n010_090.bnet,random_mc,22,1,0,127,0,128,1,1,asynchronous
n010_090.bnet,random_mc,23,1,0,127,0,128,1,1,asynchronous
n010_090.bnet,random_mc,24,1,0,127,0,128,1,1,asynchronous
n010_090.bnet,random_mc,25,1,0,127,0,128,1,1,asynchronous
n010_090.bnet,random_mc,26,1,0,127,0,128,1,1,asynchronous
n010_090.bnet,random_mc,27,1,0,127,0,128,1,1,asynchronous
n010_090.bnet,random_mc,28,1,0,127,0,128,1,1,asynchronous
n010_090.bnet,random_mc,29,1,0,127,0,128,1,1,asynchronous
n010_091.bnet,sd_mc,,2,0,1022,0,1024,2,2,asynchronous
n010_091.bnet,null_mc,,2,0,1022,0,1024,2,2,asynchronous
n010_091.bnet,ref,,2,1022,0,0,1024,2,2,asynchronous
n010_091.bnet,random_mc,0,2,0,1022,0,1024,2,2,asynchronous
n010_091.bnet,random_mc,1,2,0,1022,0,1024,2,2,asynchronous
n010_091.bnet,random_mc,2,2,0,1022,0,1024,2,2,asynchronous
n010_091.bnet,random_mc,3,2,0,1022,0,1024,2,2,asynchronous
n010_091.bnet,random_mc,4,2,0,1022,0,1024,2,2,asynchronous
n010_091.bnet,random_mc,5,2,0,1022,0,1024,2,2,asynchronous
n010_091.bnet,random_mc,6,2,0,1022,0,1024,2,2,asynchronous
n010_091.bnet,random_mc,7,2,0,1022,0,1024,2,2,asynchronous
n010_091.bnet,random_mc,8,2,0,1022,0,1024,2,2,asynchronous
n010_091.bnet,random_mc,9,2,0,1022,0,1024,2,2,asynchronous
n010_091.bnet,random_mc,10,2,0,1022,0,1024,2,2,asynchronous
n010_091.bnet,random_mc,11,2,0,1022,0,1024,2,2,asynchronous
n010_091.bnet,random_mc,12,2,0,1022,0,1024,2,2,asynchronous
n010_091.bnet,random_mc,13,2,0,1022,0,1024,2,2,asynchronous
n010_091.bnet,random_mc,14,2,0,1022,0,1024,2,2,asynchronous
n010_091.bnet,random_mc,15,2,0,1022,0,1024,2,2,asynchronous
n010_091.bnet,random_mc,16,2,0,1022,0,1024,2,2,asynchronous
n010_091.bnet,random_mc,17,2,0,1022,0,1024,2,2,asynchronous
n010_091.bnet,random_mc,18,2,0,1022,0,1024,2,2,asynchronous
n010_091.bnet,random_mc,19,2,0,1022,0,1024,2,2,asynchronous
n010_091.bnet,random_mc,20,2,0,1022,0,1024,2,2,asynchronous
n010_091.bnet,random_mc,21,2,0,1022,0,1024,2,2,asynchronous
n010_091.bnet,random_mc,22,2,0,1022,0,1024,2,2,asynchronous
n010_091.bnet,random_mc,23,2,0,1022,0,1024,2,2,asynchronous
n010_091.bnet,random_mc,24,2,0,1022,0,1024,2,2,asynchronous
n010_091.bnet,random_mc,25,2,0,1022,0,1024,2,2,asynchronous
n010_091.bnet,random_mc,26,2,0,1022,0,1024,2,2,asynchronous
n010_091.bnet,random_mc,27,2,0,1022,0,1024,2,2,asynchronous
n010_091.bnet,random_mc,28,2,0,1022,0,1024,2,2,asynchronous
n010_091.bnet,random_mc,29,2,0,1022,0,1024,2,2,asynchronous
n010_092.bnet,sd_mc,,1,0,1023,0,1024,1,1,asynchronous
n010_092.bnet,null_mc,,1,0,1023,0,1024,1,1,asynchronous
n010_092.bnet,ref,,1,1023,0,0,1024,1,1,asynchronous
n010_092.bnet,random_mc,0,1,0,1023,0,1024,1,1,asynchronous
n010_092.bnet,random_mc,1,1,0,1023,0,1024,1,1,asynchronous
n010_092.bnet,random_mc,2,1,0,1023,0,1024,1,1,asynchronous
n010_092.bnet,random_mc,3,1,0,1023,0,1024,1,1,asynchronous
n010_092.bnet,random_mc,4,1,0,1023,0,1024,1,1,asynchronous
n010_092.bnet,random_mc,5,1,0,1023,0,1024,1,1,asynchronous
n010_092.bnet,random_mc,6,1,0,1023,0,1024,1,1,asynchronous
n010_092.bnet,random_mc,7,1,0,1023,0,1024,1,1,asynchronous
n010_092.bnet,random_mc,8,1,0,1023,0,1024,1,1,asynchronous
n010_092.bnet,random_mc,9,1,0,1023,0,1024,1,1,asynchronous
n010_092.bnet,random_mc,10,1,0,1023,0,1024,1,1,asynchronous
n010_092.bnet,random_mc,11,1,0,1023,0,1024,1,1,asynchronous
n010_092.bnet,random_mc,12,1,0,1023,0,1024,1,1,asynchronous
n010_092.bnet,random_mc,13,1,0,1023,0,1024,1,1,asynchronous
n010_092.bnet,random_mc,14,1,0,1023,0,1024,1,1,asynchronous
n010_092.bnet,random_mc,15,1,0,1023,0,1024,1,1,asynchronous
n010_092.bnet,random_mc,16,1,0,1023,0,1024,1,1,asynchronous
n010_092.bnet,random_mc,17,1,0,1023,0,1024,1,1,asynchronous
n010_092.bnet,random_mc,18,1,0,1023,0,1024,1,1,asynchronous
n010_092.bnet,random_mc,19,1,0,1023,0,1024,1,1,asynchronous
n010_092.bnet,random_mc,20,1,0,1023,0,1024,1,1,asynchronous
n010_092.bnet,random_mc,21,1,0,1023,0,1024,1,1,asynchronous
n010_092.bnet,random_mc,22,1,0,1023,0,1024,1,1,asynchronous
n010_092.bnet,random_mc,23,1,0,1023,0,1024,1,1,asynchronous
n010_092.bnet,random_mc,24,1,0,1023,0,1024,1,1,asynchronous
n010_092.bnet,random_mc,25,1,0,1023,0,1024,1,1,asynchronous
n010_092.bnet,random_mc,26,1,0,1023,0,1024,1,1,asynchronous
n010_092.bnet,random_mc,27,1,0,1023,0,1024,1,1,asynchronous
n010_092.bnet,random_mc,28,1,0,1023,0,1024,1,1,asynchronous
n010_092.bnet,random_mc,29,1,0,1023,0,1024,1,1,asynchronous
n010_094.bnet,sd_mc,,3,0,1021,0,1024,2,2,asynchronous
n010_094.bnet,null_mc,,3,0,1021,0,1024,2,2,asynchronous
n010_094.bnet,ref,,3,1021,0,0,1024,2,2,asynchronous
n010_094.bnet,random_mc,0,3,0,1021,0,1024,2,2,asynchronous
n010_094.bnet,random_mc,1,3,0,1021,0,1024,2,2,asynchronous
n010_094.bnet,random_mc,2,3,0,1021,0,1024,2,2,asynchronous
n010_094.bnet,random_mc,3,3,0,1021,0,1024,2,2,asynchronous
n010_094.bnet,random_mc,4,3,0,1021,0,1024,2,2,asynchronous
n010_094.bnet,random_mc,5,3,0,1021,0,1024,2,2,asynchronous
n010_094.bnet,random_mc,6,3,0,1021,0,1024,2,2,asynchronous
n010_094.bnet,random_mc,7,3,0,1021,0,1024,2,2,asynchronous
n010_094.bnet,random_mc,8,3,0,1021,0,1024,2,2,asynchronous
n010_094.bnet,random_mc,9,3,0,1021,0,1024,2,2,asynchronous
n010_094.bnet,random_mc,10,3,0,1021,0,1024,2,2,asynchronous
n010_094.bnet,random_mc,11,3,0,1021,0,1024,2,2,asynchronous
n010_094.bnet,random_mc,12,3,0,1021,0,1024,2,2,asynchronous
n010_094.bnet,random_mc,13,3,0,1021,0,1024,2,2,asynchronous
n010_094.bnet,random_mc,14,3,0,1021,0,1024,2,2,asynchronous
n010_094.bnet,random_mc,15,3,0,1021,0,1024,2,2,asynchronous
n010_094.bnet,random_mc,16,3,0,1021,0,1024,2,2,asynchronous
n010_094.bnet,random_mc,17,3,0,1021,0,1024,2,2,asynchronous
n010_094.bnet,random_mc,18,3,0,1021,0,1024,2,2,asynchronous
n010_094.bnet,random_mc,19,3,0,1021,0,1024,2,2,asynchronous
n010_094.bnet,random_mc,20,3,0,1021,0,1024,2,2,asynchronous
n010_094.bnet,random_mc,21,3,0,1021,0,1024,2,2,asynchronous
n010_094.bnet,random_mc,22,3,0,1021,0,1024,2,2,asynchronous
n010_094.bnet,random_mc,23,3,0,1021,0,1024,2,2,asynchronous
n010_094.bnet,random_mc,24,3,0,1021,0,1024,2,2,asynchronous
n010_094.bnet,random_mc,25,3,0,1021,0,1024,2,2,asynchronous
n010_094.bnet,random_mc,26,3,0,1021,0,1024,2,2,asynchronous
n010_094.bnet,random_mc,27,3,0,1021,0,1024,2,2,asynchronous
n010_094.bnet,random_mc,28,3,0,1021,0,1024,2,2,asynchronous
n010_094.bnet,random_mc,29,3,0,1021,0,1024,2,2,asynchronous
n010_095.bnet,sd_mc,,1,0,7,0,8,1,1,asynchronous
n010_095.bnet,null_mc,,1,0,7,0,8,1,1,asynchronous
n010_095.bnet,ref,,1,7,0,0,8,1,1,asynchronous
n010_095.bnet,random_mc,0,1,0,7,0,8,1,1,asynchronous
n010_095.bnet,random_mc,1,1,0,7,0,8,1,1,asynchronous
n010_095.bnet,random_mc,2,1,0,7,0,8,1,1,asynchronous
n010_095.bnet,random_mc,3,1,0,7,0,8,1,1,asynchronous
n010_095.bnet,random_mc,4,1,0,7,0,8,1,1,asynchronous
n010_095.bnet,random_mc,5,1,0,7,0,8,1,1,asynchronous
n010_095.bnet,random_mc,6,1,0,7,0,8,1,1,asynchronous
n010_095.bnet,random_mc,7,1,0,7,0,8,1,1,asynchronous
n010_095.bnet,random_mc,8,1,0,7,0,8,1,1,asynchronous
n010_095.bnet,random_mc,9,1,0,7,0,8,1,1,asynchronous
n010_095.bnet,random_mc,10,1,0,7,0,8,1,1,asynchronous
n010_095.bnet,random_mc,11,1,0,7,0,8,1,1,asynchronous
n010_095.bnet,random_mc,12,1,0,7,0,8,1,1,asynchronous
n010_095.bnet,random_mc,13,1,0,7,0,8,1,1,asynchronous
n010_095.bnet,random_mc,14,1,0,7,0,8,1,1,asynchronous
n010_095.bnet,random_mc,15,1,0,7,0,8,1,1,asynchronous
n010_095.bnet,random_mc,16,1,0,7,0,8,1,1,asynchronous
n010_095.bnet,random_mc,17,1,0,7,0,8,1,1,asynchronous
n010_095.bnet,random_mc,18,1,0,7,0,8,1,1,asynchronous
n010_095.bnet,random_mc,19,1,0,7,0,8,1,1,asynchronous
n010_095.bnet,random_mc,20,1,0,7,0,8,1,1,asynchronous
n010_095.bnet,random_mc,21,1,0,7,0,8,1,1,asynchronous
n010_095.bnet,random_mc,22,1,0,7,0,8,1,1,asynchronous
n010_095.bnet,random_mc,23,1,0,7,0,8,1,1,asynchronous
n010_095.bnet,random_mc,24,1,0,7,0,8,1,1,asynchronous
n010_095.bnet,random_mc,25,1,0,7,0,8,1,1,asynchronous
n010_095.bnet,random_mc,26,1,0,7,0,8,1,1,asynchronous
n010_095.bnet,random_mc,27,1,0,7,0,8,1,1,asynchronous
n010_095.bnet,random_mc,28,1,0,7,0,8,1,1,asynchronous
n010_095.bnet,random_mc,29,1,0,7,0,8,1,1,asynchronous
n010_096.bnet,sd_mc,,4,0,60,0,64,1,1,asynchronous
n010_096.bnet,null_mc,,4,0,60,0,64,1,1,asynchronous
n010_096.bnet,ref,,4,60,0,0,64,1,1,asynchronous
n010_096.bnet,random_mc,0,4,0,60,0,64,1,1,asynchronous
n010_096.bnet,random_mc,1,4,0,60,0,64,1,1,asynchronous
n010_096.bnet,random_mc,2,4,0,60,0,64,1,1,asynchronous
n010_096.bnet,random_mc,3,4,0,60,0,64,1,1,asynchronous
n010_096.bnet,random_mc,4,4,0,60,0,64,1,1,asynchronous
n010_096.bnet,random_mc,5,4,0,60,0,64,1,1,asynchronous
n010_096.bnet,random_mc,6,4,0,60,0,64,1,1,asynchronous
n010_096.bnet,random_mc,7,4,0,60,0,64,1,1,asynchronous
n010_096.bnet,random_mc,8,4,0,60,0,64,1,1,asynchronous
n010_096.bnet,random_mc,9,4,0,60,0,64,1,1,asynchronous
n010_096.bnet,random_mc,10,4,0,60,0,64,1,1,asynchronous
n010_096.bnet,random_mc,11,4,0,60,0,64,1,1,asynchronous
n010_096.bnet,random_mc,12,4,0,60,0,64,1,1,asynchronous
n010_096.bnet,random_mc,13,4,0,60,0,64,1,1,asynchronous
n010_096.bnet,random_mc,14,4,0,60,0,64,1,1,asynchronous
n010_096.bnet,random_mc,15,4,0,60,0,64,1,1,asynchronous
n010_096.bnet,random_mc,16,4,0,60,0,64,1,1,asynchronous
n010_096.bnet,random_mc,17,4,0,60,0,64,1,1,asynchronous
n010_096.bnet,random_mc,18,4,0,60,0,64,1,1,asynchronous
n010_096.bnet,random_mc,19,4,0,60,0,64,1,1,asynchronous
n010_096.bnet,random_mc,20,4,0,60,0,64,1,1,asynchronous
n010_096.bnet,random_mc,21,4,0,60,0,64,1,1,asynchronous
n010_096.bnet,random_mc,22,4,0,60,0,64,1,1,asynchronous
n010_096.bnet,random_mc,23,4,0,60,0,64,1,1,asynchronous
n010_096.bnet,random_mc,24,4,0,60,0,64,1,1,asynchronous
n010_096.bnet,random_mc,25,4,0,60,0,64,1,1,asynchronous
n010_096.bnet,random_mc,26,4,0,60,0,64,1,1,asynchronous
n010_096.bnet,random_mc,27,4,0,60,0,64,1,1,asynchronous
n010_096.bnet,random_mc,28,4,0,60,0,64,1,1,asynchronous
n010_096.bnet,random_mc,29,4,0,60,0,64,1,1,asynchronous
n010_097.bnet,sd_mc,,5,0,3,0,8,2,2,asynchronous
n010_097.bnet,null_mc,,5,0,3,0,8,2,2,asynchronous
n010_097.bnet,ref,,5,3,0,0,8,2,2,asynchronous
n010_097.bnet,random_mc,0,5,0,3,0,8,2,2,asynchronous
n010_097.bnet,random_mc,1,5,0,3,0,8,2,2,asynchronous
n010_097.bnet,random_mc,2,5,0,3,0,8,2,2,asynchronous
n010_097.bnet,random_mc,3,5,0,3,0,8,2,2,asynchronous
n010_097.bnet,random_mc,4,5,0,3,0,8,2,2,asynchronous
n010_097.bnet,random_mc,5,5,0,3,0,8,2,2,asynchronous
n010_097.bnet,random_mc,6,5,0,3,0,8,2,2,asynchronous
n010_097.bnet,random_mc,7,5,0,3,0,8,2,2,asynchronous
n010_097.bnet,random_mc,8,5,0,3,0,8,2,2,asynchronous
n010_097.bnet,random_mc,9,5,0,3,0,8,2,2,asynchronous
n010_097.bnet,random_mc,10,5,0,3,0,8,2,2,asynchronous
n010_097.bnet,random_mc,11,5,0,3,0,8,2,2,asynchronous
n010_097.bnet,random_mc,12,5,0,3,0,8,2,2,asynchronous
n010_097.bnet,random_mc,13,5,0,3,0,8,2,2,asynchronous
n010_097.bnet,random_mc,14,5,0,3,0,8,2,2,asynchronous
n010_097.bnet,random_mc,15,5,0,3,0,8,2,2,asynchronous
n010_097.bnet,random_mc,16,5,0,3,0,8,2,2,asynchronous
n010_097.bnet,random_mc,17,5,0,3,0,8,2,2,asynchronous
n010_097.bnet,random_mc,18,5,0,3,0,8,2,2,asynchronous
n010_097.bnet,random_mc,19,5,0,3,0,8,2,2,asynchronous
n010_097.bnet,random_mc,20,5,0,3,0,8,2,2,asynchronous
n010_097.bnet,random_mc,21,5,0,3,0,8,2,2,asynchronous
n010_097.bnet,random_mc,22,5,0,3,0,8,2,2,asynchronous
n010_097.bnet,random_mc,23,5,0,3,0,8,2,2,asynchronous
n010_097.bnet,random_mc,24,5,0,3,0,8,2,2,asynchronous
n010_097.bnet,random_mc,25,5,0,3,0,8,2,2,asynchronous
n010_097.bnet,random_mc,26,5,0,3,0,8,2,2,asynchronous
n010_097.bnet,random_mc,27,5,0,3,0,8,2,2,asynchronous
n010_097.bnet,random_mc,28,5,0,3,0,8,2,2,asynchronous
n010_097.bnet,random_mc,29,5,0,3,0,8,2,2,asynchronous
n010_098.bnet,sd_mc,,3,0,29,0,32,2,2,asynchronous
n010_098.bnet,null_mc,,3,0,29,0,32,2,2,asynchronous
n010_098.bnet,ref,,3,29,0,0,32,2,2,asynchronous
n010_098.bnet,random_mc,0,3,0,29,0,32,2,2,asynchronous
n010_098.bnet,random_mc,1,3,0,29,0,32,2,2,asynchronous
n010_098.bnet,random_mc,2,3,0,29,0,32,2,2,asynchronous
n010_098.bnet,random_mc,3,3,0,29,0,32,2,2,asynchronous
n010_098.bnet,random_mc,4,3,0,29,0,32,2,2,asynchronous
n010_098.bnet,random_mc,5,3,0,29,0,32,2,2,asynchronous
n010_098.bnet,random_mc,6,3,0,29,0,32,2,2,asynchronous
n010_098.bnet,random_mc,7,3,0,29,0,32,2,2,asynchronous
n010_098.bnet,random_mc,8,3,0,29,0,32,2,2,asynchronous
n010_098.bnet,random_mc,9,3,0,29,0,32,2,2,asynchronous
n010_098.bnet,random_mc,10,3,0,29,0,32,2,2,asynchronous
n010_098.bnet,random_mc,11,3,0,29,0,32,2,2,asynchronous
n010_098.bnet,random_mc,12,3,0,29,0,32,2,2,asynchronous
n010_098.bnet,random_mc,13,3,0,29,0,32,2,2,asynchronous
n010_098.bnet,random_mc,14,3,0,29,0,32,2,2,asynchronous
n010_098.bnet,random_mc,15,3,0,29,0,32,2,2,asynchronous
n010_098.bnet,random_mc,16,3,0,29,0,32,2,2,asynchronous
n010_098.bnet,random_mc,17,3,0,29,0,32,2,2,asynchronous
n010_098.bnet,random_mc,18,3,0,29,0,32,2,2,asynchronous
n010_098.bnet,random_mc,19,3,0,29,0,32,2,2,asynchronous
n010_098.bnet,random_mc,20,3,0,29,0,32,2,2,asynchronous
n010_098.bnet,random_mc,21,3,0,29,0,32,2,2,asynchronous
n010_098.bnet,random_mc,22,3,0,29,0,32,2,2,asynchronous
n010_098.bnet,random_mc,23,3,0,29,0,32,2,2,asynchronous
n010_098.bnet,random_mc,24,3,0,29,0,32,2,2,asynchronous
n010_098.bnet,random_mc,25,3,0,29,0,32,2,2,asynchronous
n010_098.bnet,random_mc,26,3,0,29,0,32,2,2,asynchronous
n010_098.bnet,random_mc,27,3,0,29,0,32,2,2,asynchronous
n010_098.bnet,random_mc,28,3,0,29,0,32,2,2,asynchronous
n010_098.bnet,random_mc,29,3,0,29,0,32,2,2,asynchronous
n010_099.bnet,sd_mc,,58,8,958,0,1024,2,2,asynchronous
n010_099.bnet,null_mc,,58,8,958,0,1024,2,2,asynchronous
n010_099.bnet,ref,,58,966,0,0,1024,2,2,asynchronous
n010_099.bnet,random_mc,0,58,8,958,0,1024,2,2,asynchronous
n010_099.bnet,random_mc,1,58,8,958,0,1024,2,2,asynchronous
n010_099.bnet,random_mc,2,58,8,958,0,1024,2,2,asynchronous
n010_099.bnet,random_mc,3,58,8,958,0,1024,2,2,asynchronous
n010_099.bnet,random_mc,4,58,8,958,0,1024,2,2,asynchronous
n010_099.bnet,random_mc,5,58,8,958,0,1024,2,2,asynchronous
n010_099.bnet,random_mc,6,58,8,958,0,1024,2,2,asynchronous
n010_099.bnet,random_mc,7,58,8,958,0,1024,2,2,asynchronous
n010_099.bnet,random_mc,8,58,8,958,0,1024,2,2,asynchronous
n010_099.bnet,random_mc,9,58,8,958,0,1024,2,2,asynchronous
n010_099.bnet,random_mc,10,58,8,958,0,1024,2,2,asynchronous
n010_099.bnet,random_mc,11,58,8,958,0,1024,2,2,asynchronous
n010_099.bnet,random_mc,12,58,8,958,0,1024,2,2,asynchronous
n010_099.bnet,random_mc,13,58,8,958,0,1024,2,2,asynchronous
n010_099.bnet,random_mc,14,58,8,958,0,1024,2,2,asynchronous
n010_099.bnet,random_mc,15,58,8,958,0,1024,2,2,asynchronous
n010_099.bnet,random_mc,16,58,8,958,0,1024,2,2,asynchronous
n010_099.bnet,random_mc,17,58,8,958,0,1024,2,2,asynchronous
n010_099.bnet,random_mc,18,58,8,958,0,1024,2,2,asynchronous
n010_099.bnet,random_mc,19,58,8,958,0,1024,2,2,asynchronous
n010_099.bnet,random_mc,20,58,8,958,0,1024,2,2,asynchronous
n010_099.bnet,random_mc,21,58,8,958,0,1024,2,2,asynchronous
n010_099.bnet,random_mc,22,58,8,958,0,1024,2,2,asynchronous
n010_099.bnet,random_mc,23,58,8,958,0,1024,2,2,asynchronous
n010_099.bnet,random_mc,24,58,8,958,0,1024,2,2,asynchronous
n010_099.bnet,random_mc,25,58,8,958,0,1024,2,2,asynchronous
n010_099.bnet,random_mc,26,58,8,958,0,1024,2,2,asynchronous
n010_099.bnet,random_mc,27,58,8,958,0,1024,2,2,asynchronous
n010_099.bnet,random_mc,28,58,8,958,0,1024,2,2,asynchronous
n010_099.bnet,random_mc,29,58,8,958,0,1024,2,2,asynchronous
