model,method,run,rmsd,kld,TP,FP,TN,FN,n_states,n_attractors,update_scheme
n010_000.bnet,sd_mc,,0.07329241431983334,0.015284236628072722,1408,0,640,0,1024,2,asynchronous
n010_000.bnet,null_mc,,0.42381975840100095,0.4781373415873135,1408,576,64,0,1024,2,asynchronous
n010_000.bnet,ref,,0.4418689710888091,0.5214590403723101,1408,640,0,0,1024,2,asynchronous
n010_000.bnet,random_mc,0,0.42166343739513457,0.47449046517129445,1408,576,64,0,1024,2,asynchronous
n010_000.bnet,random_mc,1,0.4267808552996566,0.48317582443091495,1408,576,64,0,1024,2,asynchronous
n010_000.bnet,random_mc,2,0.4237379886121841,0.4779987533037445,1408,576,64,0,1024,2,asynchronous
n010_000.bnet,random_mc,3,0.4225197366933981,0.4759367185893342,1408,576,64,0,1024,2,asynchronous
n010_000.bnet,random_mc,4,0.42504232521699364,0.4802133345402745,1408,576,64,0,1024,2,asynchronous
n010_000.bnet,random_mc,5,0.42144025897091814,0.4741142120038374,1408,576,64,0,1024,2,asynchronous
n010_000.bnet,random_mc,6,0.42368051337460844,0.47790104137039285,1408,576,64,0,1024,2,asynchronous
n010_000.bnet,random_mc,7,0.42360549754065185,0.47777408501756063,1408,576,64,0,1024,2,asynchronous
n010_000.bnet,random_mc,8,0.42419313008103604,0.4787705803884503,1408,576,64,0,1024,2,asynchronous
n010_000.bnet,random_mc,9,0.4201090803169572,0.4718733777362975,1408,576,64,0,1024,2,asynchronous
n010_000.bnet,random_mc,10,0.42472872157933195,0.47968058677375697,1408,576,64,0,1024,2,asynchronous
n010_000.bnet,random_mc,11,0.4277089915264349,0.4847621599668341,1408,576,64,0,1024,2,asynchronous
n010_000.bnet,random_mc,12,0.4245589389483946,0.4793917230023431,1408,576,64,0,1024,2,asynchronous
n010_000.bnet,random_mc,13,0.4193298899435939,0.47056368834647744,1408,576,64,0,1024,2,asynchronous
n010_000.bnet,random_mc,14,0.4275494997645993,0.48448962513149657,1408,576,64,0,1024,2,asynchronous
n010_000.bnet,random_mc,15,0.4206740857409419,0.47282331988069526,1408,576,64,0,1024,2,asynchronous
n010_000.bnet,random_mc,16,0.4234784259716808,0.47755879781009974,1408,576,64,0,1024,2,asynchronous
n010_000.bnet,random_mc,17,0.4236645132204721,0.4778742705527883,1408,576,64,0,1024,2,asynchronous
n010_000.bnet,random_mc,18,0.42069773219041934,0.4728635357088512,1408,576,64,0,1024,2,asynchronous
n010_000.bnet,random_mc,19,0.425920587756176,0.48170851476322696,1408,576,64,0,1024,2,asynchronous
n010_000.bnet,random_mc,20,0.42233560171748324,0.4756254679369974,1408,576,64,0,1024,2,asynchronous
n010_000.bnet,random_mc,21,0.4242303275782988,0.47883368624517125,1408,576,64,0,1024,2,asynchronous
n010_000.bnet,random_mc,22,0.42429197677585095,0.4789385228425579,1408,576,64,0,1024,2,asynchronous
n010_000.bnet,random_mc,23,0.42467315130035194,0.4795856535466213,1408,576,64,0,1024,2,asynchronous
n010_000.bnet,random_mc,24,0.4219691593971096,0.47500643977775564,1408,576,64,0,1024,2,asynchronous
n010_000.bnet,random_mc,25,0.4252396143531297,0.48054881877936795,1408,576,64,0,1024,2,asynchronous
n010_000.bnet,random_mc,26,0.42465096256375456,0.4795480288043537,1408,576,64,0,1024,2,asynchronous
n010_000.bnet,random_mc,27,0.42257641121926304,0.47603261891444193,1408,576,64,0,1024,2,asynchronous
n010_000.bnet,random_mc,28,0.4213077442450946,0.47389075426743993,1408,576,64,0,1024,2,asynchronous
n010_000.bnet,random_mc,29,0.4218779547513703,0.4748525132943354,1408,576,64,0,1024,2,asynchronous
n010_001.bnet,sd_mc,,0.2041548745000179,0.31127453738744004,116,26,178,0,64,5,asynchronous
n010_001.bnet,null_mc,,0.3047859750052417,1.068622580675433,116,180,24,0,64,5,asynchronous
n010_001.bnet,ref,,0.3213124846346903,1.1734131457803492,116,204,0,0,64,5,asynchronous
n010_001.bnet,random_mc,0,0.2992870662221378,1.0261402488853546,116,180,24,0,64,5,asynchronous
n010_001.bnet,random_mc,1,0.29978638320937306,1.0369805939509658,116,180,24,0,64,5,asynchronous
n010_001.bnet,random_mc,2,0.2967886780756278,1.009868504396012,116,180,24,0,64,5,asynchronous
n010_001.bnet,random_mc,3,0.3030110787384134,1.0545238086329072,116,180,24,0,64,5,asynchronous
n010_001.bnet,random_mc,4,0.29829615953730393,1.0187795793989234,116,180,24,0,64,5,asynchronous
n010_001.bnet,random_mc,5,0.2989064422871204,1.0219481179763443,116,180,24,0,64,5,asynchronous
n010_001.bnet,random_mc,6,0.30056791364516244,1.0347638718111853,116,180,24,0,64,5,asynchronous
n010_001.bnet,random_mc,7,0.3017971679619157,1.05414134555392,116,180,24,0,64,5,asynchronous
n010_001.bnet,random_mc,8,0.3008076689134851,1.0364786882836041,116,180,24,0,64,5,asynchronous
n010_001.bnet,random_mc,9,0.3056175172082393,1.0739820075424364,116,180,24,0,64,5,asynchronous
n010_001.bnet,random_mc,10,0.30478927448957993,1.0642841524315272,116,180,24,0,64,5,asynchronous
n010_001.bnet,random_mc,11,0.30702020287529697,1.0777397914615547,116,180,24,0,64,5,asynchronous
n010_001.bnet,random_mc,12,0.3030860011194734,1.0543698304289002,116,180,24,0,64,5,asynchronous
n010_001.bnet,random_mc,13,0.3015474076367275,1.049172022614489,116,180,24,0,64,5,asynchronous
n010_001.bnet,random_mc,14,0.2912654108879276,0.9729217048399939,116,180,24,0,64,5,asynchronous
n010_001.bnet,random_mc,15,0.29977005304027915,1.0318428068178869,116,180,24,0,64,5,asynchronous
n010_001.bnet,random_mc,16,0.29675053906284027,1.0105207462160113,116,180,24,0,64,5,asynchronous
n010_001.bnet,random_mc,17,0.30488968317976517,1.0661931384977463,116,180,24,0,64,5,asynchronous
n010_001.bnet,random_mc,18,0.2990500426470733,1.025390762081059,116,180,24,0,64,5,asynchronous
n010_001.bnet,random_mc,19,0.3010542979518569,1.0328466813543278,116,180,24,0,64,5,asynchronous
n010_001.bnet,random_mc,20,0.2953871684495682,1.0124889808383035,116,180,24,0,64,5,asynchronous
n010_001.bnet,random_mc,21,0.30150588993078564,1.0387395630914709,116,180,24,0,64,5,asynchronous
n010_001.bnet,random_mc,22,0.3015188675369548,1.043945257788999,116,180,24,0,64,5,asynchronous
n010_001.bnet,random_mc,23,0.29864058416804296,1.024756520628872,116,180,24,0,64,5,asynchronous
n010_001.bnet,random_mc,24,0.30230352823322093,1.048983271980306,116,180,24,0,64,5,asynchronous
n010_001.bnet,random_mc,25,0.29688300402609635,1.0157719320373446,116,180,24,0,64,5,asynchronous
n010_001.bnet,random_mc,26,0.301176944872304,1.0419639604421735,116,180,24,0,64,5,asynchronous
n010_001.bnet,random_mc,27,0.30191416887764727,1.0488411555266377,116,180,24,0,64,5,asynchronous
n010_001.bnet,random_mc,28,0.3035003065723503,1.0557713529902295,116,180,24,0,64,5,asynchronous
n010_001.bnet,random_mc,29,0.3020422215211776,1.0480980820117765,116,180,24,0,64,5,asynchronous
n010_004.bnet,sd_mc,,0.22981484410907713,0.36673431310523863,1294,179,575,0,512,4,asynchronous
n010_004.bnet,null_mc,,0.33836686596515914,0.881313655850859,1294,742,12,0,512,4,asynchronous
n010_004.bnet,ref,,0.34466888367994863,0.9148934639001611,1294,754,0,0,512,4,asynchronous
n010_004.bnet,random_mc,0,0.3371588127776699,0.8748644369566471,1294,742,12,0,512,4,asynchronous
n010_004.bnet,random_mc,1,0.33669518113973956,0.8738342715627002,1294,742,12,0,512,4,asynchronous
n010_004.bnet,random_mc,2,0.3361986631868411,0.8708679407300615,1294,742,12,0,512,4,asynchronous
n010_004.bnet,random_mc,3,0.3377098620550797,0.8781543638401772,1294,742,12,0,512,4,asynchronous
n010_004.bnet,random_mc,4,0.33730914491208824,0.8755993434705739,1294,742,12,0,512,4,asynchronous
n010_004.bnet,random_mc,5,0.3385087067686161,0.8819696935962588,1294,742,12,0,512,4,asynchronous
n010_004.bnet,random_mc,6,0.33699480632942336,0.8737282254213428,1294,742,12,0,512,4,asynchronous
n010_004.bnet,random_mc,7,0.33943141032163654,0.8873885049708174,1294,742,12,0,512,4,asynchronous
n010_004.bnet,random_mc,8,0.33745818253657195,0.8761607429177887,1294,742,12,0,512,4,asynchronous
n010_004.bnet,random_mc,9,0.3386914653755683,0.8833309645465488,1294,742,12,0,512,4,asynchronous
n010_004.bnet,random_mc,10,0.34095267059072654,0.8955896905158744,1294,742,12,0,512,4,asynchronous
n010_004.bnet,random_mc,11,0.3375162603906187,0.8774369579630271,1294,742,12,0,512,4,asynchronous
n010_004.bnet,random_mc,12,0.3368162897091322,0.8728867946956184,1294,742,12,0,512,4,asynchronous
n010_004.bnet,random_mc,13,0.33905685857175505,0.8854031435394984,1294,742,12,0,512,4,asynchronous
n010_004.bnet,random_mc,14,0.33623172146634106,0.869110310165155,1294,742,12,0,512,4,asynchronous
n010_004.bnet,random_mc,15,0.33733052604450353,0.8758070340581091,1294,742,12,0,512,4,asynchronous
n010_004.bnet,random_mc,16,0.3371655281504785,0.8743167025585349,1294,742,12,0,512,4,asynchronous
n010_004.bnet,random_mc,17,0.33790559326409325,0.8790303445399077,1294,742,12,0,512,4,asynchronous
n010_004.bnet,random_mc,18,0.337811573711772,0.8794027699369156,1294,742,12,0,512,4,asynchronous
n010_004.bnet,random_mc,19,0.33598227963907584,0.8670421013237001,1294,742,12,0,512,4,asynchronous
n010_004.bnet,random_mc,20,0.3391809649461487,0.885263152122907,1294,742,12,0,512,4,asynchronous
n010_004.bnet,random_mc,21,0.34181139670698935,0.900124749554088,1294,742,12,0,512,4,asynchronous
n010_004.bnet,random_mc,22,0.3374521746898223,0.8764843039198338,1294,742,12,0,512,4,asynchronous
n010_004.bnet,random_mc,23,0.3388494909386519,0.8836463011748247,1294,742,12,0,512,4,asynchronous
n010_004.bnet,random_mc,24,0.3374573943904311,0.8770145249364342,1294,742,12,0,512,4,asynchronous
n010_004.bnet,random_mc,25,0.335590253513841,0.8672702900998968,1294,742,12,0,512,4,asynchronous
n010_004.bnet,random_mc,26,0.33932261200384484,0.8862919662759069,1294,742,12,0,512,4,asynchronous
n010_004.bnet,random_mc,27,0.3332155231793922,0.8521685982203919,1294,742,12,0,512,4,asynchronous
n010_004.bnet,random_mc,28,0.34032362869846866,0.8920747063401642,1294,742,12,0,512,4,asynchronous
n010_004.bnet,random_mc,29,0.3417809472422209,0.9013751869842211,1294,742,12,0,512,4,asynchronous
n010_006.bnet,sd_mc,,0.2487273298298475,0.1552780979622391,1916,36,96,0,1024,2,asynchronous
n010_006.bnet,null_mc,,0.3148547489160148,0.24791873791519808,1916,130,2,0,1024,2,asynchronous
n010_006.bnet,ref,,0.31562920359967755,0.24927254100222923,1916,132,0,0,1024,2,asynchronous
n010_006.bnet,random_mc,0,0.3203476661873501,0.2548989589431094,1916,130,2,0,1024,2,asynchronous
n010_006.bnet,random_mc,1,0.31797119066347257,0.251863470056126,1916,130,2,0,1024,2,asynchronous
n010_006.bnet,random_mc,2,0.31631903876202766,0.24976724587866403,1916,130,2,0,1024,2,asynchronous
n010_006.bnet,random_mc,3,0.3183795372677517,0.25238335886530927,1916,130,2,0,1024,2,asynchronous
n010_006.bnet,random_mc,4,0.3168964788159837,0.25049860207843794,1916,130,2,0,1024,2,asynchronous
n010_006.bnet,random_mc,5,0.3142018010183557,0.24709723839649467,1916,130,2,0,1024,2,asynchronous
n010_006.bnet,random_mc,6,0.32019968569576907,0.25470921679350295,1916,130,2,0,1024,2,asynchronous
n010_006.bnet,random_mc,7,0.31338028957168945,0.24606605274747878,1916,130,2,0,1024,2,asynchronous
n010_006.bnet,random_mc,8,0.31013663569016603,0.24201976950098716,1916,130,2,0,1024,2,asynchronous
n010_006.bnet,random_mc,9,0.32109212189443104,0.2558548684708704,1916,130,2,0,1024,2,asynchronous
n010_006.bnet,random_mc,10,0.31642376648945597,0.24989977795023124,1916,130,2,0,1024,2,asynchronous
n010_006.bnet,random_mc,11,0.31301575824677064,0.24560934197276346,1916,130,2,0,1024,2,asynchronous
n010_006.bnet,random_mc,12,0.3015869023177062,0.23152529353053786,1916,130,2,0,1024,2,asynchronous
n010_006.bnet,random_mc,13,0.3147224153786656,0.24775210576303835,1916,130,2,0,1024,2,asynchronous
n010_006.bnet,random_mc,14,0.3132006520021693,0.2458409076662588,1916,130,2,0,1024,2,asynchronous
n010_006.bnet,random_mc,15,0.3164953139431366,0.24999035567074818,1916,130,2,0,1024,2,asynchronous
n010_006.bnet,random_mc,16,0.3136775982848586,0.2464389437250015,1916,130,2,0,1024,2,asynchronous
n010_006.bnet,random_mc,17,0.31810710760927297,0.25203644634172284,1916,130,2,0,1024,2,asynchronous
n010_006.bnet,random_mc,18,0.31097570827648796,0.24306269071434866,1916,130,2,0,1024,2,asynchronous
n010_006.bnet,random_mc,19,0.3165312881794906,0.25003590882483806,1916,130,2,0,1024,2,asynchronous
n010_006.bnet,random_mc,20,0.31721977555270275,0.2509086944897128,1916,130,2,0,1024,2,asynchronous
n010_006.bnet,random_mc,21,0.31099696962593154,0.24308915666867992,1916,130,2,0,1024,2,asynchronous
n010_006.bnet,random_mc,22,0.3173498023882939,0.2510737284931796,1916,130,2,0,1024,2,asynchronous
n010_006.bnet,random_mc,23,0.3140343300030706,0.2468868084015638,1916,130,2,0,1024,2,asynchronous
n010_006.bnet,random_mc,24,0.30604787408520573,0.23697271204194942,1916,130,2,0,1024,2,asynchronous
n010_006.bnet,random_mc,25,0.31701045022325647,0.2506431103206371,1916,130,2,0,1024,2,asynchronous
n010_006.bnet,random_mc,26,0.31358381645405997,0.24632128256111555,1916,130,2,0,1024,2,asynchronous
n010_006.bnet,random_mc,27,0.31611206010680226,0.24950543155511573,1916,130,2,0,1024,2,asynchronous
n010_006.bnet,random_mc,28,0.31671726503249736,0.2502714607473114,1916,130,2,0,1024,2,asynchronous
n010_006.bnet,random_mc,29,0.3141366737423617,0.24701537223687792,1916,130,2,0,1024,2,asynchronous
n010_007.bnet,sd_mc,,0.10106663862352419,0.024028415225300394,1012,7,5,0,512,2,asynchronous
n010_007.bnet,null_mc,,0.1199002719162952,0.03376035811075151,1012,10,2,0,512,2,asynchronous
n010_007.bnet,ref,,0.1442274010256599,0.04740255072938404,1012,12,0,0,512,2,asynchronous
n010_007.bnet,random_mc,0,0.11923088961599686,0.03343405106784953,1012,10,2,0,512,2,asynchronous
n010_007.bnet,random_mc,1,0.11897860022345101,0.03331137626714831,1012,10,2,0,512,2,asynchronous
n010_007.bnet,random_mc,2,0.12083617152954006,0.03421709603777646,1012,10,2,0,512,2,asynchronous
n010_007.bnet,random_mc,3,0.11970516977254712,0.03366523486893137,1012,10,2,0,512,2,asynchronous
n010_007.bnet,random_mc,4,0.11941512243347423,0.03352419295750818,1012,10,2,0,512,2,asynchronous
n010_007.bnet,random_mc,5,0.12115592621452115,0.0343737431924853,1012,10,2,0,512,2,asynchronous
n010_007.bnet,random_mc,6,0.12212101252230532,0.03484797296449004,1012,10,2,0,512,2,asynchronous
n010_007.bnet,random_mc,7,0.11981256406584333,0.033717578614829505,1012,10,2,0,512,2,asynchronous
n010_007.bnet,random_mc,8,0.11970166501297455,0.03366561387742806,1012,10,2,0,512,2,asynchronous
n010_007.bnet,random_mc,9,0.11909883711486931,0.03336999833513127,1012,10,2,0,512,2,asynchronous
n010_007.bnet,random_mc,10,0.11932195359799955,0.03347882516443505,1012,10,2,0,512,2,asynchronous
n010_007.bnet,random_mc,11,0.11905480924506914,0.0333483637122466,1012,10,2,0,512,2,asynchronous
n010_007.bnet,random_mc,12,0.11920278713582003,0.03342075110675801,1012,10,2,0,512,2,asynchronous
n010_007.bnet,random_mc,13,0.11944105134580525,0.03353654912008699,1012,10,2,0,512,2,asynchronous
n010_007.bnet,random_mc,14,0.11933830928052121,0.033486693932080064,1012,10,2,0,512,2,asynchronous
n010_007.bnet,random_mc,15,0.11908559098522903,0.03336336505960537,1012,10,2,0,512,2,asynchronous
n010_007.bnet,random_mc,16,0.11949595981333376,0.03356340573995459,1012,10,2,0,512,2,asynchronous
n010_007.bnet,random_mc,17,0.11870407759778136,0.03317759487172102,1012,10,2,0,512,2,asynchronous
n010_007.bnet,random_mc,18,0.11951252587158448,0.03357167138620875,1012,10,2,0,512,2,asynchronous
n010_007.bnet,random_mc,19,0.12675333087103913,0.037168830072454404,1012,10,2,0,512,2,asynchronous
n010_007.bnet,random_mc,20,0.12000706332997066,0.033812319794701375,1012,10,2,0,512,2,asynchronous
n010_007.bnet,random_mc,21,0.12215977897872386,0.03486741877772225,1012,10,2,0,512,2,asynchronous
n010_007.bnet,random_mc,22,0.11940441959088827,0.033518778788167766,1012,10,2,0,512,2,asynchronous
n010_007.bnet,random_mc,23,0.11890619510548428,0.033276178905589024,1012,10,2,0,512,2,asynchronous
n010_007.bnet,random_mc,24,0.1194780986844828,0.0335546688889832,1012,10,2,0,512,2,asynchronous
n010_007.bnet,random_mc,25,0.12835073684109355,0.03817026512463917,1012,10,2,0,512,2,asynchronous
n010_007.bnet,random_mc,26,0.119336934475845,0.033486122912967306,1012,10,2,0,512,2,asynchronous
n010_007.bnet,random_mc,27,0.12042752480432893,0.034017426238995674,1012,10,2,0,512,2,asynchronous
n010_007.bnet,random_mc,28,0.1194073395273639,0.03352026486617429,1012,10,2,0,512,2,asynchronous
n010_007.bnet,random_mc,29,0.1198675099917587,0.033744370977743035,1012,10,2,0,512,2,asynchronous
n010_008.bnet,sd_mc,,0.1618236202178396,0.12773473283915268,440,38,290,0,256,3,asynchronous
n010_008.bnet,null_mc,,0.3338998576399801,0.6296526601282006,440,260,68,0,256,3,asynchronous
n010_008.bnet,ref,,0.3811188438478686,0.732344353804868,440,328,0,0,256,3,asynchronous
n010_008.bnet,random_mc,0,0.33347859319184653,0.6277105473861755,440,260,68,0,256,3,asynchronous
n010_008.bnet,random_mc,1,0.3338047806059577,0.6293279051937642,440,260,68,0,256,3,asynchronous
n010_008.bnet,random_mc,2,0.33233357729958035,0.6213562182958436,440,260,68,0,256,3,asynchronous
n010_008.bnet,random_mc,3,0.334664400193272,0.6347095739944513,440,260,68,0,256,3,asynchronous
n010_008.bnet,random_mc,4,0.3328840894259417,0.6236113241288108,440,260,68,0,256,3,asynchronous
n010_008.bnet,random_mc,5,0.3339395534623994,0.6300937580800736,440,260,68,0,256,3,asynchronous
n010_008.bnet,random_mc,6,0.3337999336533535,0.6292576062569037,440,260,68,0,256,3,asynchronous
n010_008.bnet,random_mc,7,0.33342985259074326,0.627312093030111,440,260,68,0,256,3,asynchronous
n010_008.bnet,random_mc,8,0.3323399826453922,0.6203390827127357,440,260,68,0,256,3,asynchronous
n010_008.bnet,random_mc,9,0.33312148764618155,0.6255797061621133,440,260,68,0,256,3,asynchronous
n010_008.bnet,random_mc,10,0.33340209855463954,0.6271400282039279,440,260,68,0,256,3,asynchronous
n010_008.bnet,random_mc,11,0.33391782444581636,0.6295714469110754,440,260,68,0,256,3,asynchronous
n010_008.bnet,random_mc,12,0.3336454828183994,0.6280447525057788,440,260,68,0,256,3,asynchronous
n010_008.bnet,random_mc,13,0.3336684961158688,0.6289678271264592,440,260,68,0,256,3,asynchronous
n010_008.bnet,random_mc,14,0.3338752012463019,0.6304463284089332,440,260,68,0,256,3,asynchronous
n010_008.bnet,random_mc,15,0.3324853437036195,0.6227197950919734,440,260,68,0,256,3,asynchronous
n010_008.bnet,random_mc,16,0.33364241022706326,0.6275252039743562,440,260,68,0,256,3,asynchronous
n010_008.bnet,random_mc,17,0.33389537020228444,0.6298741285643314,440,260,68,0,256,3,asynchronous
n010_008.bnet,random_mc,18,0.33358664268378624,0.6279364412756026,440,260,68,0,256,3,asynchronous
n010_008.bnet,random_mc,19,0.33400566458375064,0.6303347487570823,440,260,68,0,256,3,asynchronous
n010_008.bnet,random_mc,20,0.33389587694069317,0.6296914973848563,440,260,68,0,256,3,asynchronous
n010_008.bnet,random_mc,21,0.33386646733895536,0.62951076778759,440,260,68,0,256,3,asynchronous
n010_008.bnet,random_mc,22,0.3330884958502211,0.623836883126714,440,260,68,0,256,3,asynchronous
n010_008.bnet,random_mc,23,0.33480612348208405,0.6367167109273284,440,260,68,0,256,3,asynchronous
n010_008.bnet,random_mc,24,0.3339534110215505,0.6298704143324938,440,260,68,0,256,3,asynchronous
n010_008.bnet,random_mc,25,0.33268647471084295,0.6232750394164308,440,260,68,0,256,3,asynchronous
n010_008.bnet,random_mc,26,0.33252685473058347,0.6227578331378831,440,260,68,0,256,3,asynchronous
n010_008.bnet,random_mc,27,0.3338074524038615,0.6299473882672324,440,260,68,0,256,3,asynchronous
n010_008.bnet,random_mc,28,0.33391400187629316,0.6295900287717822,440,260,68,0,256,3,asynchronous
n010_008.bnet,random_mc,29,0.33332910053312775,0.6265391730824521,440,260,68,0,256,3,asynchronous
n010_009.bnet,sd_mc,,0.10984331937976617,0.030609041215996665,366,2,144,0,256,2,asynchronous
n010_009.bnet,null_mc,,0.30477350177338763,0.3191056457177869,366,17,129,0,256,2,asynchronous
n010_009.bnet,ref,,0.40669576168822413,0.4464418302346418,366,146,0,0,256,2,asynchronous
n010_009.bnet,random_mc,0,0.30333432903864055,0.3126834773454075,366,17,129,0,256,2,asynchronous
n010_009.bnet,random_mc,1,0.30506827012324134,0.3205690050664153,366,17,129,0,256,2,asynchronous
n010_009.bnet,random_mc,2,0.3046630740133286,0.31874862625027117,366,17,129,0,256,2,asynchronous
n010_009.bnet,random_mc,3,0.3048374257630225,0.31941791784581564,366,17,129,0,256,2,asynchronous
n010_009.bnet,random_mc,4,0.30467102546714797,0.3186937352069077,366,17,129,0,256,2,asynchronous
n010_009.bnet,random_mc,5,0.30344980644321096,0.3139666748352274,366,17,129,0,256,2,asynchronous
n010_009.bnet,random_mc,6,0.306115953051798,0.32629953142725165,366,17,129,0,256,2,asynchronous
n010_009.bnet,random_mc,7,0.305028058756423,0.32037246656630886,366,17,129,0,256,2,asynchronous
n010_009.bnet,random_mc,8,0.3053007056519395,0.3219011765644145,366,17,129,0,256,2,asynchronous
n010_009.bnet,random_mc,9,0.30483662220734653,0.31941487526769546,366,17,129,0,256,2,asynchronous
n010_009.bnet,random_mc,10,0.3037008569048457,0.3150990735715128,366,17,129,0,256,2,asynchronous
n010_009.bnet,random_mc,11,0.30476146093919004,0.31904862513692295,366,17,129,0,256,2,asynchronous
n010_009.bnet,random_mc,12,0.3046022340908849,0.31834313004094084,366,17,129,0,256,2,asynchronous
n010_009.bnet,random_mc,13,0.3044237538556537,0.31746739195995605,366,17,129,0,256,2,asynchronous
n010_009.bnet,random_mc,14,0.3047933760290803,0.3192104580738383,366,17,129,0,256,2,asynchronous
n010_009.bnet,random_mc,15,0.3021311300678106,0.3075625633840654,366,17,129,0,256,2,asynchronous
n010_009.bnet,random_mc,16,0.3045544332610501,0.31880047889476787,366,17,129,0,256,2,asynchronous
n010_009.bnet,random_mc,17,0.3051538749138845,0.3213624533465582,366,17,129,0,256,2,asynchronous
n010_009.bnet,random_mc,18,0.30476944053278215,0.31909507763755823,366,17,129,0,256,2,asynchronous
n010_009.bnet,random_mc,19,0.30434181669158644,0.3179032664813682,366,17,129,0,256,2,asynchronous
n010_009.bnet,random_mc,20,0.3036720080521993,0.31419669606593736,366,17,129,0,256,2,asynchronous
n010_009.bnet,random_mc,21,0.3047029058486202,0.31925391120724583,366,17,129,0,256,2,asynchronous
n010_009.bnet,random_mc,22,0.3051877339038125,0.3215009549230279,366,17,129,0,256,2,asynchronous
n010_009.bnet,random_mc,23,0.30473373511376955,0.31892366768248226,366,17,129,0,256,2,asynchronous
n010_009.bnet,random_mc,24,0.3059713787301673,0.32568277785499616,366,17,129,0,256,2,asynchronous
n010_009.bnet,random_mc,25,0.30497050692124816,0.32011046982795954,366,17,129,0,256,2,asynchronous
n010_009.bnet,random_mc,26,0.3062865499029005,0.3273135869345476,366,17,129,0,256,2,asynchronous
n010_009.bnet,random_mc,27,0.30440583078698147,0.31842702678896917,366,17,129,0,256,2,asynchronous
n010_009.bnet,random_mc,28,0.3043698733321987,0.3172035799743069,366,17,129,0,256,2,asynchronous
n010_009.bnet,random_mc,29,0.30507553469117926,0.32266033242158954,366,17,129,0,256,2,asynchronous
n010_011.bnet,sd_mc,,0.1578009327779625,0.0939627043928237,808,20,708,0,512,3,asynchronous
n010_011.bnet,null_mc,,0.5061265241359065,1.4160229650653953,808,658,70,0,512,3,asynchronous
n010_011.bnet,ref,,0.38288884603993606,0.758896774200194,808,728,0,0,512,3,asynchronous
n010_011.bnet,random_mc,0,0.5037181992951224,1.3922524193900094,808,658,70,0,512,3,asynchronous
n010_011.bnet,random_mc,1,0.5054341993042396,1.41730788734067,808,658,70,0,512,3,asynchronous
n010_011.bnet,random_mc,2,0.5081039467566678,1.4395520296439308,808,658,70,0,512,3,asynchronous
n010_011.bnet,random_mc,3,0.5046136861104232,1.4175799835237686,808,658,70,0,512,3,asynchronous
n010_011.bnet,random_mc,4,0.5046848947811668,1.4143720238422468,808,658,70,0,512,3,asynchronous
n010_011.bnet,random_mc,5,0.5066206404036836,1.4241275572841978,808,658,70,0,512,3,asynchronous
n010_011.bnet,random_mc,6,0.5063082088768657,1.4224264685367913,808,658,70,0,512,3,asynchronous
n010_011.bnet,random_mc,7,0.5029760641343598,1.3861691291771736,808,658,70,0,512,3,asynchronous
n010_011.bnet,random_mc,8,0.5022061923874683,1.3770392752134377,808,658,70,0,512,3,asynchronous
n010_011.bnet,random_mc,9,0.5068562574318166,1.4214655446689721,808,658,70,0,512,3,asynchronous
n010_011.bnet,random_mc,10,0.5070645585384019,1.418733120247441,808,658,70,0,512,3,asynchronous
n010_011.bnet,random_mc,11,0.5055430963502989,1.4097628692188022,808,658,70,0,512,3,asynchronous
n010_011.bnet,random_mc,12,0.5056850210392942,1.4136723056587908,808,658,70,0,512,3,asynchronous
n010_011.bnet,random_mc,13,0.5057520434112054,1.4278192875936913,808,658,70,0,512,3,asynchronous
n010_011.bnet,random_mc,14,0.5039988040470369,1.4029571712382019,808,658,70,0,512,3,asynchronous
n010_011.bnet,random_mc,15,0.5052383914213034,1.4179017974606254,808,658,70,0,512,3,asynchronous
n010_011.bnet,random_mc,16,0.5037452861558007,1.3998592920453166,808,658,70,0,512,3,asynchronous
n010_011.bnet,random_mc,17,0.5058745368191074,1.4216866440762295,808,658,70,0,512,3,asynchronous
n010_011.bnet,random_mc,18,0.4994421846021634,1.347340263193411,808,658,70,0,512,3,asynchronous
n010_011.bnet,random_mc,19,0.5079353702319198,1.436179337796935,808,658,70,0,512,3,asynchronous
n010_011.bnet,random_mc,20,0.5068775705578289,1.4288707380717853,808,658,70,0,512,3,asynchronous
n010_011.bnet,random_mc,21,0.5064466021865163,1.418886935292221,808,658,70,0,512,3,asynchronous
n010_011.bnet,random_mc,22,0.5051641265617587,1.4034336018869644,808,658,70,0,512,3,asynchronous
n010_011.bnet,random_mc,23,0.5041430786258824,1.4021559249631323,808,658,70,0,512,3,asynchronous
n010_011.bnet,random_mc,24,0.5026482153671319,1.3729127500514648,808,658,70,0,512,3,asynchronous
n010_011.bnet,random_mc,25,0.5051730632351112,1.4080855899796407,808,658,70,0,512,3,asynchronous
n010_011.bnet,random_mc,26,0.5032757895271021,1.3982284958559292,808,658,70,0,512,3,asynchronous
n010_011.bnet,random_mc,27,0.5045676297103853,1.4002021308967827,808,658,70,0,512,3,asynchronous
n010_011.bnet,random_mc,28,0.5068300480164737,1.4275656710009361,808,658,70,0,512,3,asynchronous
n010_011.bnet,random_mc,29,0.5086768923984565,1.4554611728815512,808,658,70,0,512,3,asynchronous
n010_013.bnet,sd_mc,,0.02453266907313291,0.0018673430479600244,18,0,30,0,16,3,asynchronous
n010_013.bnet,null_mc,,0.3814074507905142,0.7349379081492388,18,24,6,0,16,3,asynchronous
n010_013.bnet,ref,,0.4500514373894348,1.0155084543646873,18,30,0,0,16,3,asynchronous
n010_013.bnet,random_mc,0,0.3506136855686913,0.6080589404486518,18,24,6,0,16,3,asynchronous
n010_013.bnet,random_mc,1,0.3842622444719298,0.7470489360850157,18,24,6,0,16,3,asynchronous
n010_013.bnet,random_mc,2,0.37883159119270493,0.6956718756952995,18,24,6,0,16,3,asynchronous
n010_013.bnet,random_mc,3,0.38892989151960317,0.7633576244978675,18,24,6,0,16,3,asynchronous
n010_013.bnet,random_mc,4,0.31645539760353597,0.5316965011336154,18,24,6,0,16,3,asynchronous
n010_013.bnet,random_mc,5,0.3367914491160277,0.6035809814571531,18,24,6,0,16,3,asynchronous
n010_013.bnet,random_mc,6,0.35108891455858576,0.630556079170791,18,24,6,0,16,3,asynchronous
n010_013.bnet,random_mc,7,0.3306780818668823,0.5505778465503093,18,22,8,0,16,3,asynchronous
n010_013.bnet,random_mc,8,0.3687381432587605,0.6864947880053744,18,22,8,0,16,3,asynchronous
n010_013.bnet,random_mc,9,0.32209671885366403,0.5195870489153721,18,24,6,0,16,3,asynchronous
n010_013.bnet,random_mc,10,0.3441415216147217,0.5959308713566422,18,24,6,0,16,3,asynchronous
n010_013.bnet,random_mc,11,0.3012127611520141,0.506971828029745,18,24,6,0,16,3,asynchronous
n010_013.bnet,random_mc,12,0.38405122776034034,0.7872902345387943,18,24,6,0,16,3,asynchronous
n010_013.bnet,random_mc,13,0.3801117647530838,0.6966428972063163,18,24,6,0,16,3,asynchronous
n010_013.bnet,random_mc,14,0.312481970726461,0.4644043636356231,18,14,16,0,16,3,asynchronous
n010_013.bnet,random_mc,15,0.3774188961196142,0.6996521079758256,18,24,6,0,16,3,asynchronous
n010_013.bnet,random_mc,16,0.35138090285507967,0.6374871367961956,18,24,6,0,16,3,asynchronous
n010_013.bnet,random_mc,17,0.3694474280819967,0.639442079787599,18,24,6,0,16,3,asynchronous
n010_013.bnet,random_mc,18,0.3678295309922688,0.6823156918661273,18,22,8,0,16,3,asynchronous
n010_013.bnet,random_mc,19,0.364716293526354,0.6656925331022678,18,24,6,0,16,3,asynchronous
n010_013.bnet,random_mc,20,0.3834657029032627,0.7243103003202603,18,24,6,0,16,3,asynchronous
n010_013.bnet,random_mc,21,0.3498704784792506,0.6158953891914719,18,24,6,0,16,3,asynchronous
n010_013.bnet,random_mc,22,0.3714724517476463,0.6922446965661889,18,22,8,0,16,3,asynchronous
n010_013.bnet,random_mc,23,0.38908599533688754,0.753042180053173,18,24,6,0,16,3,asynchronous
n010_013.bnet,random_mc,24,0.3655820009876004,0.6157949384854884,18,24,6,0,16,3,asynchronous
n010_013.bnet,random_mc,25,0.3545883404677796,0.6321593797626863,18,21,9,0,16,3,asynchronous
n010_013.bnet,random_mc,26,0.36955929710139085,0.6069524966935971,18,17,13,0,16,3,asynchronous
n010_013.bnet,random_mc,27,0.39230519973347006,0.7721658884571361,18,24,6,0,16,3,asynchronous
n010_013.bnet,random_mc,28,0.3814445506380759,0.6936427451458853,18,24,6,0,16,3,asynchronous
n010_013.bnet,random_mc,29,0.38946658225936803,0.769619456712058,18,24,6,0,16,3,asynchronous
n010_015.bnet,sd_mc,,0.1624243263837712,0.30258399458954416,4096,24,2024,0,1024,6,asynchronous
n010_015.bnet,null_mc,,0.2269097161506924,0.7571525449219517,4096,1998,50,0,1024,6,asynchronous
n010_015.bnet,ref,,0.24565229440914255,0.9120551456547481,4096,2048,0,0,1024,6,asynchronous
n010_015.bnet,random_mc,0,0.2273608161808075,0.7591339760005871,4096,1998,50,0,1024,6,asynchronous
n010_015.bnet,random_mc,1,0.22571300919341739,0.7478007321677804,4096,1998,50,0,1024,6,asynchronous
n010_015.bnet,random_mc,2,0.22647300500161127,0.7543876066061781,4096,1998,50,0,1024,6,asynchronous
n010_015.bnet,random_mc,3,0.22669801741344367,0.7554161823217298,4096,1998,50,0,1024,6,asynchronous
n010_015.bnet,random_mc,4,0.22651868797440858,0.7544227060914126,4096,1998,50,0,1024,6,asynchronous
n010_015.bnet,random_mc,5,0.22693818543796984,0.7562240560126201,4096,1998,50,0,1024,6,asynchronous
n010_015.bnet,random_mc,6,0.22849165141866726,0.7670201080593599,4096,1998,50,0,1024,6,asynchronous
n010_015.bnet,random_mc,7,0.22623672172655615,0.7514502067839159,4096,1998,50,0,1024,6,asynchronous
n010_015.bnet,random_mc,8,0.22514508089674745,0.7451735777858791,4096,1998,50,0,1024,6,asynchronous
n010_015.bnet,random_mc,9,0.227402461542955,0.7608229029851871,4096,1998,50,0,1024,6,asynchronous
n010_015.bnet,random_mc,10,0.22661361535845376,0.7567614655767814,4096,1998,50,0,1024,6,asynchronous
n010_015.bnet,random_mc,11,0.22664230115832695,0.7529164278892407,4096,1998,50,0,1024,6,asynchronous
n010_015.bnet,random_mc,12,0.22630792781418033,0.7545936703376962,4096,1998,50,0,1024,6,asynchronous
n010_015.bnet,random_mc,13,0.22609343285057057,0.7513962711243487,4096,1998,50,0,1024,6,asynchronous
n010_015.bnet,random_mc,14,0.22389831119736564,0.7369254974932443,4096,1998,50,0,1024,6,asynchronous
n010_015.bnet,random_mc,15,0.22437790587063053,0.7400361171460643,4096,1998,50,0,1024,6,asynchronous
n010_015.bnet,random_mc,16,0.2248448655520287,0.7451331973092679,4096,1998,50,0,1024,6,asynchronous
n010_015.bnet,random_mc,17,0.22522133737699784,0.747010171340568,4096,1998,50,0,1024,6,asynchronous
n010_015.bnet,random_mc,18,0.22536005132637993,0.7469827234948588,4096,1998,50,0,1024,6,asynchronous
n010_015.bnet,random_mc,19,0.22556417015393437,0.7497604492838696,4096,1998,50,0,1024,6,asynchronous
n010_015.bnet,random_mc,20,0.2282744296433582,0.7666645875334988,4096,1998,50,0,1024,6,asynchronous
n010_015.bnet,random_mc,21,0.2262628447200416,0.7529596217700336,4096,1998,50,0,1024,6,asynchronous
n010_015.bnet,random_mc,22,0.22404657073914658,0.7365783363882148,4096,1998,50,0,1024,6,asynchronous
n010_015.bnet,random_mc,23,0.22634008548086623,0.7519033034541422,4096,1998,50,0,1024,6,asynchronous
n010_015.bnet,random_mc,24,0.22611626410355345,0.7498019499746191,4096,1998,50,0,1024,6,asynchronous
n010_015.bnet,random_mc,25,0.22616605898519046,0.7502678822927267,4096,1998,50,0,1024,6,asynchronous
n010_015.bnet,random_mc,26,0.22492447741958832,0.7462008761968182,4096,1998,50,0,1024,6,asynchronous
n010_015.bnet,random_mc,27,0.22591026042138562,0.7502702689329569,4096,1998,50,0,1024,6,asynchronous
n010_015.bnet,random_mc,28,0.22712487811488535,0.7595238824819359,4096,1998,50,0,1024,6,asynchronous
n010_015.bnet,random_mc,29,0.22608372029647952,0.751067200855219,4096,1998,50,0,1024,6,asynchronous
n010_016.bnet,sd_mc,,0.1361794976720715,0.08127902591940347,956,8,572,0,512,3,asynchronous
n010_016.bnet,null_mc,,0.3560159274793061,0.6334159068500789,956,574,6,0,512,3,asynchronous
n010_016.bnet,ref,,0.37169798948192667,0.6845168578675935,956,580,0,0,512,3,asynchronous
n010_016.bnet,random_mc,0,0.36262954592815666,0.6542045555412017,956,574,6,0,512,3,asynchronous
n010_016.bnet,random_mc,1,0.36633553379814343,0.666158162710968,956,574,6,0,512,3,asynchronous
n010_016.bnet,random_mc,2,0.3597779837448309,0.6451358660982089,956,574,6,0,512,3,asynchronous
n010_016.bnet,random_mc,3,0.3532397143335186,0.6247444078524322,956,574,6,0,512,3,asynchronous
n010_016.bnet,random_mc,4,0.34943061432041195,0.6134247043015506,956,574,6,0,512,3,asynchronous
n010_016.bnet,random_mc,5,0.34701210000678845,0.6061409666854685,956,574,6,0,512,3,asynchronous
n010_016.bnet,random_mc,6,0.3524516773440112,0.6224655291475467,956,574,6,0,512,3,asynchronous
n010_016.bnet,random_mc,7,0.34839589470237925,0.6102098718764002,956,574,6,0,512,3,asynchronous
n010_016.bnet,random_mc,8,0.34880685626070657,0.6114934229047935,956,574,6,0,512,3,asynchronous
n010_016.bnet,random_mc,9,0.35802430558901494,0.6396265106226404,956,574,6,0,512,3,asynchronous
n010_016.bnet,random_mc,10,0.3486417670059793,0.611021719705015,956,574,6,0,512,3,asynchronous
n010_016.bnet,random_mc,11,0.36037745627924583,0.6470357739153816,956,574,6,0,512,3,asynchronous
n010_016.bnet,random_mc,12,0.35469940463713046,0.6293617940783384,956,574,6,0,512,3,asynchronous
n010_016.bnet,random_mc,13,0.36498311144276135,0.6617972738411034,956,574,6,0,512,3,asynchronous
n010_016.bnet,random_mc,14,0.3431754311130015,0.5949887877315156,956,574,6,0,512,3,asynchronous
n010_016.bnet,random_mc,15,0.34979879746701453,0.6143446454944108,956,574,6,0,512,3,asynchronous
n010_016.bnet,random_mc,16,0.3473802478916879,0.6068649540050257,956,574,6,0,512,3,asynchronous
n010_016.bnet,random_mc,17,0.35801892705953975,0.6395672746783686,956,574,6,0,512,3,asynchronous
n010_016.bnet,random_mc,18,0.3597547615789487,0.6450952389861138,956,574,6,0,512,3,asynchronous
n010_016.bnet,random_mc,19,0.3586320229937765,0.6414328736366033,956,574,6,0,512,3,asynchronous
n010_016.bnet,random_mc,20,0.3572271709004081,0.6370977545323115,956,574,6,0,512,3,asynchronous
n010_016.bnet,random_mc,21,0.3543138120161828,0.6279214085965684,956,574,6,0,512,3,asynchronous
n010_016.bnet,random_mc,22,0.3558814592200487,0.63301217848337,956,574,6,0,512,3,asynchronous
n010_016.bnet,random_mc,23,0.3536310348275232,0.6260323634108397,956,574,6,0,512,3,asynchronous
n010_016.bnet,random_mc,24,0.35625701925476766,0.634168351356215,956,574,6,0,512,3,asynchronous
n010_016.bnet,random_mc,25,0.3529682486434203,0.6240066027118156,956,574,6,0,512,3,asynchronous
n010_016.bnet,random_mc,26,0.35022916403538645,0.6157734002439541,956,574,6,0,512,3,asynchronous
n010_016.bnet,random_mc,27,0.35414130922858617,0.6275915414149255,956,574,6,0,512,3,asynchronous
n010_016.bnet,random_mc,28,0.3537085146094503,0.6263136127725588,956,574,6,0,512,3,asynchronous
n010_016.bnet,random_mc,29,0.3547529638870662,0.6295259432657914,956,574,6,0,512,3,asynchronous
n010_018.bnet,sd_mc,,0.12202231233784383,0.03136518060224562,252,0,4,0,128,2,asynchronous
n010_018.bnet,null_mc,,0.12202231233784383,0.03136518060224562,252,0,4,0,128,2,asynchronous
n010_018.bnet,ref,,0.15067164533605623,0.0530260299947439,252,4,0,0,128,2,asynchronous
n010_018.bnet,random_mc,0,0.12202231233784383,0.03136518060224562,252,0,4,0,128,2,asynchronous
n010_018.bnet,random_mc,1,0.12202231233784383,0.03136518060224562,252,0,4,0,128,2,asynchronous
n010_018.bnet,random_mc,2,0.12202231233784383,0.03136518060224562,252,0,4,0,128,2,asynchronous
n010_018.bnet,random_mc,3,0.12202231233784383,0.03136518060224562,252,0,4,0,128,2,asynchronous
n010_018.bnet,random_mc,4,0.12202231233784383,0.03136518060224562,252,0,4,0,128,2,asynchronous
n010_018.bnet,random_mc,5,0.12202231233784383,0.03136518060224562,252,0,4,0,128,2,asynchronous
n010_018.bnet,random_mc,6,0.12202231233784383,0.03136518060224562,252,0,4,0,128,2,asynchronous
n010_018.bnet,random_mc,7,0.12202231233784383,0.03136518060224562,252,0,4,0,128,2,asynchronous
n010_018.bnet,random_mc,8,0.12202231233784383,0.03136518060224562,252,0,4,0,128,2,asynchronous
n010_018.bnet,random_mc,9,0.12202231233784383,0.03136518060224562,252,0,4,0,128,2,asynchronous
n010_018.bnet,random_mc,10,0.12202231233784383,0.03136518060224562,252,0,4,0,128,2,asynchronous
n010_018.bnet,random_mc,11,0.12202231233784383,0.03136518060224562,252,0,4,0,128,2,asynchronous
n010_018.bnet,random_mc,12,0.12202231233784383,0.03136518060224562,252,0,4,0,128,2,asynchronous
n010_018.bnet,random_mc,13,0.12202231233784383,0.03136518060224562,252,0,4,0,128,2,asynchronous
n010_018.bnet,random_mc,14,0.12202231233784383,0.03136518060224562,252,0,4,0,128,2,asynchronous
n010_018.bnet,random_mc,15,0.12202231233784383,0.03136518060224562,252,0,4,0,128,2,asynchronous
n010_018.bnet,random_mc,16,0.12202231233784383,0.03136518060224562,252,0,4,0,128,2,asynchronous
n010_018.bnet,random_mc,17,0.12202231233784383,0.03136518060224562,252,0,4,0,128,2,asynchronous
n010_018.bnet,random_mc,18,0.12202231233784383,0.03136518060224562,252,0,4,0,128,2,asynchronous
n010_018.bnet,random_mc,19,0.12202231233784383,0.03136518060224562,252,0,4,0,128,2,asynchronous
n010_018.bnet,random_mc,20,0.12202231233784383,0.03136518060224562,252,0,4,0,128,2,asynchronous
n010_018.bnet,random_mc,21,0.12202231233784383,0.03136518060224562,252,0,4,0,128,2,asynchronous
n010_018.bnet,random_mc,22,0.12202231233784383,0.03136518060224562,252,0,4,0,128,2,asynchronous
n010_018.bnet,random_mc,23,0.12202231233784383,0.03136518060224562,252,0,4,0,128,2,asynchronous
n010_018.bnet,random_mc,24,0.12202231233784383,0.03136518060224562,252,0,4,0,128,2,asynchronous
n010_018.bnet,random_mc,25,0.12202231233784383,0.03136518060224562,252,0,4,0,128,2,asynchronous
n010_018.bnet,random_mc,26,0.12202231233784383,0.03136518060224562,252,0,4,0,128,2,asynchronous
n010_018.bnet,random_mc,27,0.12202231233784383,0.03136518060224562,252,0,4,0,128,2,asynchronous
n010_018.bnet,random_mc,28,0.12202231233784383,0.03136518060224562,252,0,4,0,128,2,asynchronous
n010_018.bnet,random_mc,29,0.12202231233784383,0.03136518060224562,252,0,4,0,128,2,asynchronous
n010_023.bnet,sd_mc,,0.13059565129586068,0.07236069586669658,632,128,264,0,512,2,asynchronous
n010_023.bnet,null_mc,,0.39675131943802483,0.46412552739395463,632,390,2,0,512,2,asynchronous
n010_023.bnet,ref,,0.4539914593444677,0.5627545547205024,632,392,0,0,512,2,asynchronous
n010_023.bnet,random_mc,0,0.39547010307038694,0.4620607803783744,632,390,2,0,512,2,asynchronous
n010_023.bnet,random_mc,1,0.3927703921831006,0.45773133984464687,632,390,2,0,512,2,asynchronous
n010_023.bnet,random_mc,2,0.39481569055311233,0.46101031759915195,632,390,2,0,512,2,asynchronous
n010_023.bnet,random_mc,3,0.39599009358000065,0.4628971570334979,632,390,2,0,512,2,asynchronous
n010_023.bnet,random_mc,4,0.39564814312809354,0.4623467139562388,632,390,2,0,512,2,asynchronous
n010_023.bnet,random_mc,5,0.4004627271161968,0.4701302792939498,632,390,2,0,512,2,asynchronous
n010_023.bnet,random_mc,6,0.40000461633983614,0.46938545031207635,632,390,2,0,512,2,asynchronous
n010_023.bnet,random_mc,7,0.3978621192607079,0.465915504817236,632,390,2,0,512,2,asynchronous
n010_023.bnet,random_mc,8,0.39811344578351177,0.4663243668547241,632,390,2,0,512,2,asynchronous
n010_023.bnet,random_mc,9,0.40656549390786184,0.48010019708524915,632,390,2,0,512,2,asynchronous
n010_023.bnet,random_mc,10,0.3990065668106922,0.4677692907506742,632,390,2,0,512,2,asynchronous
n010_023.bnet,random_mc,11,0.40227347683667963,0.47307503527429723,632,390,2,0,512,2,asynchronous
n010_023.bnet,random_mc,12,0.3986362723888139,0.46716724910748747,632,390,2,0,512,2,asynchronous
n010_023.bnet,random_mc,13,0.3954981369381662,0.4621068815291453,632,390,2,0,512,2,asynchronous
n010_023.bnet,random_mc,14,0.4013614754752639,0.4715910861234234,632,390,2,0,512,2,asynchronous
n010_023.bnet,random_mc,15,0.38729386762843426,0.44901523316145375,632,390,2,0,512,2,asynchronous
n010_023.bnet,random_mc,16,0.3967945578429914,0.4641920912626515,632,390,2,0,512,2,asynchronous
n010_023.bnet,random_mc,17,0.4041360992786032,0.47611653859593517,632,390,2,0,512,2,asynchronous
n010_023.bnet,random_mc,18,0.41393961647265287,0.4923100581972669,632,390,2,0,512,2,asynchronous
n010_023.bnet,random_mc,19,0.3960567733104727,0.4630046872148873,632,390,2,0,512,2,asynchronous
n010_023.bnet,random_mc,20,0.40247090881193615,0.4733962827553183,632,390,2,0,512,2,asynchronous
n010_023.bnet,random_mc,21,0.3901536674608048,0.45355582102178665,632,390,2,0,512,2,asynchronous
n010_023.bnet,random_mc,22,0.3995087185764108,0.4685827928922662,632,390,2,0,512,2,asynchronous
n010_023.bnet,random_mc,23,0.3974345837951466,0.4652250324066782,632,390,2,0,512,2,asynchronous
n010_023.bnet,random_mc,24,0.3999345544774452,0.469272431187048,632,390,2,0,512,2,asynchronous
n010_023.bnet,random_mc,25,0.40066082767940403,0.47045167420654355,632,390,2,0,512,2,asynchronous
n010_023.bnet,random_mc,26,0.3896779897436048,0.4527954167361158,632,390,2,0,512,2,asynchronous
n010_023.bnet,random_mc,27,0.39019060446429954,0.45361435251451904,632,390,2,0,512,2,asynchronous
n010_023.bnet,random_mc,28,0.3949613547752614,0.4612420234107981,632,390,2,0,512,2,asynchronous
n010_023.bnet,random_mc,29,0.39691409596506405,0.4643865668650203,632,390,2,0,512,2,asynchronous
n010_024.bnet,sd_mc,,0.16684843150459872,0.21342265978639488,1350,158,540,0,512,4,asynchronous
n010_024.bnet,null_mc,,0.2587354408588107,0.5639188299466251,1350,677,21,0,512,4,asynchronous
n010_024.bnet,ref,,0.32224084860909247,0.8257992445496998,1350,698,0,0,512,4,asynchronous
n010_024.bnet,random_mc,0,0.25876493931497346,0.5643448096409116,1350,677,21,0,512,4,asynchronous
n010_024.bnet,random_mc,1,0.25725711492559483,0.5543833108516534,1350,677,21,0,512,4,asynchronous
n010_024.bnet,random_mc,2,0.2580989806580639,0.5593244123224881,1350,677,21,0,512,4,asynchronous
n010_024.bnet,random_mc,3,0.2586437323774576,0.5640357230663683,1350,677,21,0,512,4,asynchronous
n010_024.bnet,random_mc,4,0.25823718308285754,0.5614212298885461,1350,677,21,0,512,4,asynchronous
n010_024.bnet,random_mc,5,0.25814550869692077,0.5606922567240514,1350,677,21,0,512,4,asynchronous
n010_024.bnet,random_mc,6,0.25858067295892145,0.5633438789863481,1350,677,21,0,512,4,asynchronous
n010_024.bnet,random_mc,7,0.2597352379793665,0.5711978057388853,1350,677,21,0,512,4,asynchronous
n010_024.bnet,random_mc,8,0.25885011234174543,0.5656662864340518,1350,677,21,0,512,4,asynchronous
n010_024.bnet,random_mc,9,0.2594470541967327,0.5670456710907273,1350,677,21,0,512,4,asynchronous
n010_024.bnet,random_mc,10,0.25811591004176626,0.5606746729360008,1350,677,21,0,512,4,asynchronous
n010_024.bnet,random_mc,11,0.258221384454128,0.5611892974826574,1350,677,21,0,512,4,asynchronous
n010_024.bnet,random_mc,12,0.25876092462853556,0.5650252273418742,1350,677,21,0,512,4,asynchronous
n010_024.bnet,random_mc,13,0.25801818773517,0.5588813804173798,1350,677,21,0,512,4,asynchronous
n010_024.bnet,random_mc,14,0.25718179270797825,0.5549556521509531,1350,677,21,0,512,4,asynchronous
n010_024.bnet,random_mc,15,0.25964423514802537,0.567977126333212,1350,677,21,0,512,4,asynchronous
n010_024.bnet,random_mc,16,0.257468352133313,0.5572585318269659,1350,677,21,0,512,4,asynchronous
n010_024.bnet,random_mc,17,0.25850360180890103,0.5625404340948038,1350,677,21,0,512,4,asynchronous
n010_024.bnet,random_mc,18,0.2575132985805838,0.5574258570432271,1350,677,21,0,512,4,asynchronous
n010_024.bnet,random_mc,19,0.25847472602831534,0.5635220512630288,1350,677,21,0,512,4,asynchronous
n010_024.bnet,random_mc,20,0.2577905268037701,0.5575931544958187,1350,677,21,0,512,4,asynchronous
n010_024.bnet,random_mc,21,0.25884267858021753,0.5650223892338213,1350,677,21,0,512,4,asynchronous
n010_024.bnet,random_mc,22,0.2584778103518525,0.5631910138378933,1350,677,21,0,512,4,asynchronous
n010_024.bnet,random_mc,23,0.2578296736293912,0.5591643765617209,1350,677,21,0,512,4,asynchronous
n010_024.bnet,random_mc,24,0.2587903668443619,0.5648956783573769,1350,677,21,0,512,4,asynchronous
n010_024.bnet,random_mc,25,0.25783369284950675,0.5582044565451094,1350,677,21,0,512,4,asynchronous
n010_024.bnet,random_mc,26,0.2574439078671534,0.5555999604739407,1350,677,21,0,512,4,asynchronous
n010_024.bnet,random_mc,27,0.2600852171402702,0.5725059808452984,1350,677,21,0,512,4,asynchronous
n010_024.bnet,random_mc,28,0.257100967806683,0.5545573705169922,1350,677,21,0,512,4,asynchronous
n010_024.bnet,random_mc,29,0.25766117284864337,0.5579223880289337,1350,677,21,0,512,4,asynchronous
n010_026.bnet,sd_mc,,0.0,0.0,2,0,2,0,2,2,asynchronous
n010_026.bnet,null_mc,,0.0,0.0,2,0,2,0,2,2,asynchronous
n010_026.bnet,ref,,0.5,0.6931471805599453,2,2,0,0,2,2,asynchronous
n010_026.bnet,random_mc,0,0.0,0.0,2,0,2,0,2,2,asynchronous
n010_026.bnet,random_mc,1,0.0,0.0,2,0,2,0,2,2,asynchronous
n010_026.bnet,random_mc,2,0.0,0.0,2,0,2,0,2,2,asynchronous
n010_026.bnet,random_mc,3,0.0,0.0,2,0,2,0,2,2,asynchronous
n010_026.bnet,random_mc,4,0.0,0.0,2,0,2,0,2,2,asynchronous
n010_026.bnet,random_mc,5,0.0,0.0,2,0,2,0,2,2,asynchronous
n010_026.bnet,random_mc,6,0.0,0.0,2,0,2,0,2,2,asynchronous
n010_026.bnet,random_mc,7,0.0,0.0,2,0,2,0,2,2,asynchronous
n010_026.bnet,random_mc,8,0.0,0.0,2,0,2,0,2,2,asynchronous
n010_026.bnet,random_mc,9,0.0,0.0,2,0,2,0,2,2,asynchronous
n010_026.bnet,random_mc,10,0.0,0.0,2,0,2,0,2,2,asynchronous
n010_026.bnet,random_mc,11,0.0,0.0,2,0,2,0,2,2,asynchronous
n010_026.bnet,random_mc,12,0.0,0.0,2,0,2,0,2,2,asynchronous
n010_026.bnet,random_mc,13,0.0,0.0,2,0,2,0,2,2,asynchronous
n010_026.bnet,random_mc,14,0.0,0.0,2,0,2,0,2,2,asynchronous
n010_026.bnet,random_mc,15,0.0,0.0,2,0,2,0,2,2,asynchronous
n010_026.bnet,random_mc,16,0.0,0.0,2,0,2,0,2,2,asynchronous
n010_026.bnet,random_mc,17,0.0,0.0,2,0,2,0,2,2,asynchronous
n010_026.bnet,random_mc,18,0.0,0.0,2,0,2,0,2,2,asynchronous
n010_026.bnet,random_mc,19,0.0,0.0,2,0,2,0,2,2,asynchronous
n010_026.bnet,random_mc,20,0.0,0.0,2,0,2,0,2,2,asynchronous
n010_026.bnet,random_mc,21,0.0,0.0,2,0,2,0,2,2,asynchronous
n010_026.bnet,random_mc,22,0.0,0.0,2,0,2,0,2,2,asynchronous
n010_026.bnet,random_mc,23,0.0,0.0,2,0,2,0,2,2,asynchronous
n010_026.bnet,random_mc,24,0.0,0.0,2,0,2,0,2,2,asynchronous
n010_026.bnet,random_mc,25,0.0,0.0,2,0,2,0,2,2,asynchronous
n010_026.bnet,random_mc,26,0.0,0.0,2,0,2,0,2,2,asynchronous
n010_026.bnet,random_mc,27,0.0,0.0,2,0,2,0,2,2,asynchronous
n010_026.bnet,random_mc,28,0.0,0.0,2,0,2,0,2,2,asynchronous
n010_026.bnet,random_mc,29,0.0,0.0,2,0,2,0,2,2,asynchronous
n010_029.bnet,sd_mc,,0.23156663667850305,0.11723272860110748,246,1,9,0,128,2,asynchronous
n010_029.bnet,null_mc,,0.2206788614788093,0.11386994686548725,246,8,2,0,128,2,asynchronous
n010_029.bnet,ref,,0.22935869267063652,0.1247003715617364,246,10,0,0,128,2,asynchronous
n010_029.bnet,random_mc,0,0.2206788614788093,0.11386994686548725,246,8,2,0,128,2,asynchronous
n010_029.bnet,random_mc,1,0.21672358874257897,0.11040785379301153,246,8,2,0,128,2,asynchronous
n010_029.bnet,random_mc,2,0.22141813376862043,0.11452366424290979,246,8,2,0,128,2,asynchronous
n010_029.bnet,random_mc,3,0.22199145319457675,0.11503214225655495,246,8,2,0,128,2,asynchronous
n010_029.bnet,random_mc,4,0.21940702570114118,0.1127504289466851,246,8,2,0,128,2,asynchronous
n010_029.bnet,random_mc,5,0.2187661340216239,0.11218863861512386,246,8,2,0,128,2,asynchronous
n010_029.bnet,random_mc,6,0.23158801317564612,0.12375560679462796,246,8,2,0,128,2,asynchronous
n010_029.bnet,random_mc,7,0.21894904786971572,0.11234868025800138,246,8,2,0,128,2,asynchronous
n010_029.bnet,random_mc,8,0.22384602438427986,0.11668717978710622,246,8,2,0,128,2,asynchronous
n010_029.bnet,random_mc,9,0.21583486174816072,0.1096382591889852,246,8,2,0,128,2,asynchronous
n010_029.bnet,random_mc,10,0.22349177507245493,0.11636948769235311,246,8,2,0,128,2,asynchronous
n010_029.bnet,random_mc,11,0.2206788614788093,0.11386994686548725,246,8,2,0,128,2,asynchronous
n010_029.bnet,random_mc,12,0.21995658216925132,0.11323336394658037,246,8,2,0,128,2,asynchronous
n010_029.bnet,random_mc,13,0.21762787826475832,0.11119485027503168,246,8,2,0,128,2,asynchronous
n010_029.bnet,random_mc,14,0.2171801957574823,0.11080461665362415,246,8,2,0,128,2,asynchronous
n010_029.bnet,random_mc,15,0.22106887079532597,0.11421455952099166,246,8,2,0,128,2,asynchronous
n010_029.bnet,random_mc,16,0.21796532594834667,0.11148877655893052,246,8,2,0,128,2,asynchronous
n010_029.bnet,random_mc,17,0.21873756331655878,0.11216369664063165,246,8,2,0,128,2,asynchronous
n010_029.bnet,random_mc,18,0.2212679933804143,0.11439071926379787,246,8,2,0,128,2,asynchronous
n010_029.bnet,random_mc,19,0.22142592135302436,0.11453068702593817,246,8,2,0,128,2,asynchronous
n010_029.bnet,random_mc,20,0.21653875475790862,0.11024820084606465,246,8,2,0,128,2,asynchronous
n010_029.bnet,random_mc,21,0.2217765109301404,0.11484150173024894,246,8,2,0,128,2,asynchronous
n010_029.bnet,random_mc,22,0.21913869198912278,0.11251501723368558,246,8,2,0,128,2,asynchronous
n010_029.bnet,random_mc,23,0.22642099074619707,0.11900770987797225,246,8,2,0,128,2,asynchronous
n010_029.bnet,random_mc,24,0.22037929939117554,0.11360569054210622,246,8,2,0,128,2,asynchronous
n010_029.bnet,random_mc,25,0.22993650949337177,0.12222721189531058,246,8,2,0,128,2,asynchronous
n010_029.bnet,random_mc,26,0.21806334667069827,0.1115745197758942,246,8,2,0,128,2,asynchronous
n010_029.bnet,random_mc,27,0.21589444464129204,0.1096902270971903,246,8,2,0,128,2,asynchronous
n010_029.bnet,random_mc,28,0.21928910460517867,0.11264688805803458,246,8,2,0,128,2,asynchronous
n010_029.bnet,random_mc,29,0.2223918172088745,0.11538871441696397,246,8,2,0,128,2,asynchronous
n010_032.bnet,sd_mc,,0.0,0.0,16,0,16,0,16,2,asynchronous
n010_032.bnet,null_mc,,0.46770717334674267,0.6065037829899521,16,14,2,0,16,2,asynchronous
n010_032.bnet,ref,,0.5,0.6931471805599453,16,16,0,0,16,2,asynchronous
n010_032.bnet,random_mc,0,0.4511234827563457,0.5759492173225147,16,14,2,0,16,2,asynchronous
n010_032.bnet,random_mc,1,0.469041575982343,0.6090140035170133,16,14,2,0,16,2,asynchronous
n010_032.bnet,random_mc,2,0.464413094666488,0.6003474007546861,16,14,2,0,16,2,asynchronous
n010_032.bnet,random_mc,3,0.4756465803740079,0.6215296065210035,16,14,2,0,16,2,asynchronous
n010_032.bnet,random_mc,4,0.4740121306464635,0.6185937195925475,16,14,2,0,16,2,asynchronous
n010_032.bnet,random_mc,5,0.469041575982343,0.6090140035170133,16,14,2,0,16,2,asynchronous
n010_032.bnet,random_mc,6,0.46770717334674267,0.6065037829899521,16,14,2,0,16,2,asynchronous
n010_032.bnet,random_mc,7,0.4741856925360752,0.6187346472690747,16,14,2,0,16,2,asynchronous
n010_032.bnet,random_mc,8,0.4650860806978732,0.6016076639877346,16,14,2,0,16,2,asynchronous
n010_032.bnet,random_mc,9,0.46770717334674267,0.6065037829899521,16,14,2,0,16,2,asynchronous
n010_032.bnet,random_mc,10,0.4874456952165277,0.6443198011202479,16,14,2,0,16,2,asynchronous
n010_032.bnet,random_mc,11,0.4511234827563456,0.5759492173225147,16,14,2,0,16,2,asynchronous
n010_032.bnet,random_mc,12,0.46515398281844705,0.6017415105993297,16,14,2,0,16,2,asynchronous
n010_032.bnet,random_mc,13,0.4574992410436935,0.587553897047008,16,14,2,0,16,2,asynchronous
n010_032.bnet,random_mc,14,0.46770717334674267,0.6065037829899521,16,14,2,0,16,2,asynchronous
n010_032.bnet,random_mc,15,0.45544466945917317,0.5837557305928814,16,14,2,0,16,2,asynchronous
n010_032.bnet,random_mc,16,0.4756465803740079,0.6215296065210033,16,14,2,0,16,2,asynchronous
n010_032.bnet,random_mc,17,0.45953089020571236,0.5906761066004278,16,14,2,0,16,2,asynchronous
n010_032.bnet,random_mc,18,0.46966217830308105,0.6101890115964053,16,14,2,0,16,2,asynchronous
n010_032.bnet,random_mc,19,0.46770717334674267,0.6065037829899521,16,14,2,0,16,2,asynchronous
n010_032.bnet,random_mc,20,0.47316898555261305,0.6167982733068386,16,14,2,0,16,2,asynchronous
n010_032.bnet,random_mc,21,0.47362536635438035,0.6176916141714499,16,14,2,0,16,2,asynchronous
n010_032.bnet,random_mc,22,0.46770717334674267,0.6065037829899521,16,14,2,0,16,2,asynchronous
n010_032.bnet,random_mc,23,0.47598581911649424,0.6225418449452815,16,14,2,0,16,2,asynchronous
n010_032.bnet,random_mc,24,0.4490658707249973,0.571858706431761,16,14,2,0,16,2,asynchronous
n010_032.bnet,random_mc,25,0.4850096648521553,0.640260053046602,16,14,2,0,16,2,asynchronous
n010_032.bnet,random_mc,26,0.4561310727801336,0.5850257688587668,16,14,2,0,16,2,asynchronous
n010_032.bnet,random_mc,27,0.4596194077712559,0.5913677123632557,16,14,2,0,16,2,asynchronous
n010_032.bnet,random_mc,28,0.46770717334674267,0.6065037829899521,16,14,2,0,16,2,asynchronous
n010_032.bnet,random_mc,29,0.47435732533601765,0.6190964279438731,16,14,2,0,16,2,asynchronous
n010_033.bnet,sd_mc,,0.0,0.0,8,0,8,0,8,2,asynchronous
n010_033.bnet,null_mc,,0.3535533905932738,0.34657359027997264,8,4,4,0,8,2,asynchronous
n010_033.bnet,ref,,0.5,0.6931471805599453,8,8,0,0,8,2,asynchronous
n010_033.bnet,random_mc,0,0.31134992453861954,0.2878752091099077,8,4,4,0,8,2,asynchronous
n010_033.bnet,random_mc,1,0.31134992453861954,0.2878752091099077,8,4,4,0,8,2,asynchronous
n010_033.bnet,random_mc,2,0.31134992453861954,0.2878752091099077,8,4,4,0,8,2,asynchronous
n010_033.bnet,random_mc,3,0.3535533905932738,0.34657359027997264,8,4,4,0,8,2,asynchronous
n010_033.bnet,random_mc,4,0.0,0.0,8,0,8,0,8,2,asynchronous
n010_033.bnet,random_mc,5,0.31134992453861954,0.2878752091099077,8,4,4,0,8,2,asynchronous
n010_033.bnet,random_mc,6,0.3535533905932738,0.34657359027997264,8,4,4,0,8,2,asynchronous
n010_033.bnet,random_mc,7,0.0,0.0,8,0,8,0,8,2,asynchronous
n010_033.bnet,random_mc,8,0.3535533905932738,0.34657359027997264,8,4,4,0,8,2,asynchronous
n010_033.bnet,random_mc,9,0.31134992453861954,0.2878752091099077,8,4,4,0,8,2,asynchronous
n010_033.bnet,random_mc,10,0.3535533905932738,0.34657359027997264,8,4,4,0,8,2,asynchronous
n010_033.bnet,random_mc,11,0.31134992453861954,0.2878752091099077,8,4,4,0,8,2,asynchronous
n010_033.bnet,random_mc,12,0.31134992453861954,0.2878752091099077,8,4,4,0,8,2,asynchronous
n010_033.bnet,random_mc,13,0.3535533905932738,0.34657359027997264,8,4,4,0,8,2,asynchronous
n010_033.bnet,random_mc,14,0.3535533905932738,0.34657359027997264,8,4,4,0,8,2,asynchronous
n010_033.bnet,random_mc,15,0.3535533905932738,0.34657359027997264,8,4,4,0,8,2,asynchronous
n010_033.bnet,random_mc,16,0.0,0.0,8,0,8,0,8,2,asynchronous
n010_033.bnet,random_mc,17,0.31134992453861954,0.2878752091099077,8,4,4,0,8,2,asynchronous
n010_033.bnet,random_mc,18,0.3535533905932738,0.34657359027997264,8,4,4,0,8,2,asynchronous
n010_033.bnet,random_mc,19,0.31134992453861954,0.2878752091099077,8,4,4,0,8,2,asynchronous
n010_033.bnet,random_mc,20,0.0,0.0,8,0,8,0,8,2,asynchronous
n010_033.bnet,random_mc,21,0.31134992453861954,0.2878752091099077,8,4,4,0,8,2,asynchronous
n010_033.bnet,random_mc,22,0.31134992453861954,0.2878752091099077,8,4,4,0,8,2,asynchronous
n010_033.bnet,random_mc,23,0.3535533905932738,0.34657359027997264,8,4,4,0,8,2,asynchronous
n010_033.bnet,random_mc,24,0.31134992453861954,0.2878752091099077,8,4,4,0,8,2,asynchronous
n010_033.bnet,random_mc,25,0.3535533905932738,0.34657359027997264,8,4,4,0,8,2,asynchronous
n010_033.bnet,random_mc,26,0.31134992453861954,0.2878752091099077,8,4,4,0,8,2,asynchronous
n010_033.bnet,random_mc,27,0.31134992453861954,0.2878752091099077,8,4,4,0,8,2,asynchronous
n010_033.bnet,random_mc,28,0.3535533905932738,0.34657359027997264,8,4,4,0,8,2,asynchronous
n010_033.bnet,random_mc,29,0.3535533905932738,0.34657359027997264,8,4,4,0,8,2,asynchronous
n010_034.bnet,sd_mc,,0.0,0.0,2,0,2,0,2,2,asynchronous
n010_034.bnet,null_mc,,0.0,0.0,2,0,2,0,2,2,asynchronous
n010_034.bnet,ref,,0.5,0.6931471805599453,2,2,0,0,2,2,asynchronous
n010_034.bnet,random_mc,0,0.0,0.0,2,0,2,0,2,2,asynchronous
n010_034.bnet,random_mc,1,0.0,0.0,2,0,2,0,2,2,asynchronous
n010_034.bnet,random_mc,2,0.0,0.0,2,0,2,0,2,2,asynchronous
n010_034.bnet,random_mc,3,0.0,0.0,2,0,2,0,2,2,asynchronous
n010_034.bnet,random_mc,4,0.0,0.0,2,0,2,0,2,2,asynchronous
n010_034.bnet,random_mc,5,0.0,0.0,2,0,2,0,2,2,asynchronous
n010_034.bnet,random_mc,6,0.0,0.0,2,0,2,0,2,2,asynchronous
n010_034.bnet,random_mc,7,0.0,0.0,2,0,2,0,2,2,asynchronous
n010_034.bnet,random_mc,8,0.0,0.0,2,0,2,0,2,2,asynchronous
n010_034.bnet,random_mc,9,0.0,0.0,2,0,2,0,2,2,asynchronous
n010_034.bnet,random_mc,10,0.0,0.0,2,0,2,0,2,2,asynchronous
n010_034.bnet,random_mc,11,0.0,0.0,2,0,2,0,2,2,asynchronous
n010_034.bnet,random_mc,12,0.0,0.0,2,0,2,0,2,2,asynchronous
n010_034.bnet,random_mc,13,0.0,0.0,2,0,2,0,2,2,asynchronous
n010_034.bnet,random_mc,14,0.0,0.0,2,0,2,0,2,2,asynchronous
n010_034.bnet,random_mc,15,0.0,0.0,2,0,2,0,2,2,asynchronous
n010_034.bnet,random_mc,16,0.0,0.0,2,0,2,0,2,2,asynchronous
n010_034.bnet,random_mc,17,0.0,0.0,2,0,2,0,2,2,asynchronous
n010_034.bnet,random_mc,18,0.0,0.0,2,0,2,0,2,2,asynchronous
n010_034.bnet,random_mc,19,0.0,0.0,2,0,2,0,2,2,asynchronous
n010_034.bnet,random_mc,20,0.0,0.0,2,0,2,0,2,2,asynchronous
n010_034.bnet,random_mc,21,0.0,0.0,2,0,2,0,2,2,asynchronous
n010_034.bnet,random_mc,22,0.0,0.0,2,0,2,0,2,2,asynchronous
n010_034.bnet,random_mc,23,0.0,0.0,2,0,2,0,2,2,asynchronous
n010_034.bnet,random_mc,24,0.0,0.0,2,0,2,0,2,2,asynchronous
n010_034.bnet,random_mc,25,0.0,0.0,2,0,2,0,2,2,asynchronous
n010_034.bnet,random_mc,26,0.0,0.0,2,0,2,0,2,2,asynchronous
n010_034.bnet,random_mc,27,0.0,0.0,2,0,2,0,2,2,asynchronous
n010_034.bnet,random_mc,28,0.0,0.0,2,0,2,0,2,2,asynchronous
n010_034.bnet,random_mc,29,0.0,0.0,2,0,2,0,2,2,asynchronous
n010_035.bnet,sd_mc,,0.0,0.0,32,0,96,0,32,4,asynchronous
n010_035.bnet,null_mc,,0.34105636549468543,0.8599194755575549,32,60,36,0,32,4,asynchronous
n010_035.bnet,ref,,0.4330127018922193,1.3862943611198906,32,96,0,0,32,4,asynchronous
n010_035.bnet,random_mc,0,0.3322585017770093,0.8276207038969166,32,60,36,0,32,4,asynchronous
n010_035.bnet,random_mc,1,0.3370863692152308,0.8406809610162357,32,60,36,0,32,4,asynchronous
n010_035.bnet,random_mc,2,0.328466508367043,0.7811554636530997,32,60,36,0,32,4,asynchronous
n010_035.bnet,random_mc,3,0.3340869763170851,0.817288514294521,32,60,36,0,32,4,asynchronous
n010_035.bnet,random_mc,4,0.3344488413644356,0.8288955934519984,32,60,36,0,32,4,asynchronous
n010_035.bnet,random_mc,5,0.3309519930057719,0.8147754076438103,32,60,36,0,32,4,asynchronous
n010_035.bnet,random_mc,6,0.32311646980362135,0.7769828554780596,32,60,36,0,32,4,asynchronous
n010_035.bnet,random_mc,7,0.3243746048588634,0.7489859759945214,32,60,36,0,32,4,asynchronous
n010_035.bnet,random_mc,8,0.32328837335002036,0.7762379965379389,32,60,36,0,32,4,asynchronous
n010_035.bnet,random_mc,9,0.341162498582911,0.859934138446922,32,60,36,0,32,4,asynchronous
n010_035.bnet,random_mc,10,0.33714994266765935,0.8456437624657756,32,60,36,0,32,4,asynchronous
n010_035.bnet,random_mc,11,0.32667848101859676,0.7595189745457094,32,60,36,0,32,4,asynchronous
n010_035.bnet,random_mc,12,0.31677116859107685,0.7380560306819912,32,60,36,0,32,4,asynchronous
n010_035.bnet,random_mc,13,0.3347654456067043,0.8247535678014744,32,60,36,0,32,4,asynchronous
n010_035.bnet,random_mc,14,0.33644603888149227,0.8403019587207772,32,60,36,0,32,4,asynchronous
n010_035.bnet,random_mc,15,0.33589259982896846,0.8392328163038976,32,60,36,0,32,4,asynchronous
n010_035.bnet,random_mc,16,0.32840534488374223,0.7865218000802972,32,60,36,0,32,4,asynchronous
n010_035.bnet,random_mc,17,0.33048827998051283,0.7927036651765713,32,60,36,0,32,4,asynchronous
n010_035.bnet,random_mc,18,0.3333563264581,0.8164921103056317,32,60,36,0,32,4,asynchronous
n010_035.bnet,random_mc,19,0.33119507230536643,0.8031393924877419,32,60,36,0,32,4,asynchronous
n010_035.bnet,random_mc,20,0.33167081237992946,0.8168209165918572,32,60,36,0,32,4,asynchronous
n010_035.bnet,random_mc,21,0.3321965386466789,0.8095959166491669,32,60,36,0,32,4,asynchronous
n010_035.bnet,random_mc,22,0.31776098110217954,0.7414553359872923,32,60,36,0,32,4,asynchronous
n010_035.bnet,random_mc,23,0.338612460421663,0.8472126574204061,32,60,36,0,32,4,asynchronous
n010_035.bnet,random_mc,24,0.3376943061484652,0.8430364260096872,32,60,36,0,32,4,asynchronous
n010_035.bnet,random_mc,25,0.3066901674698227,0.7071831408243988,32,60,36,0,32,4,asynchronous
n010_035.bnet,random_mc,26,0.3410552759913606,0.8539069207703851,32,60,36,0,32,4,asynchronous
n010_035.bnet,random_mc,27,0.33071577185413487,0.7943709013271847,32,60,36,0,32,4,asynchronous
n010_035.bnet,random_mc,28,0.3341184266862954,0.8231164843907565,32,60,36,0,32,4,asynchronous
n010_035.bnet,random_mc,29,0.3247582871508114,0.7701721459385422,32,60,36,0,32,4,asynchronous
n010_036.bnet,sd_mc,,0.04844006888117749,0.011397325429277134,100,0,156,0,64,4,asynchronous
n010_036.bnet,null_mc,,0.3340793574849527,0.8928922651051023,100,126,30,0,64,4,asynchronous
n010_036.bnet,ref,,0.3679203964770512,1.0694673119723652,100,156,0,0,64,4,asynchronous
n010_036.bnet,random_mc,0,0.31392716714389696,0.7995318297524427,100,126,30,0,64,4,asynchronous
n010_036.bnet,random_mc,1,0.3278281195979894,0.8641260092034917,100,126,30,0,64,4,asynchronous
n010_036.bnet,random_mc,2,0.30369425030271213,0.7435459688403259,100,126,30,0,64,4,asynchronous
n010_036.bnet,random_mc,3,0.31809540914163187,0.8195664581110104,100,126,30,0,64,4,asynchronous
n010_036.bnet,random_mc,4,0.31297252985967505,0.7917493701470795,100,126,30,0,64,4,asynchronous
n010_036.bnet,random_mc,5,0.31650638096714323,0.797037488154235,100,126,30,0,64,4,asynchronous
n010_036.bnet,random_mc,6,0.32056749458989064,0.8195172038985696,100,126,30,0,64,4,asynchronous
n010_036.bnet,random_mc,7,0.3138522832398812,0.7953804671409469,100,126,30,0,64,4,asynchronous
n010_036.bnet,random_mc,8,0.3199734114132545,0.8284741644449125,100,126,30,0,64,4,asynchronous
n010_036.bnet,random_mc,9,0.3184317008235068,0.8151087171539485,100,126,30,0,64,4,asynchronous
n010_036.bnet,random_mc,10,0.3144401814120289,0.7939728165800712,100,126,30,0,64,4,asynchronous
n010_036.bnet,random_mc,11,0.3294966649824271,0.8762366386275043,100,123,33,0,64,4,asynchronous
n010_036.bnet,random_mc,12,0.3245612207703961,0.8369642055479921,100,126,30,0,64,4,asynchronous
n010_036.bnet,random_mc,13,0.3237644718915481,0.8471895331295815,100,126,30,0,64,4,asynchronous
n010_036.bnet,random_mc,14,0.3313435009875661,0.883125350072349,100,126,30,0,64,4,asynchronous
n010_036.bnet,random_mc,15,0.31907660239539787,0.8263548481511247,100,126,30,0,64,4,asynchronous
n010_036.bnet,random_mc,16,0.3152416970094583,0.802237442576081,100,126,30,0,64,4,asynchronous
n010_036.bnet,random_mc,17,0.3322953564594318,0.8913072285503738,100,126,30,0,64,4,asynchronous
n010_036.bnet,random_mc,18,0.3000851495780347,0.7349107224011704,100,126,30,0,64,4,asynchronous
n010_036.bnet,random_mc,19,0.31827968830683684,0.8158543038444834,100,123,33,0,64,4,asynchronous
n010_036.bnet,random_mc,20,0.31626524984867166,0.8025579548058188,100,126,30,0,64,4,asynchronous
n010_036.bnet,random_mc,21,0.32383081853763873,0.8466533672782467,100,126,30,0,64,4,asynchronous
n010_036.bnet,random_mc,22,0.31109575601212464,0.7847964605567808,100,126,30,0,64,4,asynchronous
n010_036.bnet,random_mc,23,0.33049058435725664,0.8753396363464102,100,126,30,0,64,4,asynchronous
n010_036.bnet,random_mc,24,0.31914001974801515,0.8205929924479327,100,126,30,0,64,4,asynchronous
n010_036.bnet,random_mc,25,0.30819525065697917,0.7665040132745871,100,126,30,0,64,4,asynchronous
n010_036.bnet,random_mc,26,0.3285802742237542,0.8510723957636045,100,126,30,0,64,4,asynchronous
n010_036.bnet,random_mc,27,0.3201522953194219,0.8257856698563882,100,126,30,0,64,4,asynchronous
n010_036.bnet,random_mc,28,0.30779547411052094,0.7640962482058657,100,126,30,0,64,4,asynchronous
n010_036.bnet,random_mc,29,0.3229062846769092,0.837886024256699,100,126,30,0,64,4,asynchronous
n010_040.bnet,sd_mc,,0.0,0.0,4,0,12,0,4,4,asynchronous
n010_040.bnet,null_mc,,0.0,0.0,4,0,12,0,4,4,asynchronous
n010_040.bnet,ref,,0.4330127018922193,1.3862943611198906,4,12,0,0,4,4,asynchronous
n010_040.bnet,random_mc,0,0.0,0.0,4,0,12,0,4,4,asynchronous
n010_040.bnet,random_mc,1,0.0,0.0,4,0,12,0,4,4,asynchronous
n010_040.bnet,random_mc,2,0.0,0.0,4,0,12,0,4,4,asynchronous
n010_040.bnet,random_mc,3,0.0,0.0,4,0,12,0,4,4,asynchronous
n010_040.bnet,random_mc,4,0.0,0.0,4,0,12,0,4,4,asynchronous
n010_040.bnet,random_mc,5,0.0,0.0,4,0,12,0,4,4,asynchronous
n010_040.bnet,random_mc,6,0.0,0.0,4,0,12,0,4,4,asynchronous
n010_040.bnet,random_mc,7,0.0,0.0,4,0,12,0,4,4,asynchronous
n010_040.bnet,random_mc,8,0.0,0.0,4,0,12,0,4,4,asynchronous
n010_040.bnet,random_mc,9,0.0,0.0,4,0,12,0,4,4,asynchronous
n010_040.bnet,random_mc,10,0.0,0.0,4,0,12,0,4,4,asynchronous
n010_040.bnet,random_mc,11,0.0,0.0,4,0,12,0,4,4,asynchronous
n010_040.bnet,random_mc,12,0.0,0.0,4,0,12,0,4,4,asynchronous
n010_040.bnet,random_mc,13,0.0,0.0,4,0,12,0,4,4,asynchronous
n010_040.bnet,random_mc,14,0.0,0.0,4,0,12,0,4,4,asynchronous
n010_040.bnet,random_mc,15,0.0,0.0,4,0,12,0,4,4,asynchronous
n010_040.bnet,random_mc,16,0.0,0.0,4,0,12,0,4,4,asynchronous
n010_040.bnet,random_mc,17,0.0,0.0,4,0,12,0,4,4,asynchronous
n010_040.bnet,random_mc,18,0.0,0.0,4,0,12,0,4,4,asynchronous
n010_040.bnet,random_mc,19,0.0,0.0,4,0,12,0,4,4,asynchronous
n010_040.bnet,random_mc,20,0.0,0.0,4,0,12,0,4,4,asynchronous
n010_040.bnet,random_mc,21,0.0,0.0,4,0,12,0,4,4,asynchronous
n010_040.bnet,random_mc,22,0.0,0.0,4,0,12,0,4,4,asynchronous
n010_040.bnet,random_mc,23,0.0,0.0,4,0,12,0,4,4,asynchronous
n010_040.bnet,random_mc,24,0.0,0.0,4,0,12,0,4,4,asynchronous
n010_040.bnet,random_mc,25,0.0,0.0,4,0,12,0,4,4,asynchronous
n010_040.bnet,random_mc,26,0.0,0.0,4,0,12,0,4,4,asynchronous
n010_040.bnet,random_mc,27,0.0,0.0,4,0,12,0,4,4,asynchronous
n010_040.bnet,random_mc,28,0.0,0.0,4,0,12,0,4,4,asynchronous
n010_040.bnet,random_mc,29,0.0,0.0,4,0,12,0,4,4,asynchronous
n010_043.bnet,sd_mc,,0.0,0.0,256,0,256,0,256,2,asynchronous
n010_043.bnet,null_mc,,0.6368082109086367,1.1752841806634664,256,191,65,0,256,2,asynchronous
n010_043.bnet,ref,,0.5,0.6931471805599453,256,256,0,0,256,2,asynchronous
n010_043.bnet,random_mc,0,0.6396625874548124,1.1977718036768097,256,191,65,0,256,2,asynchronous
n010_043.bnet,random_mc,1,0.6372960153636147,1.178857673455978,256,191,65,0,256,2,asynchronous
n010_043.bnet,random_mc,2,0.6354447830251825,1.1658611291619485,256,191,65,0,256,2,asynchronous
n010_043.bnet,random_mc,3,0.633729743754969,1.1540700743213668,256,191,65,0,256,2,asynchronous
n010_043.bnet,random_mc,4,0.6367965688727263,1.1752791738207136,256,191,65,0,256,2,asynchronous
n010_043.bnet,random_mc,5,0.6336710357846167,1.1547434499074773,256,191,65,0,256,2,asynchronous
n010_043.bnet,random_mc,6,0.6361655474430782,1.1707796242615496,256,191,65,0,256,2,asynchronous
n010_043.bnet,random_mc,7,0.6389171679859146,1.1913453039086075,256,191,65,0,256,2,asynchronous
n010_043.bnet,random_mc,8,0.6353612130457987,1.1656026589332824,256,191,65,0,256,2,asynchronous
n010_043.bnet,random_mc,9,0.6339621637967731,1.15594765218429,256,191,65,0,256,2,asynchronous
n010_043.bnet,random_mc,10,0.6367768143125334,1.1750956739822356,256,191,65,0,256,2,asynchronous
n010_043.bnet,random_mc,11,0.6378068377738022,1.1830563498380742,256,191,65,0,256,2,asynchronous
n010_043.bnet,random_mc,12,0.6346770386982006,1.1607027791634277,256,191,65,0,256,2,asynchronous
n010_043.bnet,random_mc,13,0.636929302426155,1.1762858108316614,256,191,65,0,256,2,asynchronous
n010_043.bnet,random_mc,14,0.6382548835811137,1.1862417529404468,256,191,65,0,256,2,asynchronous
n010_043.bnet,random_mc,15,0.6359507700131168,1.1693479447582662,256,191,65,0,256,2,asynchronous
n010_043.bnet,random_mc,16,0.6359710885711555,1.1695742602328276,256,191,65,0,256,2,asynchronous
n010_043.bnet,random_mc,17,0.6371625895418603,1.1784209862697699,256,191,65,0,256,2,asynchronous
n010_043.bnet,random_mc,18,0.6384140634715476,1.1871549533404224,256,191,65,0,256,2,asynchronous
n010_043.bnet,random_mc,19,0.6373034589153589,1.1788912776750777,256,191,65,0,256,2,asynchronous
n010_043.bnet,random_mc,20,0.6357841416361862,1.168068448690595,256,191,65,0,256,2,asynchronous
n010_043.bnet,random_mc,21,0.6365133951027216,1.1735079614204866,256,191,65,0,256,2,asynchronous
n010_043.bnet,random_mc,22,0.6367914140656925,1.1751728793159413,256,191,65,0,256,2,asynchronous
n010_043.bnet,random_mc,23,0.6345067711056264,1.1594800638053142,256,191,65,0,256,2,asynchronous
n010_043.bnet,random_mc,24,0.6373550800252189,1.1793588806185107,256,191,65,0,256,2,asynchronous
n010_043.bnet,random_mc,25,0.6368836628203091,1.176123096478761,256,191,65,0,256,2,asynchronous
n010_043.bnet,random_mc,26,0.6349836895576499,1.1631849713420577,256,191,65,0,256,2,asynchronous
n010_043.bnet,random_mc,27,0.6368394124122779,1.1761028924264696,256,191,65,0,256,2,asynchronous
n010_043.bnet,random_mc,28,0.6356427761466912,1.167526314367726,256,191,65,0,256,2,asynchronous
n010_043.bnet,random_mc,29,0.63378421384114,1.1545819110655975,256,191,65,0,256,2,asynchronous
n010_048.bnet,sd_mc,,0.22199782927641262,0.11308460395066017,760,0,264,0,512,2,asynchronous
n010_048.bnet,null_mc,,0.37463922436838265,0.38523003765548636,760,262,2,0,512,2,asynchronous
n010_048.bnet,ref,,0.39490431262002806,0.417207049360545,760,264,0,0,512,2,asynchronous
n010_048.bnet,random_mc,0,0.36354486831883176,0.36875081209906957,760,262,2,0,512,2,asynchronous
n010_048.bnet,random_mc,1,0.37449635891541877,0.38501409569403505,760,262,2,0,512,2,asynchronous
n010_048.bnet,random_mc,2,0.3618265346455539,0.3662322284660257,760,262,2,0,512,2,asynchronous
n010_048.bnet,random_mc,3,0.37475538157247557,0.38540416458697335,760,262,2,0,512,2,asynchronous
n010_048.bnet,random_mc,4,0.3788947688694926,0.39166063368322634,760,262,2,0,512,2,asynchronous
n010_048.bnet,random_mc,5,0.3782845810090099,0.39073461633133544,760,262,2,0,512,2,asynchronous
n010_048.bnet,random_mc,6,0.38472608870142394,0.4005783695104892,760,262,2,0,512,2,asynchronous
n010_048.bnet,random_mc,7,0.37286608033331164,0.38256752852454534,760,262,2,0,512,2,asynchronous
n010_048.bnet,random_mc,8,0.3590736931605192,0.3622179924890088,760,262,2,0,512,2,asynchronous
n010_048.bnet,random_mc,9,0.3687708496564396,0.37646131859485654,760,262,2,0,512,2,asynchronous
n010_048.bnet,random_mc,10,0.3832703119410163,0.39834018365790197,760,262,2,0,512,2,asynchronous
n010_048.bnet,random_mc,11,0.3788425940952877,0.39158130799356367,760,262,2,0,512,2,asynchronous
n010_048.bnet,random_mc,12,0.3748142928181132,0.385492140583938,760,262,2,0,512,2,asynchronous
n010_048.bnet,random_mc,13,0.37069232011098396,0.37932101369259896,760,262,2,0,512,2,asynchronous
n010_048.bnet,random_mc,14,0.37941600404844894,0.3924525083881412,760,262,2,0,512,2,asynchronous
n010_048.bnet,random_mc,15,0.3621269812456816,0.3666725475656115,760,262,2,0,512,2,asynchronous
n010_048.bnet,random_mc,16,0.37496496318473266,0.3857192384601008,760,262,2,0,512,2,asynchronous
n010_048.bnet,random_mc,17,0.3768948185042169,0.38862962674592666,760,262,2,0,512,2,asynchronous
n010_048.bnet,random_mc,18,0.38245523913004564,0.3970909946808885,760,262,2,0,512,2,asynchronous
n010_048.bnet,random_mc,19,0.37633804901707574,0.3877891195001766,760,262,2,0,512,2,asynchronous
n010_048.bnet,random_mc,20,0.3771958748132553,0.3890856425488355,760,262,2,0,512,2,asynchronous
n010_048.bnet,random_mc,21,0.37142914116661035,0.3804198602981109,760,262,2,0,512,2,asynchronous
n010_048.bnet,random_mc,22,0.3734151167084142,0.38339138187108784,760,262,2,0,512,2,asynchronous
n010_048.bnet,random_mc,23,0.3807538897120464,0.3944895887403681,760,262,2,0,512,2,asynchronous
n010_048.bnet,random_mc,24,0.3756938835572374,0.386817718928836,760,262,2,0,512,2,asynchronous
n010_048.bnet,random_mc,25,0.3782286767662201,0.390649900454669,760,262,2,0,512,2,asynchronous
n010_048.bnet,random_mc,26,0.36524905106992595,0.3712548498321782,760,262,2,0,512,2,asynchronous
n010_048.bnet,random_mc,27,0.371618416525305,0.38070267991389145,760,262,2,0,512,2,asynchronous
n010_048.bnet,random_mc,28,0.381245108652,0.39523973290642817,760,262,2,0,512,2,asynchronous
n010_048.bnet,random_mc,29,0.371858939812438,0.3810615687822989,760,262,2,0,512,2,asynchronous
n010_049.bnet,sd_mc,,0.15438257834000052,0.12943817450978934,1180,12,856,0,512,4,asynchronous
n010_049.bnet,null_mc,,0.2934021236756272,0.7347626765849732,1180,856,12,0,512,4,asynchronous
n010_049.bnet,ref,,0.2981666256556718,0.7560952473535674,1180,868,0,0,512,4,asynchronous
n010_049.bnet,random_mc,0,0.2918348269302786,0.7273928792646276,1180,856,12,0,512,4,asynchronous
n010_049.bnet,random_mc,1,0.2912084792574598,0.7252453513633119,1180,856,12,0,512,4,asynchronous
n010_049.bnet,random_mc,2,0.293852650139827,0.736660205180379,1180,856,12,0,512,4,asynchronous
n010_049.bnet,random_mc,3,0.29282150277487673,0.7319335588901159,1180,856,12,0,512,4,asynchronous
n010_049.bnet,random_mc,4,0.2940016706565709,0.7376870389256389,1180,856,12,0,512,4,asynchronous
n010_049.bnet,random_mc,5,0.29550855258407666,0.7447150451535185,1180,856,12,0,512,4,asynchronous
n010_049.bnet,random_mc,6,0.29228713329349926,0.7292463758703718,1180,856,12,0,512,4,asynchronous
n010_049.bnet,random_mc,7,0.29097705397619483,0.7233856903234583,1180,856,12,0,512,4,asynchronous
n010_049.bnet,random_mc,8,0.29341929787727167,0.734621817778313,1180,856,12,0,512,4,asynchronous
n010_049.bnet,random_mc,9,0.29252514948694525,0.730866444510478,1180,856,12,0,512,4,asynchronous
n010_049.bnet,random_mc,10,0.29302495695748015,0.7326372103178302,1180,856,12,0,512,4,asynchronous
n010_049.bnet,random_mc,11,0.2936475615608664,0.7359111240549556,1180,856,12,0,512,4,asynchronous
n010_049.bnet,random_mc,12,0.2921309315107805,0.7291077258003494,1180,856,12,0,512,4,asynchronous
n010_049.bnet,random_mc,13,0.29102117071125966,0.7243315087302798,1180,856,12,0,512,4,asynchronous
n010_049.bnet,random_mc,14,0.2935340522057075,0.7354783492449215,1180,856,12,0,512,4,asynchronous
n010_049.bnet,random_mc,15,0.29120436743761036,0.7247534420887725,1180,856,12,0,512,4,asynchronous
n010_049.bnet,random_mc,16,0.29361311405814655,0.7355907878768368,1180,856,12,0,512,4,asynchronous
n010_049.bnet,random_mc,17,0.291878104613648,0.7283701374140643,1180,856,12,0,512,4,asynchronous
n010_049.bnet,random_mc,18,0.2924606672061874,0.730524724185823,1180,856,12,0,512,4,asynchronous
n010_049.bnet,random_mc,19,0.29274106732106747,0.7322216771502483,1180,856,12,0,512,4,asynchronous
n010_049.bnet,random_mc,20,0.29220363879017863,0.7292575506632684,1180,856,12,0,512,4,asynchronous
n010_049.bnet,random_mc,21,0.2921532464384445,0.7289463031230816,1180,856,12,0,512,4,asynchronous
n010_049.bnet,random_mc,22,0.2929722442511347,0.7324829923435388,1180,856,12,0,512,4,asynchronous
n010_049.bnet,random_mc,23,0.29185907850958764,0.7277216826659751,1180,856,12,0,512,4,asynchronous
n010_049.bnet,random_mc,24,0.2935033742698568,0.7354151892786086,1180,856,12,0,512,4,asynchronous
n010_049.bnet,random_mc,25,0.2919691327384561,0.7280262026512562,1180,856,12,0,512,4,asynchronous
n010_049.bnet,random_mc,26,0.2919186780891342,0.7277236297706045,1180,856,12,0,512,4,asynchronous
n010_049.bnet,random_mc,27,0.29173031720603665,0.727132724562302,1180,856,12,0,512,4,asynchronous
n010_049.bnet,random_mc,28,0.2922283126676323,0.729170193370583,1180,856,12,0,512,4,asynchronous
n010_049.bnet,random_mc,29,0.2939066604386652,0.7367530308104795,1180,856,12,0,512,4,asynchronous
n010_051.bnet,sd_mc,,0.20274144238681507,0.6251346935847435,5260,192,692,0,1024,6,asynchronous
n010_051.bnet,null_mc,,0.2178739904375695,0.7783690827561207,5260,804,80,0,1024,6,asynchronous
n010_051.bnet,ref,,0.2052679722242219,0.6723196416069013,5260,884,0,0,1024,6,asynchronous
n010_051.bnet,random_mc,0,0.21770036035087006,0.7771682492305108,5260,804,80,0,1024,6,asynchronous
n010_051.bnet,random_mc,1,0.21905811922728563,0.7908168142370986,5260,804,80,0,1024,6,asynchronous
n010_051.bnet,random_mc,2,0.21814602906537048,0.7796280541189564,5260,804,80,0,1024,6,asynchronous
n010_051.bnet,random_mc,3,0.21780563789405716,0.7767360046379075,5260,804,80,0,1024,6,asynchronous
n010_051.bnet,random_mc,4,0.2177529239996111,0.7760289410505294,5260,804,80,0,1024,6,asynchronous
n010_051.bnet,random_mc,5,0.21824782087181177,0.7827899545120158,5260,804,80,0,1024,6,asynchronous
n010_051.bnet,random_mc,6,0.21782619195807632,0.7752273112657935,5260,804,80,0,1024,6,asynchronous
n010_051.bnet,random_mc,7,0.21737740871593444,0.7733858468779559,5260,804,80,0,1024,6,asynchronous
n010_051.bnet,random_mc,8,0.21722769856041407,0.7759154734326501,5260,804,80,0,1024,6,asynchronous
n010_051.bnet,random_mc,9,0.2177509596708631,0.7764149161008138,5260,804,80,0,1024,6,asynchronous
n010_051.bnet,random_mc,10,0.217275363039575,0.7731858108848486,5260,804,80,0,1024,6,asynchronous
n010_051.bnet,random_mc,11,0.2173671327980295,0.7735899976086223,5260,804,80,0,1024,6,asynchronous
n010_051.bnet,random_mc,12,0.21807305764855353,0.7811644257020234,5260,804,80,0,1024,6,asynchronous
n010_051.bnet,random_mc,13,0.21787123047498977,0.7762463170065014,5260,804,80,0,1024,6,asynchronous
n010_051.bnet,random_mc,14,0.21779311520163344,0.7788330712459942,5260,804,80,0,1024,6,asynchronous
n010_051.bnet,random_mc,15,0.21687683759354653,0.7715451068754643,5260,804,80,0,1024,6,asynchronous
n010_051.bnet,random_mc,16,0.21823154802865358,0.7826401462001306,5260,804,80,0,1024,6,asynchronous
n010_051.bnet,random_mc,17,0.21743517283274014,0.7728184914789453,5260,804,80,0,1024,6,asynchronous
n010_051.bnet,random_mc,18,0.21775332130466113,0.7783489513301514,5260,804,80,0,1024,6,asynchronous
n010_051.bnet,random_mc,19,0.21847484985386081,0.7839447737989902,5260,804,80,0,1024,6,asynchronous
n010_051.bnet,random_mc,20,0.21763817806902017,0.7781981541296921,5260,804,80,0,1024,6,asynchronous
n010_051.bnet,random_mc,21,0.21830820494020922,0.781450785090628,5260,804,80,0,1024,6,asynchronous
n010_051.bnet,random_mc,22,0.21808834881102077,0.7810486993690435,5260,804,80,0,1024,6,asynchronous
n010_051.bnet,random_mc,23,0.21725574880928347,0.772592670894722,5260,804,80,0,1024,6,asynchronous
n010_051.bnet,random_mc,24,0.21821290373453003,0.7819993823435207,5260,804,80,0,1024,6,asynchronous
n010_051.bnet,random_mc,25,0.21723657809581476,0.7715540375002446,5260,804,80,0,1024,6,asynchronous
n010_051.bnet,random_mc,26,0.21746380268609292,0.7743258598493872,5260,804,80,0,1024,6,asynchronous
n010_051.bnet,random_mc,27,0.21826083189799905,0.7844767401066077,5260,804,80,0,1024,6,asynchronous
n010_051.bnet,random_mc,28,0.21738401004675365,0.7762969618712046,5260,804,80,0,1024,6,asynchronous
n010_051.bnet,random_mc,29,0.21727962287739505,0.7739913477368008,5260,804,80,0,1024,6,asynchronous
n010_052.bnet,sd_mc,,0.0,0.0,2,0,2,0,2,2,asynchronous
n010_052.bnet,null_mc,,0.0,0.0,2,0,2,0,2,2,asynchronous
n010_052.bnet,ref,,0.5,0.6931471805599453,2,2,0,0,2,2,asynchronous
n010_052.bnet,random_mc,0,0.0,0.0,2,0,2,0,2,2,asynchronous
n010_052.bnet,random_mc,1,0.0,0.0,2,0,2,0,2,2,asynchronous
n010_052.bnet,random_mc,2,0.0,0.0,2,0,2,0,2,2,asynchronous
n010_052.bnet,random_mc,3,0.0,0.0,2,0,2,0,2,2,asynchronous
n010_052.bnet,random_mc,4,0.0,0.0,2,0,2,0,2,2,asynchronous
n010_052.bnet,random_mc,5,0.0,0.0,2,0,2,0,2,2,asynchronous
n010_052.bnet,random_mc,6,0.0,0.0,2,0,2,0,2,2,asynchronous
n010_052.bnet,random_mc,7,0.0,0.0,2,0,2,0,2,2,asynchronous
n010_052.bnet,random_mc,8,0.0,0.0,2,0,2,0,2,2,asynchronous
n010_052.bnet,random_mc,9,0.0,0.0,2,0,2,0,2,2,asynchronous
n010_052.bnet,random_mc,10,0.0,0.0,2,0,2,0,2,2,asynchronous
n010_052.bnet,random_mc,11,0.0,0.0,2,0,2,0,2,2,asynchronous
n010_052.bnet,random_mc,12,0.0,0.0,2,0,2,0,2,2,asynchronous
n010_052.bnet,random_mc,13,0.0,0.0,2,0,2,0,2,2,asynchronous
n010_052.bnet,random_mc,14,0.0,0.0,2,0,2,0,2,2,asynchronous
n010_052.bnet,random_mc,15,0.0,0.0,2,0,2,0,2,2,asynchronous
n010_052.bnet,random_mc,16,0.0,0.0,2,0,2,0,2,2,asynchronous
n010_052.bnet,random_mc,17,0.0,0.0,2,0,2,0,2,2,asynchronous
n010_052.bnet,random_mc,18,0.0,0.0,2,0,2,0,2,2,asynchronous
n010_052.bnet,random_mc,19,0.0,0.0,2,0,2,0,2,2,asynchronous
n010_052.bnet,random_mc,20,0.0,0.0,2,0,2,0,2,2,asynchronous
n010_052.bnet,random_mc,21,0.0,0.0,2,0,2,0,2,2,asynchronous
n010_052.bnet,random_mc,22,0.0,0.0,2,0,2,0,2,2,asynchronous
n010_052.bnet,random_mc,23,0.0,0.0,2,0,2,0,2,2,asynchronous
n010_052.bnet,random_mc,24,0.0,0.0,2,0,2,0,2,2,asynchronous
n010_052.bnet,random_mc,25,0.0,0.0,2,0,2,0,2,2,asynchronous
n010_052.bnet,random_mc,26,0.0,0.0,2,0,2,0,2,2,asynchronous
n010_052.bnet,random_mc,27,0.0,0.0,2,0,2,0,2,2,asynchronous
n010_052.bnet,random_mc,28,0.0,0.0,2,0,2,0,2,2,asynchronous
n010_052.bnet,random_mc,29,0.0,0.0,2,0,2,0,2,2,asynchronous
n010_055.bnet,sd_mc,,0.18742622001721315,0.1690542178720024,1426,36,74,0,512,3,asynchronous
n010_055.bnet,null_mc,,0.173176664302775,0.1535319796709786,1426,104,6,0,512,3,asynchronous
n010_055.bnet,ref,,0.17689612882245154,0.15996916104989345,1426,110,0,0,512,3,asynchronous
n010_055.bnet,random_mc,0,0.17355252707082583,0.15411782215399583,1426,104,6,0,512,3,asynchronous
n010_055.bnet,random_mc,1,0.17320464373658476,0.15357552947772657,1426,104,6,0,512,3,asynchronous
n010_055.bnet,random_mc,2,0.172855539413616,0.15301680066305554,1426,104,6,0,512,3,asynchronous
n010_055.bnet,random_mc,3,0.1737979805882819,0.15450187531984683,1426,104,6,0,512,3,asynchronous
n010_055.bnet,random_mc,4,0.1728156112796272,0.15297013700116735,1426,104,6,0,512,3,asynchronous
n010_055.bnet,random_mc,5,0.17411855331876555,0.1549902517868676,1426,104,6,0,512,3,asynchronous
n010_055.bnet,random_mc,6,0.1715942001399639,0.15111260145040983,1426,104,6,0,512,3,asynchronous
n010_055.bnet,random_mc,7,0.17308576221385374,0.15338846563212236,1426,104,6,0,512,3,asynchronous
n010_055.bnet,random_mc,8,0.17262993887306133,0.15268242435319418,1426,104,6,0,512,3,asynchronous
n010_055.bnet,random_mc,9,0.17309212506512528,0.15340111489954855,1426,104,6,0,512,3,asynchronous
n010_055.bnet,random_mc,10,0.17349870118732927,0.15403509336855997,1426,104,6,0,512,3,asynchronous
n010_055.bnet,random_mc,11,0.1721624033492116,0.1519665291832042,1426,104,6,0,512,3,asynchronous
n010_055.bnet,random_mc,12,0.17333409583357645,0.15377863043091672,1426,104,6,0,512,3,asynchronous
n010_055.bnet,random_mc,13,0.17356494021258495,0.15413560357418482,1426,104,6,0,512,3,asynchronous
n010_055.bnet,random_mc,14,0.17506357878249845,0.15647942465740955,1426,104,6,0,512,3,asynchronous
n010_055.bnet,random_mc,15,0.17252602230524566,0.1525241522906704,1426,104,6,0,512,3,asynchronous
n010_055.bnet,random_mc,16,0.17315786915869796,0.15350274662545782,1426,104,6,0,512,3,asynchronous
n010_055.bnet,random_mc,17,0.17466280210174193,0.15584719188840193,1426,104,6,0,512,3,asynchronous
n010_055.bnet,random_mc,18,0.1744655671037274,0.15557120741708405,1426,104,6,0,512,3,asynchronous
n010_055.bnet,random_mc,19,0.1726592778854208,0.1527285068433934,1426,104,6,0,512,3,asynchronous
n010_055.bnet,random_mc,20,0.17363273384658415,0.15424083668619787,1426,104,6,0,512,3,asynchronous
n010_055.bnet,random_mc,21,0.17345490987732826,0.15396542802225754,1426,104,6,0,512,3,asynchronous
n010_055.bnet,random_mc,22,0.17354104395110623,0.1540957128897245,1426,104,6,0,512,3,asynchronous
n010_055.bnet,random_mc,23,0.17414144470923995,0.15504248206251772,1426,104,6,0,512,3,asynchronous
n010_055.bnet,random_mc,24,0.17205407511308743,0.15180559910722244,1426,104,6,0,512,3,asynchronous
n010_055.bnet,random_mc,25,0.1728357450964273,0.15300190388214893,1426,104,6,0,512,3,asynchronous
n010_055.bnet,random_mc,26,0.17352071847416303,0.1540362773238203,1426,104,6,0,512,3,asynchronous
n010_055.bnet,random_mc,27,0.1732648438065031,0.15366709688937724,1426,104,6,0,512,3,asynchronous
n010_055.bnet,random_mc,28,0.1729419182548945,0.15316684100107597,1426,104,6,0,512,3,asynchronous
n010_055.bnet,random_mc,29,0.17250803187086927,0.15249278437426284,1426,104,6,0,512,3,asynchronous
n010_059.bnet,sd_mc,,0.0,0.0,128,0,384,0,128,4,asynchronous
n010_059.bnet,null_mc,,0.426193178030808,1.342972662334894,128,372,12,0,128,4,asynchronous
n010_059.bnet,ref,,0.4330127018922193,1.3862943611198906,128,384,0,0,128,4,asynchronous
n010_059.bnet,random_mc,0,0.4223182205511492,1.3178027384981958,128,372,12,0,128,4,asynchronous
n010_059.bnet,random_mc,1,0.4239385747485178,1.3289020791605024,128,372,12,0,128,4,asynchronous
n010_059.bnet,random_mc,2,0.42599495049518893,1.3417069098835541,128,372,12,0,128,4,asynchronous
n010_059.bnet,random_mc,3,0.4247848411226938,1.3332668556191676,128,372,12,0,128,4,asynchronous
n010_059.bnet,random_mc,4,0.4260519047681141,1.343352482700113,128,372,12,0,128,4,asynchronous
n010_059.bnet,random_mc,5,0.42537294101045475,1.3376370505271045,128,372,12,0,128,4,asynchronous
n010_059.bnet,random_mc,6,0.4261733506435151,1.342907987052334,128,372,12,0,128,4,asynchronous
n010_059.bnet,random_mc,7,0.4229225453188622,1.3216067611975153,128,372,12,0,128,4,asynchronous
n010_059.bnet,random_mc,8,0.4239021365607156,1.3277870234701599,128,372,12,0,128,4,asynchronous
n010_059.bnet,random_mc,9,0.4259023501929693,1.340974991632907,128,372,12,0,128,4,asynchronous
n010_059.bnet,random_mc,10,0.4254071852198461,1.3375665061139763,128,372,12,0,128,4,asynchronous
n010_059.bnet,random_mc,11,0.42336155320983876,1.324009489855414,128,372,12,0,128,4,asynchronous
n010_059.bnet,random_mc,12,0.42424472351479997,1.3295146596887324,128,372,12,0,128,4,asynchronous
n010_059.bnet,random_mc,13,0.42560062491583717,1.3387440555505532,128,372,12,0,128,4,asynchronous
n010_059.bnet,random_mc,14,0.42460725101471625,1.3325459709303664,128,372,12,0,128,4,asynchronous
n010_059.bnet,random_mc,15,0.4259169592693189,1.3415128511799477,128,372,12,0,128,4,asynchronous
n010_059.bnet,random_mc,16,0.42350354906885007,1.3249533485444789,128,372,12,0,128,4,asynchronous
n010_059.bnet,random_mc,17,0.42499118789419943,1.3347332679338133,128,372,12,0,128,4,asynchronous
n010_059.bnet,random_mc,18,0.42382024390570583,1.3265076745921833,128,372,12,0,128,4,asynchronous
n010_059.bnet,random_mc,19,0.42304692090668017,1.3228269625175193,128,372,12,0,128,4,asynchronous
n010_059.bnet,random_mc,20,0.4243272050774504,1.3305974346299259,128,372,12,0,128,4,asynchronous
n010_059.bnet,random_mc,21,0.42517300396256985,1.3361284632944246,128,372,12,0,128,4,asynchronous
n010_059.bnet,random_mc,22,0.4256396094278829,1.3393354068990617,128,372,12,0,128,4,asynchronous
n010_059.bnet,random_mc,23,0.42551258522967605,1.337995813509265,128,372,12,0,128,4,asynchronous
n010_059.bnet,random_mc,24,0.42457699412684485,1.3317238459024001,128,372,12,0,128,4,asynchronous
n010_059.bnet,random_mc,25,0.42383648991106576,1.3270290707882966,128,372,12,0,128,4,asynchronous
n010_059.bnet,random_mc,26,0.4252792940889802,1.3368023290129956,128,372,12,0,128,4,asynchronous
n010_059.bnet,random_mc,27,0.4249277070003565,1.333898751929713,128,372,12,0,128,4,asynchronous
n010_059.bnet,random_mc,28,0.423556721954176,1.3252356438940407,128,372,12,0,128,4,asynchronous
n010_059.bnet,random_mc,29,0.42413382101126273,1.3290071469454732,128,372,12,0,128,4,asynchronous
n010_060.bnet,sd_mc,,0.3331649405925649,0.271965201146556,1852,188,8,0,1024,2,asynchronous
n010_060.bnet,null_mc,,0.46363545535774187,0.4873007269113995,1852,193,3,0,1024,2,asynchronous
n010_060.bnet,ref,,0.33608332692956866,0.27738041349468057,1852,196,0,0,1024,2,asynchronous
n010_060.bnet,random_mc,0,0.45638546741826486,0.47284436238984595,1852,193,3,0,1024,2,asynchronous
n010_060.bnet,random_mc,1,0.46394720513752136,0.4879326111984507,1852,193,3,0,1024,2,asynchronous
n010_060.bnet,random_mc,2,0.4651339023210442,0.490338824300078,1852,193,3,0,1024,2,asynchronous
n010_060.bnet,random_mc,3,0.45813828501360576,0.47630713623844917,1852,193,3,0,1024,2,asynchronous
n010_060.bnet,random_mc,4,0.4584221324380943,0.47687063770738036,1852,193,3,0,1024,2,asynchronous
n010_060.bnet,random_mc,5,0.4631484736383694,0.4863198183287877,1852,193,3,0,1024,2,asynchronous
n010_060.bnet,random_mc,6,0.4648409957325621,0.4897424242846027,1852,193,3,0,1024,2,asynchronous
n010_060.bnet,random_mc,7,0.4595754105793578,0.47916257653477295,1852,193,3,0,1024,2,asynchronous
n010_060.bnet,random_mc,8,0.4607766555261059,0.48155860700066855,1852,193,3,0,1024,2,asynchronous
n010_060.bnet,random_mc,9,0.4624471658490587,0.4849066663272643,1852,193,3,0,1024,2,asynchronous
n010_060.bnet,random_mc,10,0.4613946638240893,0.4827961529228827,1852,193,3,0,1024,2,asynchronous
n010_060.bnet,random_mc,11,0.4673693919843299,0.49489228129102225,1852,193,3,0,1024,2,asynchronous
n010_060.bnet,random_mc,12,0.46247163084409587,0.48495677139547405,1852,193,3,0,1024,2,asynchronous
n010_060.bnet,random_mc,13,0.4640516957157491,0.48814399892791854,1852,193,3,0,1024,2,asynchronous
n010_060.bnet,random_mc,14,0.46493779922500655,0.4899382113318221,1852,193,3,0,1024,2,asynchronous
n010_060.bnet,random_mc,15,0.4616997193755373,0.4834052568625716,1852,193,3,0,1024,2,asynchronous
n010_060.bnet,random_mc,16,0.46922747684802957,0.4987078042660143,1852,193,3,0,1024,2,asynchronous
n010_060.bnet,random_mc,17,0.462688054505148,0.4853917124680657,1852,193,3,0,1024,2,asynchronous
n010_060.bnet,random_mc,18,0.46424403332550707,0.48853206541175437,1852,193,3,0,1024,2,asynchronous
n010_060.bnet,random_mc,19,0.46122404325737715,0.4824519242638624,1852,193,3,0,1024,2,asynchronous
n010_060.bnet,random_mc,20,0.46332324651744883,0.48667296067850013,1852,193,3,0,1024,2,asynchronous
n010_060.bnet,random_mc,21,0.45985541852261724,0.47972106416396987,1852,193,3,0,1024,2,asynchronous
n010_060.bnet,random_mc,22,0.4638391502702793,0.4877140221919549,1852,193,3,0,1024,2,asynchronous
n010_060.bnet,random_mc,23,0.45228691529573184,0.4648310967567677,1852,193,3,0,1024,2,asynchronous
n010_060.bnet,random_mc,24,0.4656239500087591,0.4913343384585297,1852,193,3,0,1024,2,asynchronous
n010_060.bnet,random_mc,25,0.4536275028873052,0.4674395332321172,1852,193,3,0,1024,2,asynchronous
n010_060.bnet,random_mc,26,0.46953184558727457,0.4993330901367708,1852,193,3,0,1024,2,asynchronous
n010_060.bnet,random_mc,27,0.46622981602540886,0.4925660019310606,1852,193,3,0,1024,2,asynchronous
n010_060.bnet,random_mc,28,0.4613743284169503,0.48275613584811816,1852,193,3,0,1024,2,asynchronous
n010_060.bnet,random_mc,29,0.46563570614135125,0.49135528646683746,1852,193,3,0,1024,2,asynchronous
n010_061.bnet,sd_mc,,0.1759461174706021,0.11952377425804184,224,6,154,0,128,3,asynchronous
n010_061.bnet,null_mc,,0.34746090388775625,0.6367180266516625,224,150,10,0,128,3,asynchronous
n010_061.bnet,ref,,0.3571561603276873,0.6694830042438632,224,160,0,0,128,3,asynchronous
n010_061.bnet,random_mc,0,0.34730982530302634,0.6353278466207324,224,150,10,0,128,3,asynchronous
n010_061.bnet,random_mc,1,0.35269773661971776,0.6506036562441944,224,150,10,0,128,3,asynchronous
n010_061.bnet,random_mc,2,0.34445887300468964,0.626869042243356,224,150,10,0,128,3,asynchronous
n010_061.bnet,random_mc,3,0.3491126815223937,0.640630083424697,224,150,10,0,128,3,asynchronous
n010_061.bnet,random_mc,4,0.3451578241922874,0.6288334815764607,224,150,10,0,128,3,asynchronous
n010_061.bnet,random_mc,5,0.3437007905851393,0.6252525133045491,224,150,10,0,128,3,asynchronous
n010_061.bnet,random_mc,6,0.3469385158233532,0.6342282688183012,224,150,10,0,128,3,asynchronous
n010_061.bnet,random_mc,7,0.3492130822185524,0.6417184490092815,224,150,10,0,128,3,asynchronous
n010_061.bnet,random_mc,8,0.34479902943115154,0.6283929336233729,224,150,10,0,128,3,asynchronous
n010_061.bnet,random_mc,9,0.3463782028317109,0.6362619247997598,224,150,10,0,128,3,asynchronous
n010_061.bnet,random_mc,10,0.3491685509404653,0.6429238014017012,224,150,10,0,128,3,asynchronous
n010_061.bnet,random_mc,11,0.34683247713548077,0.6347049077225992,224,150,10,0,128,3,asynchronous
n010_061.bnet,random_mc,12,0.3374188296385352,0.6060653657920348,224,150,10,0,128,3,asynchronous
n010_061.bnet,random_mc,13,0.34455674194702907,0.6280403575690392,224,150,10,0,128,3,asynchronous
n010_061.bnet,random_mc,14,0.34506837990985406,0.6284307495546495,224,150,10,0,128,3,asynchronous
n010_061.bnet,random_mc,15,0.3429656195317525,0.6219697685380745,224,150,10,0,128,3,asynchronous
n010_061.bnet,random_mc,16,0.34998129660742183,0.6423418301913741,224,150,10,0,128,3,asynchronous
n010_061.bnet,random_mc,17,0.34705285808680797,0.6356013886646646,224,150,10,0,128,3,asynchronous
n010_061.bnet,random_mc,18,0.3474138415614219,0.6351424139067667,224,150,10,0,128,3,asynchronous
n010_061.bnet,random_mc,19,0.3472012582652011,0.6349804100401222,224,150,10,0,128,3,asynchronous
n010_061.bnet,random_mc,20,0.3512884067490779,0.6458030966720125,224,150,10,0,128,3,asynchronous
n010_061.bnet,random_mc,21,0.3572987368774521,0.6650929964753265,224,150,10,0,128,3,asynchronous
n010_061.bnet,random_mc,22,0.34871035294117275,0.6400200629513135,224,150,10,0,128,3,asynchronous
n010_061.bnet,random_mc,23,0.34757279297270594,0.636987548827405,224,150,10,0,128,3,asynchronous
n010_061.bnet,random_mc,24,0.3459855586748439,0.6330192799741998,224,150,10,0,128,3,asynchronous
n010_061.bnet,random_mc,25,0.3497435995402627,0.6428874160970868,224,150,10,0,128,3,asynchronous
n010_061.bnet,random_mc,26,0.35037935875211557,0.6449518793804827,224,150,10,0,128,3,asynchronous
n010_061.bnet,random_mc,27,0.3435508349497281,0.6255330710255622,224,150,10,0,128,3,asynchronous
n010_061.bnet,random_mc,28,0.34878656716585066,0.6400817891755126,224,150,10,0,128,3,asynchronous
n010_061.bnet,random_mc,29,0.34048180356319974,0.6137545584687983,224,150,10,0,128,3,asynchronous
n010_063.bnet,sd_mc,,0.140240798542948,0.04189019863081275,54,0,10,0,32,2,asynchronous
n010_063.bnet,null_mc,,0.29323527417486484,0.22234294392741352,54,8,2,0,32,2,asynchronous
n010_063.bnet,ref,,0.3187662560880749,0.2656646427124101,54,10,0,0,32,2,asynchronous
n010_063.bnet,random_mc,0,0.3052828060063449,0.23678024185762794,54,8,2,0,32,2,asynchronous
n010_063.bnet,random_mc,1,0.3014440103915234,0.23211433629543296,54,8,2,0,32,2,asynchronous
n010_063.bnet,random_mc,2,0.30873311758660615,0.24103251005238452,54,8,2,0,32,2,asynchronous
n010_063.bnet,random_mc,3,0.32268794739898554,0.2590491903466009,54,8,2,0,32,2,asynchronous
n010_063.bnet,random_mc,4,0.29323527417486484,0.22234294392741352,54,8,2,0,32,2,asynchronous
n010_063.bnet,random_mc,5,0.27878871851944226,0.20578580013163117,54,8,2,0,32,2,asynchronous
n010_063.bnet,random_mc,6,0.3003345968289624,0.2307774656848009,54,8,2,0,32,2,asynchronous
n010_063.bnet,random_mc,7,0.2626562981106068,0.18796752411181153,54,8,2,0,32,2,asynchronous
n010_063.bnet,random_mc,8,0.26762572131722484,0.19352883469402543,54,8,2,0,32,2,asynchronous
n010_063.bnet,random_mc,9,0.2739378631883665,0.20034611022103263,54,8,2,0,32,2,asynchronous
n010_063.bnet,random_mc,10,0.2933955826199215,0.22253493967909016,54,8,2,0,32,2,asynchronous
n010_063.bnet,random_mc,11,0.27995351191069434,0.20709303774392204,54,8,2,0,32,2,asynchronous
n010_063.bnet,random_mc,12,0.2992776668101096,0.2295491751739674,54,8,2,0,32,2,asynchronous
n010_063.bnet,random_mc,13,0.30406502147799325,0.2353240806402121,54,8,2,0,32,2,asynchronous
n010_063.bnet,random_mc,14,0.2805623914056791,0.20776966855949913,54,8,2,0,32,2,asynchronous
n010_063.bnet,random_mc,15,0.29215439639313956,0.22107596059767107,54,8,2,0,32,2,asynchronous
n010_063.bnet,random_mc,16,0.2560533203000467,0.1810076299754912,54,8,2,0,32,2,asynchronous
n010_063.bnet,random_mc,17,0.2291239706395291,0.15383184939332317,54,8,2,0,32,2,asynchronous
n010_063.bnet,random_mc,18,0.3071791367846476,0.23918843328940434,54,8,2,0,32,2,asynchronous
n010_063.bnet,random_mc,19,0.29323527417486484,0.22234294392741352,54,8,2,0,32,2,asynchronous
n010_063.bnet,random_mc,20,0.3205095386409686,0.2561466380287346,54,8,2,0,32,2,asynchronous
n010_063.bnet,random_mc,21,0.3074811431767621,0.23950481358392106,54,8,2,0,32,2,asynchronous
n010_063.bnet,random_mc,22,0.3159291179182753,0.2504134543610861,54,8,2,0,32,2,asynchronous
n010_063.bnet,random_mc,23,0.3036492883539087,0.23479452668237055,54,8,2,0,32,2,asynchronous
n010_063.bnet,random_mc,24,0.2963214218097898,0.22598647305749336,54,8,2,0,32,2,asynchronous
n010_063.bnet,random_mc,25,0.29323527417486484,0.22234294392741352,54,8,2,0,32,2,asynchronous
n010_063.bnet,random_mc,26,0.27171241151091,0.19789632252478453,54,8,2,0,32,2,asynchronous
n010_063.bnet,random_mc,27,0.3349438730830006,0.27532848050950254,54,8,2,0,32,2,asynchronous
n010_063.bnet,random_mc,28,0.28656711532570284,0.21460758255294665,54,8,2,0,32,2,asynchronous
n010_063.bnet,random_mc,29,0.2871224575193202,0.21524352152419807,54,8,2,0,32,2,asynchronous
n010_069.bnet,sd_mc,,0.24992738190953562,0.15619002935512305,50,2,12,0,32,2,asynchronous
n010_069.bnet,null_mc,,0.37495159184640736,0.3727985232801059,50,12,2,0,32,2,asynchronous
n010_069.bnet,ref,,0.3952387838106919,0.41612022206510246,50,14,0,0,32,2,asynchronous
n010_069.bnet,random_mc,0,0.4043537436407587,0.42003914337563397,50,12,2,0,32,2,asynchronous
n010_069.bnet,random_mc,1,0.3840681025006778,0.3869639567329303,50,12,2,0,32,2,asynchronous
n010_069.bnet,random_mc,2,0.3601204409622036,0.35090960963142503,50,12,2,0,32,2,asynchronous
n010_069.bnet,random_mc,3,0.3628235511297056,0.35483529548103127,50,12,2,0,32,2,asynchronous
n010_069.bnet,random_mc,4,0.36788596561799153,0.36227492676146705,50,12,2,0,32,2,asynchronous
n010_069.bnet,random_mc,5,0.3597206567588467,0.34983406318029,50,12,2,0,32,2,asynchronous
n010_069.bnet,random_mc,6,0.37275502349196216,0.3695364807764188,50,12,2,0,32,2,asynchronous
n010_069.bnet,random_mc,7,0.3970338873454719,0.4072790986053002,50,12,2,0,32,2,asynchronous
n010_069.bnet,random_mc,8,0.38469989543643734,0.3877541340852265,50,12,2,0,32,2,asynchronous
n010_069.bnet,random_mc,9,0.3703990664005482,0.36574177786304274,50,12,2,0,32,2,asynchronous
n010_069.bnet,random_mc,10,0.3936289626895271,0.4022092683592373,50,12,2,0,32,2,asynchronous
n010_069.bnet,random_mc,11,0.37226564988559174,0.3688021608085468,50,12,2,0,32,2,asynchronous
n010_069.bnet,random_mc,12,0.3680992369949863,0.3625862285458452,50,12,2,0,32,2,asynchronous
n010_069.bnet,random_mc,13,0.3696602967687959,0.3648794882658739,50,12,2,0,32,2,asynchronous
n010_069.bnet,random_mc,14,0.36131220111093604,0.35250134811577816,50,12,2,0,32,2,asynchronous
n010_069.bnet,random_mc,15,0.37050957804853785,0.366162543309485,50,12,2,0,32,2,asynchronous
n010_069.bnet,random_mc,16,0.42940750855768955,0.46376678524925685,50,12,2,0,32,2,asynchronous
n010_069.bnet,random_mc,17,0.33987260837437205,0.320800685744948,50,12,2,0,32,2,asynchronous
n010_069.bnet,random_mc,18,0.3618393380271676,0.35318780446885245,50,12,2,0,32,2,asynchronous
n010_069.bnet,random_mc,19,0.37090767854920104,0.3669470930658223,50,12,2,0,32,2,asynchronous
n010_069.bnet,random_mc,20,0.37713596627819224,0.3760964208006369,50,12,2,0,32,2,asynchronous
n010_069.bnet,random_mc,21,0.36808700589014487,0.3625571920049667,50,12,2,0,32,2,asynchronous
n010_069.bnet,random_mc,22,0.37028025403607046,0.3658052065348549,50,12,2,0,32,2,asynchronous
n010_069.bnet,random_mc,23,0.36917095108205555,0.36417456296399237,50,12,2,0,32,2,asynchronous
n010_069.bnet,random_mc,24,0.36914511266195643,0.36407666013604045,50,12,2,0,32,2,asynchronous
n010_069.bnet,random_mc,25,0.3988304340985993,0.41036781335937794,50,12,2,0,32,2,asynchronous
n010_069.bnet,random_mc,26,0.38024287478523516,0.3808019583023538,50,12,2,0,32,2,asynchronous
n010_069.bnet,random_mc,27,0.35180938286963015,0.3384966148068519,50,12,2,0,32,2,asynchronous
n010_069.bnet,random_mc,28,0.36813935799295616,0.3625265662183209,50,12,2,0,32,2,asynchronous
n010_069.bnet,random_mc,29,0.41382396030544455,0.43827002592652636,50,12,2,0,32,2,asynchronous
n010_070.bnet,sd_mc,,0.0,0.0,2,0,2,0,2,2,asynchronous
n010_070.bnet,null_mc,,0.0,0.0,2,0,2,0,2,2,asynchronous
n010_070.bnet,ref,,0.5,0.6931471805599453,2,2,0,0,2,2,asynchronous
n010_070.bnet,random_mc,0,0.0,0.0,2,0,2,0,2,2,asynchronous
n010_070.bnet,random_mc,1,0.0,0.0,2,0,2,0,2,2,asynchronous
n010_070.bnet,random_mc,2,0.0,0.0,2,0,2,0,2,2,asynchronous
n010_070.bnet,random_mc,3,0.0,0.0,2,0,2,0,2,2,asynchronous
n010_070.bnet,random_mc,4,0.0,0.0,2,0,2,0,2,2,asynchronous
n010_070.bnet,random_mc,5,0.0,0.0,2,0,2,0,2,2,asynchronous
n010_070.bnet,random_mc,6,0.0,0.0,2,0,2,0,2,2,asynchronous
n010_070.bnet,random_mc,7,0.0,0.0,2,0,2,0,2,2,asynchronous
n010_070.bnet,random_mc,8,0.0,0.0,2,0,2,0,2,2,asynchronous
n010_070.bnet,random_mc,9,0.0,0.0,2,0,2,0,2,2,asynchronous
n010_070.bnet,random_mc,10,0.0,0.0,2,0,2,0,2,2,asynchronous
n010_070.bnet,random_mc,11,0.0,0.0,2,0,2,0,2,2,asynchronous
n010_070.bnet,random_mc,12,0.0,0.0,2,0,2,0,2,2,asynchronous
n010_070.bnet,random_mc,13,0.0,0.0,2,0,2,0,2,2,asynchronous
n010_070.bnet,random_mc,14,0.0,0.0,2,0,2,0,2,2,asynchronous
n010_070.bnet,random_mc,15,0.0,0.0,2,0,2,0,2,2,asynchronous
n010_070.bnet,random_mc,16,0.0,0.0,2,0,2,0,2,2,asynchronous
n010_070.bnet,random_mc,17,0.0,0.0,2,0,2,0,2,2,asynchronous
n010_070.bnet,random_mc,18,0.0,0.0,2,0,2,0,2,2,asynchronous
n010_070.bnet,random_mc,19,0.0,0.0,2,0,2,0,2,2,asynchronous
n010_070.bnet,random_mc,20,0.0,0.0,2,0,2,0,2,2,asynchronous
n010_070.bnet,random_mc,21,0.0,0.0,2,0,2,0,2,2,asynchronous
n010_070.bnet,random_mc,22,0.0,0.0,2,0,2,0,2,2,asynchronous
n010_070.bnet,random_mc,23,0.0,0.0,2,0,2,0,2,2,asynchronous
n010_070.bnet,random_mc,24,0.0,0.0,2,0,2,0,2,2,asynchronous
n010_070.bnet,random_mc,25,0.0,0.0,2,0,2,0,2,2,asynchronous
n010_070.bnet,random_mc,26,0.0,0.0,2,0,2,0,2,2,asynchronous
n010_070.bnet,random_mc,27,0.0,0.0,2,0,2,0,2,2,asynchronous
n010_070.bnet,random_mc,28,0.0,0.0,2,0,2,0,2,2,asynchronous
n010_070.bnet,random_mc,29,0.0,0.0,2,0,2,0,2,2,asynchronous
n010_071.bnet,sd_mc,,0.1130670887851493,0.026759510335901453,46,0,18,0,32,2,asynchronous
n010_071.bnet,null_mc,,0.3730964636354452,0.3761707889294483,46,16,2,0,32,2,asynchronous
n010_071.bnet,ref,,0.3934793148022842,0.4194924877144448,46,18,0,0,32,2,asynchronous
n010_071.bnet,random_mc,0,0.42764266961374175,0.4648256306256261,46,16,2,0,32,2,asynchronous
n010_071.bnet,random_mc,1,0.41390007185470723,0.44120874921375774,46,16,2,0,32,2,asynchronous
n010_071.bnet,random_mc,2,0.35227028839904356,0.34580456648023716,46,16,2,0,32,2,asynchronous
n010_071.bnet,random_mc,3,0.3582658867827042,0.35442800255317397,46,16,2,0,32,2,asynchronous
n010_071.bnet,random_mc,4,0.3866843633573794,0.39702113337851425,46,16,2,0,32,2,asynchronous
n010_071.bnet,random_mc,5,0.4002310030823494,0.41864430377739414,46,16,2,0,32,2,asynchronous
n010_071.bnet,random_mc,6,0.3635064469615513,0.3619607978408045,46,16,2,0,32,2,asynchronous
n010_071.bnet,random_mc,7,0.3616915616398997,0.35913022949477297,46,16,2,0,32,2,asynchronous
n010_071.bnet,random_mc,8,0.39724933233948845,0.4142418880977416,46,16,2,0,32,2,asynchronous
n010_071.bnet,random_mc,9,0.3792735634830886,0.3854894154487402,46,16,2,0,32,2,asynchronous
n010_071.bnet,random_mc,10,0.40702160449377334,0.429444900591365,46,16,2,0,32,2,asynchronous
n010_071.bnet,random_mc,11,0.34684124616460654,0.33813378677002315,46,16,2,0,32,2,asynchronous
n010_071.bnet,random_mc,12,0.3964970430921813,0.4123381755047733,46,16,2,0,32,2,asynchronous
n010_071.bnet,random_mc,13,0.36357212903718894,0.3620880564827657,46,16,2,0,32,2,asynchronous
n010_071.bnet,random_mc,14,0.3783868531418438,0.38412996742723327,46,16,2,0,32,2,asynchronous
n010_071.bnet,random_mc,15,0.3835304928523337,0.3919852844835086,46,16,2,0,32,2,asynchronous
n010_071.bnet,random_mc,16,0.4120046004051337,0.43777005118796153,46,16,2,0,32,2,asynchronous
n010_071.bnet,random_mc,17,0.35834450988756755,0.3544336853836013,46,16,2,0,32,2,asynchronous
n010_071.bnet,random_mc,18,0.36899523282061736,0.37011586539122243,46,16,2,0,32,2,asynchronous
n010_071.bnet,random_mc,19,0.3182604342959775,0.29936137933446955,46,16,2,0,32,2,asynchronous
n010_071.bnet,random_mc,20,0.3533350763602335,0.34721337390376006,46,16,2,0,32,2,asynchronous
n010_071.bnet,random_mc,21,0.40879697458523995,0.4323102692556683,46,16,2,0,32,2,asynchronous
n010_071.bnet,random_mc,22,0.3896933548066948,0.40153427768546013,46,16,2,0,32,2,asynchronous
n010_071.bnet,random_mc,23,0.442883656471974,0.4938877126862501,46,16,2,0,32,2,asynchronous
n010_071.bnet,random_mc,24,0.3516252496758346,0.3448756432163097,46,16,2,0,32,2,asynchronous
n010_071.bnet,random_mc,25,0.3377848344633208,0.3254787960793648,46,16,2,0,32,2,asynchronous
n010_071.bnet,random_mc,26,0.3589558571767633,0.355421383530228,46,16,2,0,32,2,asynchronous
n010_071.bnet,random_mc,27,0.33407264945999066,0.32013206281254314,46,16,2,0,32,2,asynchronous
n010_071.bnet,random_mc,28,0.39058512742553647,0.4029339611591784,46,16,2,0,32,2,asynchronous
n010_071.bnet,random_mc,29,0.3843114634988149,0.3933053714657134,46,16,2,0,32,2,asynchronous
n010_074.bnet,sd_mc,,0.36723758594139155,0.6056113324105112,2769,9,294,0,1024,3,asynchronous
n010_074.bnet,null_mc,,0.30441653090377124,0.477207025959659,2769,253,50,0,1024,3,asynchronous
n010_074.bnet,ref,,0.3643143932543118,0.654846533816152,2769,303,0,0,1024,3,asynchronous
n010_074.bnet,random_mc,0,0.30392797896471263,0.4759945887495782,2769,253,50,0,1024,3,asynchronous
n010_074.bnet,random_mc,1,0.30355892333880646,0.47593157115542706,2769,253,50,0,1024,3,asynchronous
n010_074.bnet,random_mc,2,0.3041194748649658,0.4754043169929973,2769,253,50,0,1024,3,asynchronous
n010_074.bnet,random_mc,3,0.3045236475285544,0.4768833840554556,2769,253,50,0,1024,3,asynchronous
n010_074.bnet,random_mc,4,0.3034596009165017,0.4741188222792856,2769,253,50,0,1024,3,asynchronous
n010_074.bnet,random_mc,5,0.30474295547638514,0.4767288754432863,2769,253,50,0,1024,3,asynchronous
n010_074.bnet,random_mc,6,0.30361683959366675,0.4754264219538368,2769,253,50,0,1024,3,asynchronous
n010_074.bnet,random_mc,7,0.30463681416882143,0.4766858707373297,2769,253,50,0,1024,3,asynchronous
n010_074.bnet,random_mc,8,0.30395603764998386,0.47500557785830344,2769,253,50,0,1024,3,asynchronous
n010_074.bnet,random_mc,9,0.3042013374999041,0.4756458506084822,2769,253,50,0,1024,3,asynchronous
n010_074.bnet,random_mc,10,0.30374159801660844,0.47631050155124743,2769,253,50,0,1024,3,asynchronous
n010_074.bnet,random_mc,11,0.3041396415608562,0.4766609612039072,2769,253,50,0,1024,3,asynchronous
n010_074.bnet,random_mc,12,0.30422647194229296,0.47518617392353063,2769,253,50,0,1024,3,asynchronous
n010_074.bnet,random_mc,13,0.30433918718795794,0.47738311285385066,2769,253,50,0,1024,3,asynchronous
n010_074.bnet,random_mc,14,0.30438554175225757,0.4767499679330979,2769,253,50,0,1024,3,asynchronous
n010_074.bnet,random_mc,15,0.30499390262771087,0.47785323188556933,2769,253,50,0,1024,3,asynchronous
n010_074.bnet,random_mc,16,0.3038922057612204,0.47516444467167307,2769,253,50,0,1024,3,asynchronous
n010_074.bnet,random_mc,17,0.30484292700983356,0.47797126067260065,2769,253,50,0,1024,3,asynchronous
n010_074.bnet,random_mc,18,0.3054632243572326,0.4783720043454569,2769,253,50,0,1024,3,asynchronous
n010_074.bnet,random_mc,19,0.30399215740073626,0.47692488908581604,2769,253,50,0,1024,3,asynchronous
n010_074.bnet,random_mc,20,0.3049771894523246,0.4789504261991843,2769,253,50,0,1024,3,asynchronous
n010_074.bnet,random_mc,21,0.30439192163825457,0.4760702602717536,2769,253,50,0,1024,3,asynchronous
n010_074.bnet,random_mc,22,0.3046138965935922,0.4793645608181437,2769,253,50,0,1024,3,asynchronous
n010_074.bnet,random_mc,23,0.3038340617201686,0.4751313762142735,2769,253,50,0,1024,3,asynchronous
n010_074.bnet,random_mc,24,0.30430260825933336,0.47677471876176447,2769,253,50,0,1024,3,asynchronous
n010_074.bnet,random_mc,25,0.305065332061294,0.48020524391414854,2769,253,50,0,1024,3,asynchronous
n010_074.bnet,random_mc,26,0.3038304409849211,0.47618680807794,2769,253,50,0,1024,3,asynchronous
n010_074.bnet,random_mc,27,0.3042998218122437,0.4774660287161994,2769,253,50,0,1024,3,asynchronous
n010_074.bnet,random_mc,28,0.3043740052054558,0.4767284277764777,2769,253,50,0,1024,3,asynchronous
n010_074.bnet,random_mc,29,0.30423075994330046,0.477489719903164,2769,253,50,0,1024,3,asynchronous
n010_076.bnet,sd_mc,,0.034694433324435545,0.016991940919181478,26,2,20,0,16,3,asynchronous
n010_076.bnet,null_mc,,0.2885949359171727,0.46601127101877043,26,16,6,0,16,3,asynchronous
n010_076.bnet,ref,,0.36641405439647,0.7122565628697113,26,22,0,0,16,3,asynchronous
n010_076.bnet,random_mc,0,0.25553860078305596,0.39248825651225816,26,16,6,0,16,3,asynchronous
n010_076.bnet,random_mc,1,0.19280861157606,0.2359318566276266,26,10,12,0,16,3,asynchronous
n010_076.bnet,random_mc,2,0.1944120639364836,0.21208156135721482,26,12,10,0,16,3,asynchronous
n010_076.bnet,random_mc,3,0.20571186048113904,0.2319329055367365,26,12,10,0,16,3,asynchronous
n010_076.bnet,random_mc,4,0.2095246028390732,0.2229481260204234,26,7,15,0,16,3,asynchronous
n010_076.bnet,random_mc,5,0.22219233841763084,0.27215148646420345,26,9,13,0,16,3,asynchronous
n010_076.bnet,random_mc,6,0.23824019720702652,0.2974642545504045,26,10,12,0,16,3,asynchronous
n010_076.bnet,random_mc,7,0.2503998537803684,0.34626132004284016,26,15,7,0,16,3,asynchronous
n010_076.bnet,random_mc,8,0.3011448077722736,0.46182318710047887,26,14,8,0,16,3,asynchronous
n010_076.bnet,random_mc,9,0.21729382497219346,0.2933434531646414,26,14,8,0,16,3,asynchronous
n010_076.bnet,random_mc,10,0.23144397255847432,0.28343427219004713,26,11,11,0,16,3,asynchronous
n010_076.bnet,random_mc,11,0.28403629519863277,0.4198877265451504,26,13,9,0,16,3,asynchronous
n010_076.bnet,random_mc,12,0.2578006905830083,0.3860031296199701,26,14,8,0,16,3,asynchronous
n010_076.bnet,random_mc,13,0.23640543435901348,0.3427426128124421,26,15,7,0,16,3,asynchronous
n010_076.bnet,random_mc,14,0.2759741169623716,0.42426659405181777,26,15,7,0,16,3,asynchronous
n010_076.bnet,random_mc,15,0.2811056733511579,0.41024590181444026,26,16,6,0,16,3,asynchronous
n010_076.bnet,random_mc,16,0.2090225296600527,0.26061989214814407,26,12,10,0,16,3,asynchronous
n010_076.bnet,random_mc,17,0.25456328355825947,0.3669623146046989,26,15,7,0,16,3,asynchronous
n010_076.bnet,random_mc,18,0.21063951258212377,0.2253278503615387,26,13,9,0,16,3,asynchronous
n010_076.bnet,random_mc,19,0.2332720117995864,0.2728346966565045,26,8,14,0,16,3,asynchronous
n010_076.bnet,random_mc,20,0.20858952720133317,0.20152831581783828,26,11,11,0,16,3,asynchronous
n010_076.bnet,random_mc,21,0.24614382456739192,0.33843293758794346,26,14,8,0,16,3,asynchronous
n010_076.bnet,random_mc,22,0.22248647629495522,0.2888599638315986,26,14,8,0,16,3,asynchronous
n010_076.bnet,random_mc,23,0.20775203261408284,0.25746905805706655,26,12,10,0,16,3,asynchronous
n010_076.bnet,random_mc,24,0.27305037177968217,0.4194308971145295,26,15,7,0,16,3,asynchronous
n010_076.bnet,random_mc,25,0.19532111167326063,0.2320947852063989,26,9,13,0,16,3,asynchronous
n010_076.bnet,random_mc,26,0.32052663854565255,0.5458238869587677,26,16,6,0,16,3,asynchronous
n010_076.bnet,random_mc,27,0.2708241888133192,0.3817940654244799,26,13,9,0,16,3,asynchronous
n010_076.bnet,random_mc,28,0.26014501889221303,0.3558718579463819,26,14,8,0,16,3,asynchronous
n010_076.bnet,random_mc,29,0.2187515460353258,0.2552448921023148,26,8,14,0,16,3,asynchronous
n010_077.bnet,sd_mc,,0.0,0.0,256,0,256,0,256,2,asynchronous
n010_077.bnet,null_mc,,0.49804304532841337,0.6877319682118208,256,254,2,0,256,2,asynchronous
n010_077.bnet,ref,,0.5,0.6931471805599453,256,256,0,0,256,2,asynchronous
n010_077.bnet,random_mc,0,0.4980375740638592,0.6877208805725074,256,254,2,0,256,2,asynchronous
n010_077.bnet,random_mc,1,0.49804304532841337,0.6877319682118208,256,254,2,0,256,2,asynchronous
n010_077.bnet,random_mc,2,0.49804304532841337,0.6877319682118208,256,254,2,0,256,2,asynchronous
n010_077.bnet,random_mc,3,0.49797256603136214,0.6875915539620442,256,254,2,0,256,2,asynchronous
n010_077.bnet,random_mc,4,0.49821133391410016,0.6880673978150204,256,254,2,0,256,2,asynchronous
n010_077.bnet,random_mc,5,0.49852392187201783,0.6886909577633482,256,254,2,0,256,2,asynchronous
n010_077.bnet,random_mc,6,0.4980079284294959,0.6876620045883771,256,254,2,0,256,2,asynchronous
n010_077.bnet,random_mc,7,0.4978131472866408,0.6872740435490376,256,254,2,0,256,2,asynchronous
n010_077.bnet,random_mc,8,0.498418889315052,0.6884816234962187,256,254,2,0,256,2,asynchronous
n010_077.bnet,random_mc,9,0.49793494417792405,0.687516486233646,256,254,2,0,256,2,asynchronous
n010_077.bnet,random_mc,10,0.49804304532841337,0.6877319682118208,256,254,2,0,256,2,asynchronous
n010_077.bnet,random_mc,11,0.4981383770075254,0.6879219683925988,256,254,2,0,256,2,asynchronous
n010_077.bnet,random_mc,12,0.4980505259308215,0.6877468708547377,256,254,2,0,256,2,asynchronous
n010_077.bnet,random_mc,13,0.4977788626938207,0.6872058025407188,256,254,2,0,256,2,asynchronous
n010_077.bnet,random_mc,14,0.49797663598376357,0.6875996548586538,256,254,2,0,256,2,asynchronous
n010_077.bnet,random_mc,15,0.4978705885201137,0.6873884478712751,256,254,2,0,256,2,asynchronous
n010_077.bnet,random_mc,16,0.4980779845206427,0.6878015766835962,256,254,2,0,256,2,asynchronous
n010_077.bnet,random_mc,17,0.4977343397855963,0.6871170511062508,256,254,2,0,256,2,asynchronous
n010_077.bnet,random_mc,18,0.4981213152618463,0.6878879288490649,256,254,2,0,256,2,asynchronous
n010_077.bnet,random_mc,19,0.49804304532841337,0.6877319682118208,256,254,2,0,256,2,asynchronous
n010_077.bnet,random_mc,20,0.4981500199778436,0.6879451805831875,256,254,2,0,256,2,asynchronous
n010_077.bnet,random_mc,21,0.4981451860923133,0.687935520641785,256,254,2,0,256,2,asynchronous
n010_077.bnet,random_mc,22,0.498122507945125,0.6878902936846325,256,254,2,0,256,2,asynchronous
n010_077.bnet,random_mc,23,0.4979055268287221,0.6874578041644201,256,254,2,0,256,2,asynchronous
n010_077.bnet,random_mc,24,0.49830754523118614,0.6882590584583466,256,254,2,0,256,2,asynchronous
n010_077.bnet,random_mc,25,0.49802269716375513,0.6876912562984963,256,254,2,0,256,2,asynchronous
n010_077.bnet,random_mc,26,0.49804304532841337,0.6877319682118208,256,254,2,0,256,2,asynchronous
n010_077.bnet,random_mc,27,0.4977898727786513,0.6872276933951447,256,254,2,0,256,2,asynchronous
n010_077.bnet,random_mc,28,0.4980999180511027,0.6878452767761449,256,254,2,0,256,2,asynchronous
n010_077.bnet,random_mc,29,0.4979933084558684,0.6876326839237543,256,254,2,0,256,2,asynchronous
n010_080.bnet,sd_mc,,0.1379336815595054,0.09398289543641575,862,30,644,0,512,3,asynchronous
n010_080.bnet,null_mc,,0.3601128914480526,0.66693709752191,862,654,20,0,512,3,asynchronous
n010_080.bnet,ref,,0.3953950108703306,0.7798651681893018,862,674,0,0,512,3,asynchronous
n010_080.bnet,random_mc,0,0.3600574439232399,0.6664874980347857,862,654,20,0,512,3,asynchronous
n010_080.bnet,random_mc,1,0.35989710064103614,0.6664464176448646,862,654,20,0,512,3,asynchronous
n010_080.bnet,random_mc,2,0.36033752970278027,0.6675602116597685,862,654,20,0,512,3,asynchronous
n010_080.bnet,random_mc,3,0.35902743906963236,0.6630968761822565,862,654,20,0,512,3,asynchronous
n010_080.bnet,random_mc,4,0.3562112351884566,0.6540753354215696,862,654,20,0,512,3,asynchronous
n010_080.bnet,random_mc,5,0.3594470311880674,0.6647854296025851,862,654,20,0,512,3,asynchronous
n010_080.bnet,random_mc,6,0.35949981167828143,0.6648684743065466,862,654,20,0,512,3,asynchronous
n010_080.bnet,random_mc,7,0.35977844620082844,0.6658858845462969,862,654,20,0,512,3,asynchronous
n010_080.bnet,random_mc,8,0.36047283902913413,0.6682979030267088,862,654,20,0,512,3,asynchronous
n010_080.bnet,random_mc,9,0.3589271544576327,0.6626996532791074,862,654,20,0,512,3,asynchronous
n010_080.bnet,random_mc,10,0.36007538046353527,0.6665338956860569,862,654,20,0,512,3,asynchronous
n010_080.bnet,random_mc,11,0.35800194608846264,0.6597784218296684,862,654,20,0,512,3,asynchronous
n010_080.bnet,random_mc,12,0.3604592880694823,0.6681083058183017,862,654,20,0,512,3,asynchronous
n010_080.bnet,random_mc,13,0.3593655663362703,0.6645406067103838,862,654,20,0,512,3,asynchronous
n010_080.bnet,random_mc,14,0.3594510888831206,0.6648007098372741,862,654,20,0,512,3,asynchronous
n010_080.bnet,random_mc,15,0.36038923728224037,0.6677887883153396,862,654,20,0,512,3,asynchronous
n010_080.bnet,random_mc,16,0.3593239924628033,0.6639932867043293,862,654,20,0,512,3,asynchronous
n010_080.bnet,random_mc,17,0.3585694121976158,0.6616235455037927,862,654,20,0,512,3,asynchronous
n010_080.bnet,random_mc,18,0.3619081665968046,0.673236209462292,862,654,20,0,512,3,asynchronous
n010_080.bnet,random_mc,19,0.3591274634170482,0.6635461306768318,862,654,20,0,512,3,asynchronous
n010_080.bnet,random_mc,20,0.35867313323361183,0.6624422255693502,862,654,20,0,512,3,asynchronous
n010_080.bnet,random_mc,21,0.3617028800248454,0.6722906397291466,862,654,20,0,512,3,asynchronous
n010_080.bnet,random_mc,22,0.36116803328535313,0.6703208221714849,862,654,20,0,512,3,asynchronous
n010_080.bnet,random_mc,23,0.3597289982551763,0.6659807837601048,862,654,20,0,512,3,asynchronous
n010_080.bnet,random_mc,24,0.36249339158831834,0.6749937278477081,862,654,20,0,512,3,asynchronous
n010_080.bnet,random_mc,25,0.35944338049449126,0.665433631756035,862,654,20,0,512,3,asynchronous
n010_080.bnet,random_mc,26,0.36026866505404864,0.6671421360666299,862,654,20,0,512,3,asynchronous
n010_080.bnet,random_mc,27,0.3601249881983351,0.6667877926070145,862,654,20,0,512,3,asynchronous
n010_080.bnet,random_mc,28,0.35923502808318836,0.6636596313448849,862,654,20,0,512,3,asynchronous
n010_080.bnet,random_mc,29,0.36029819479250424,0.6673031719027279,862,654,20,0,512,3,asynchronous
n010_083.bnet,sd_mc,,0.13703368480014658,0.08598625513241202,166,0,26,0,64,3,asynchronous
n010_083.bnet,null_mc,,0.2422989606363624,0.2883279664617706,166,20,6,0,64,3,asynchronous
n010_083.bnet,ref,,0.26291719797709723,0.3398254174930885,166,26,0,0,64,3,asynchronous
n010_083.bnet,random_mc,0,0.2382436141785709,0.27962092450156917,166,20,6,0,64,3,asynchronous
n010_083.bnet,random_mc,1,0.24080890133790817,0.28502395990764706,166,20,6,0,64,3,asynchronous
n010_083.bnet,random_mc,2,0.24127897962169292,0.2859883913821132,166,20,6,0,64,3,asynchronous
n010_083.bnet,random_mc,3,0.2388883215516525,0.2800970079301123,166,20,6,0,64,3,asynchronous
n010_083.bnet,random_mc,4,0.23879401367277073,0.2796047497864005,166,20,6,0,64,3,asynchronous
n010_083.bnet,random_mc,5,0.24532568874237562,0.2947096537880778,166,20,6,0,64,3,asynchronous
n010_083.bnet,random_mc,6,0.23837305602618913,0.2796616989899937,166,20,6,0,64,3,asynchronous
n010_083.bnet,random_mc,7,0.24656295076057808,0.29600379601368754,166,20,6,0,64,3,asynchronous
n010_083.bnet,random_mc,8,0.24327384831521837,0.2905069042688968,166,20,6,0,64,3,asynchronous
n010_083.bnet,random_mc,9,0.23777245237177827,0.27862727850978625,166,20,6,0,64,3,asynchronous
n010_083.bnet,random_mc,10,0.237356550967904,0.278019999676852,166,20,6,0,64,3,asynchronous
n010_083.bnet,random_mc,11,0.23836818120317918,0.2797810031439739,166,20,6,0,64,3,asynchronous
n010_083.bnet,random_mc,12,0.23413156693825307,0.271208422785719,166,20,6,0,64,3,asynchronous
n010_083.bnet,random_mc,13,0.240185761106753,0.283549276712015,166,20,6,0,64,3,asynchronous
n010_083.bnet,random_mc,14,0.23984678475360907,0.2829388422987471,166,20,6,0,64,3,asynchronous
n010_083.bnet,random_mc,15,0.24412135303129615,0.2921942986484579,166,20,6,0,64,3,asynchronous
n010_083.bnet,random_mc,16,0.24096982844716744,0.285392542110236,166,20,6,0,64,3,asynchronous
n010_083.bnet,random_mc,17,0.23973723154742452,0.28245294726655246,166,20,6,0,64,3,asynchronous
n010_083.bnet,random_mc,18,0.23629015425134897,0.2753205170371628,166,20,6,0,64,3,asynchronous
n010_083.bnet,random_mc,19,0.24902754543811165,0.3032100300355358,166,20,6,0,64,3,asynchronous
n010_083.bnet,random_mc,20,0.24403018540338264,0.2922589051558034,166,20,6,0,64,3,asynchronous
n010_083.bnet,random_mc,21,0.23990662124174475,0.2831169110774845,166,20,6,0,64,3,asynchronous
n010_083.bnet,random_mc,22,0.2443575619169669,0.2930228668536868,166,20,6,0,64,3,asynchronous
n010_083.bnet,random_mc,23,0.23978314813096535,0.28289259580498005,166,20,6,0,64,3,asynchronous
n010_083.bnet,random_mc,24,0.24472943338661896,0.2937243213181018,166,20,6,0,64,3,asynchronous
n010_083.bnet,random_mc,25,0.2416501832080347,0.28695403945273656,166,20,6,0,64,3,asynchronous
n010_083.bnet,random_mc,26,0.23947612069736413,0.2820201897526726,166,20,6,0,64,3,asynchronous
n010_083.bnet,random_mc,27,0.2367702896624064,0.2765049554353281,166,20,6,0,64,3,asynchronous
n010_083.bnet,random_mc,28,0.24548004394640838,0.29530002392571564,166,20,6,0,64,3,asynchronous
n010_083.bnet,random_mc,29,0.24100835253842146,0.28558204629768613,166,20,6,0,64,3,asynchronous
n010_085.bnet,sd_mc,,0.19514493847933484,0.20278006358368536,182,32,298,0,128,4,asynchronous
n010_085.bnet,null_mc,,0.37000739252652476,1.0846360129675467,182,318,12,0,128,4,asynchronous
n010_085.bnet,ref,,0.3778423553868436,1.1279577117525434,182,330,0,0,128,4,asynchronous
n010_085.bnet,random_mc,0,0.36519358751041225,1.0565473426313456,182,318,12,0,128,4,asynchronous
n010_085.bnet,random_mc,1,0.37004647425255827,1.0847654821991564,182,318,12,0,128,4,asynchronous
n010_085.bnet,random_mc,2,0.36983704296379777,1.0836925762288385,182,318,12,0,128,4,asynchronous
n010_085.bnet,random_mc,3,0.3675121077006836,1.068766112291735,182,318,12,0,128,4,asynchronous
n010_085.bnet,random_mc,4,0.3672026780125357,1.068205251602291,182,318,12,0,128,4,asynchronous
n010_085.bnet,random_mc,5,0.3713265494768701,1.092514575800221,182,318,12,0,128,4,asynchronous
n010_085.bnet,random_mc,6,0.3691116701434582,1.07963311816104,182,318,12,0,128,4,asynchronous
n010_085.bnet,random_mc,7,0.3695794197276468,1.08206686998483,182,318,12,0,128,4,asynchronous
n010_085.bnet,random_mc,8,0.36712369236060666,1.067357053171302,182,318,12,0,128,4,asynchronous
n010_085.bnet,random_mc,9,0.3738584242506434,1.1072482965835329,182,318,12,0,128,4,asynchronous
n010_085.bnet,random_mc,10,0.36814681602472776,1.073966087993389,182,318,12,0,128,4,asynchronous
n010_085.bnet,random_mc,11,0.3722856420249163,1.0981268076278503,182,318,12,0,128,4,asynchronous
n010_085.bnet,random_mc,12,0.3694853284041588,1.0811433553437322,182,318,12,0,128,4,asynchronous
n010_085.bnet,random_mc,13,0.3676702877768936,1.0708190765813888,182,318,12,0,128,4,asynchronous
n010_085.bnet,random_mc,14,0.36765217168212533,1.070363555553777,182,318,12,0,128,4,asynchronous
n010_085.bnet,random_mc,15,0.3682779875662302,1.074448740922305,182,318,12,0,128,4,asynchronous
n010_085.bnet,random_mc,16,0.37253330404487833,1.0994837520861722,182,318,12,0,128,4,asynchronous
n010_085.bnet,random_mc,17,0.36688680609320595,1.0665618496743199,182,318,12,0,128,4,asynchronous
n010_085.bnet,random_mc,18,0.36491684722138945,1.0538393778195,182,318,12,0,128,4,asynchronous
n010_085.bnet,random_mc,19,0.36918001101890124,1.0789851488521922,182,318,12,0,128,4,asynchronous
n010_085.bnet,random_mc,20,0.36358295499615073,1.0470052579432427,182,318,12,0,128,4,asynchronous
n010_085.bnet,random_mc,21,0.36733057788406914,1.0684960712209761,182,318,12,0,128,4,asynchronous
n010_085.bnet,random_mc,22,0.37295688713029596,1.103666525619672,182,318,12,0,128,4,asynchronous
n010_085.bnet,random_mc,23,0.3689964383420679,1.0788708170421395,182,318,12,0,128,4,asynchronous
n010_085.bnet,random_mc,24,0.37341812676441316,1.105813818954708,182,318,12,0,128,4,asynchronous
n010_085.bnet,random_mc,25,0.3702380516800281,1.0859208856802407,182,318,12,0,128,4,asynchronous
n010_085.bnet,random_mc,26,0.36873341089825235,1.0772075795507559,182,318,12,0,128,4,asynchronous
n010_085.bnet,random_mc,27,0.36919185407762234,1.07944747279483,182,318,12,0,128,4,asynchronous
n010_085.bnet,random_mc,28,0.3689654395991543,1.0780909097711575,182,318,12,0,128,4,asynchronous
n010_085.bnet,random_mc,29,0.3705264603733377,1.0877633230933017,182,318,12,0,128,4,asynchronous
n010_091.bnet,sd_mc,,0.17723673132062193,0.0687722489925277,1840,0,208,0,1024,2,asynchronous
n010_091.bnet,null_mc,,0.29560494857742314,0.21963346297328612,1840,206,2,0,1024,2,asynchronous
n010_091.bnet,ref,,0.2964296997155666,0.22098726606031727,1840,208,0,0,1024,2,asynchronous
n010_091.bnet,random_mc,0,0.2882043118489439,0.2109880085630102,1840,206,2,0,1024,2,asynchronous
n010_091.bnet,random_mc,1,0.30887028583518417,0.23569101282899774,1840,206,2,0,1024,2,asynchronous
n010_091.bnet,random_mc,2,0.30221768275951005,0.22754294425280042,1840,206,2,0,1024,2,asynchronous
n010_091.bnet,random_mc,3,0.29533933790772543,0.21931953099752466,1840,206,2,0,1024,2,asynchronous
n010_091.bnet,random_mc,4,0.30944290823946724,0.23640168018016536,1840,206,2,0,1024,2,asynchronous
n010_091.bnet,random_mc,5,0.2989174549974292,0.22357268250880416,1840,206,2,0,1024,2,asynchronous
n010_091.bnet,random_mc,6,0.29865832421709554,0.22326289743523375,1840,206,2,0,1024,2,asynchronous
n010_091.bnet,random_mc,7,0.2849309273038103,0.20722677950639967,1840,206,2,0,1024,2,asynchronous
n010_091.bnet,random_mc,8,0.27587178199278156,0.19698151078558446,1840,206,2,0,1024,2,asynchronous
n010_091.bnet,random_mc,9,0.30660620635007996,0.23289574579863057,1840,206,2,0,1024,2,asynchronous
n010_091.bnet,random_mc,10,0.2924599443143848,0.21593403255277116,1840,206,2,0,1024,2,asynchronous
n010_091.bnet,random_mc,11,0.3011068671834634,0.22620148087605568,1840,206,2,0,1024,2,asynchronous
n010_091.bnet,random_mc,12,0.2811434003063438,0.20291738318813607,1840,206,2,0,1024,2,asynchronous
n010_091.bnet,random_mc,13,0.30067852568369186,0.225685439178858,1840,206,2,0,1024,2,asynchronous
n010_091.bnet,random_mc,14,0.3036946774493107,0.22933484339739518,1840,206,2,0,1024,2,asynchronous
n010_091.bnet,random_mc,15,0.31553805339287694,0.24406213875989133,1840,206,2,0,1024,2,asynchronous
n010_091.bnet,random_mc,16,0.29539949124795456,0.21939064857139,1840,206,2,0,1024,2,asynchronous
n010_091.bnet,random_mc,17,0.29078436311138217,0.2139784741505754,1840,206,2,0,1024,2,asynchronous
n010_091.bnet,random_mc,18,0.2945816750176067,0.21842544513489992,1840,206,2,0,1024,2,asynchronous
n010_091.bnet,random_mc,19,0.30000333968557585,0.22487392263530803,1840,206,2,0,1024,2,asynchronous
n010_091.bnet,random_mc,20,0.2884764908071717,0.21130207641384038,1840,206,2,0,1024,2,asynchronous
n010_091.bnet,random_mc,21,0.28081079640635004,0.20254082237585985,1840,206,2,0,1024,2,asynchronous
n010_091.bnet,random_mc,22,0.28510752490085794,0.20742859221382923,1840,206,2,0,1024,2,asynchronous
n010_091.bnet,random_mc,23,0.28990290756415105,0.21295410177776056,1840,206,2,0,1024,2,asynchronous
n010_091.bnet,random_mc,24,0.28571922860973004,0.20812931393505846,1840,206,2,0,1024,2,asynchronous
n010_091.bnet,random_mc,25,0.29542236464031324,0.2194176329117178,1840,206,2,0,1024,2,asynchronous
n010_091.bnet,random_mc,26,0.289759707735976,0.2127878945183454,1840,206,2,0,1024,2,asynchronous
n010_091.bnet,random_mc,27,0.3072379861476926,0.23367334043505825,1840,206,2,0,1024,2,asynchronous
n010_091.bnet,random_mc,28,0.29503506797569484,0.2189602434737526,1840,206,2,0,1024,2,asynchronous
n010_091.bnet,random_mc,29,0.2902577493897823,0.21336623691641693,1840,206,2,0,1024,2,asynchronous
n010_094.bnet,sd_mc,,0.477810147574458,0.5426024927860207,1848,68,132,0,1024,2,asynchronous
n010_094.bnet,null_mc,,0.4324200486044894,0.46056377697894424,1848,197,3,0,1024,2,asynchronous
n010_094.bnet,ref,,0.38039816926550934,0.3736556591019712,1848,200,0,0,1024,2,asynchronous
n010_094.bnet,random_mc,0,0.42975382336084644,0.4555922497049918,1848,197,3,0,1024,2,asynchronous
n010_094.bnet,random_mc,1,0.43498248643144116,0.46540371844581874,1848,197,3,0,1024,2,asynchronous
n010_094.bnet,random_mc,2,0.43251013830602675,0.46073340576322175,1848,197,3,0,1024,2,asynchronous
n010_094.bnet,random_mc,3,0.4315033773094272,0.45884809226389633,1848,197,3,0,1024,2,asynchronous
n010_094.bnet,random_mc,4,0.43000913950465947,0.4560647961287517,1848,197,3,0,1024,2,asynchronous
n010_094.bnet,random_mc,5,0.4365573671255003,0.46840665824518046,1848,197,3,0,1024,2,asynchronous
n010_094.bnet,random_mc,6,0.4360922921966208,0.46751682781095316,1848,197,3,0,1024,2,asynchronous
n010_094.bnet,random_mc,7,0.4334938935858444,0.4625858413043069,1848,197,3,0,1024,2,asynchronous
n010_094.bnet,random_mc,8,0.4315073292846644,0.4588554587825811,1848,197,3,0,1024,2,asynchronous
n010_094.bnet,random_mc,9,0.4315114129042949,0.45886276578482743,1848,197,3,0,1024,2,asynchronous
n010_094.bnet,random_mc,10,0.4325696205527181,0.4608457828982652,1848,197,3,0,1024,2,asynchronous
n010_094.bnet,random_mc,11,0.43338376784820076,0.4623775020030406,1848,197,3,0,1024,2,asynchronous
n010_094.bnet,random_mc,12,0.43036051821038074,0.45671728755745195,1848,197,3,0,1024,2,asynchronous
n010_094.bnet,random_mc,13,0.43361869797060293,0.46282039535256647,1848,197,3,0,1024,2,asynchronous
n010_094.bnet,random_mc,14,0.4300565535930738,0.45615304003475377,1848,197,3,0,1024,2,asynchronous
n010_094.bnet,random_mc,15,0.4295305768923961,0.45517831328362107,1848,197,3,0,1024,2,asynchronous
n010_094.bnet,random_mc,16,0.4321794125967624,0.46011503033723017,1848,197,3,0,1024,2,asynchronous
n010_094.bnet,random_mc,17,0.43479828163314627,0.465053570239796,1848,197,3,0,1024,2,asynchronous
n010_094.bnet,random_mc,18,0.44084404162651714,0.4766945569225661,1848,197,3,0,1024,2,asynchronous
n010_094.bnet,random_mc,19,0.42869046343677353,0.4536256055371739,1848,197,3,0,1024,2,asynchronous
n010_094.bnet,random_mc,20,0.42791213806782286,0.45219188027424495,1848,197,3,0,1024,2,asynchronous
n010_094.bnet,random_mc,21,0.42873420390745637,0.4537060188870088,1848,197,3,0,1024,2,asynchronous
n010_094.bnet,random_mc,22,0.4308527797074523,0.45763515557703444,1848,197,3,0,1024,2,asynchronous
n010_094.bnet,random_mc,23,0.4331695744513449,0.4619735530890668,1848,197,3,0,1024,2,asynchronous
n010_094.bnet,random_mc,24,0.4360734489542822,0.46748164162370076,1848,197,3,0,1024,2,asynchronous
n010_094.bnet,random_mc,25,0.43397649595322674,0.46349680274679383,1848,197,3,0,1024,2,asynchronous
n010_094.bnet,random_mc,26,0.4347031772292695,0.46487261927265927,1848,197,3,0,1024,2,asynchronous
n010_094.bnet,random_mc,27,0.4313945414380997,0.45864435126122416,1848,197,3,0,1024,2,asynchronous
n010_094.bnet,random_mc,28,0.4343542445552248,0.4642115455926393,1848,197,3,0,1024,2,asynchronous
n010_094.bnet,random_mc,29,0.43322118578591245,0.46207101535117184,1848,197,3,0,1024,2,asynchronous
n010_097.bnet,sd_mc,,0.0,0.0,8,0,8,0,8,2,asynchronous
n010_097.bnet,null_mc,,0.0,0.0,8,0,8,0,8,2,asynchronous
n010_097.bnet,ref,,0.5,0.6931471805599453,8,8,0,0,8,2,asynchronous
n010_097.bnet,random_mc,0,0.0,0.0,8,0,8,0,8,2,asynchronous
n010_097.bnet,random_mc,1,0.0,0.0,8,0,8,0,8,2,asynchronous
n010_097.bnet,random_mc,2,0.0,0.0,8,0,8,0,8,2,asynchronous
n010_097.bnet,random_mc,3,0.0,0.0,8,0,8,0,8,2,asynchronous
n010_097.bnet,random_mc,4,0.0,0.0,8,0,8,0,8,2,asynchronous
n010_097.bnet,random_mc,5,0.0,0.0,8,0,8,0,8,2,asynchronous
n010_097.bnet,random_mc,6,0.0,0.0,8,0,8,0,8,2,asynchronous
n010_097.bnet,random_mc,7,0.0,0.0,8,0,8,0,8,2,asynchronous
n010_097.bnet,random_mc,8,0.0,0.0,8,0,8,0,8,2,asynchronous
n010_097.bnet,random_mc,9,0.0,0.0,8,0,8,0,8,2,asynchronous
n010_097.bnet,random_mc,10,0.0,0.0,8,0,8,0,8,2,asynchronous
n010_097.bnet,random_mc,11,0.0,0.0,8,0,8,0,8,2,asynchronous
n010_097.bnet,random_mc,12,0.0,0.0,8,0,8,0,8,2,asynchronous
n010_097.bnet,random_mc,13,0.0,0.0,8,0,8,0,8,2,asynchronous
n010_097.bnet,random_mc,14,0.0,0.0,8,0,8,0,8,2,asynchronous
n010_097.bnet,random_mc,15,0.0,0.0,8,0,8,0,8,2,asynchronous
n010_097.bnet,random_mc,16,0.0,0.0,8,0,8,0,8,2,asynchronous
n010_097.bnet,random_mc,17,0.0,0.0,8,0,8,0,8,2,asynchronous
n010_097.bnet,random_mc,18,0.0,0.0,8,0,8,0,8,2,asynchronous
n010_097.bnet,random_mc,19,0.0,0.0,8,0,8,0,8,2,asynchronous
n010_097.bnet,random_mc,20,0.0,0.0,8,0,8,0,8,2,asynchronous
n010_097.bnet,random_mc,21,0.0,0.0,8,0,8,0,8,2,asynchronous
n010_097.bnet,random_mc,22,0.0,0.0,8,0,8,0,8,2,asynchronous
n010_097.bnet,random_mc,23,0.0,0.0,8,0,8,0,8,2,asynchronous
n010_097.bnet,random_mc,24,0.0,0.0,8,0,8,0,8,2,asynchronous
n010_097.bnet,random_mc,25,0.0,0.0,8,0,8,0,8,2,asynchronous
n010_097.bnet,random_mc,26,0.0,0.0,8,0,8,0,8,2,asynchronous
n010_097.bnet,random_mc,27,0.0,0.0,8,0,8,0,8,2,asynchronous
n010_097.bnet,random_mc,28,0.0,0.0,8,0,8,0,8,2,asynchronous
n010_097.bnet,random_mc,29,0.0,0.0,8,0,8,0,8,2,asynchronous
n010_098.bnet,sd_mc,,0.1385567502568879,0.04301637777657461,52,0,12,0,32,2,asynchronous
n010_098.bnet,null_mc,,0.2535220285004488,0.18547213266301837,52,9,3,0,32,2,asynchronous
n010_098.bnet,ref,,0.3468364240932891,0.3165954206200271,52,12,0,0,32,2,asynchronous
n010_098.bnet,random_mc,0,0.25412431514496403,0.18581143452596216,52,9,3,0,32,2,asynchronous
n010_098.bnet,random_mc,1,0.23242447062338342,0.16241697559660273,52,9,3,0,32,2,asynchronous
n010_098.bnet,random_mc,2,0.260445785824698,0.1928803383555983,52,9,3,0,32,2,asynchronous
n010_098.bnet,random_mc,3,0.25382459779342015,0.1855290976966272,52,9,3,0,32,2,asynchronous
n010_098.bnet,random_mc,4,0.24360371763002567,0.17483362005875952,52,9,3,0,32,2,asynchronous
n010_098.bnet,random_mc,5,0.24978128989546214,0.18132400268387955,52,9,3,0,32,2,asynchronous
n010_098.bnet,random_mc,6,0.2620652906093363,0.19463945815539,52,9,3,0,32,2,asynchronous
n010_098.bnet,random_mc,7,0.24497804460161904,0.17630526854848716,52,9,3,0,32,2,asynchronous
n010_098.bnet,random_mc,8,0.24824144387326016,0.1798115232325985,52,9,3,0,32,2,asynchronous
n010_098.bnet,random_mc,9,0.24866173317508175,0.18024297267681927,52,9,3,0,32,2,asynchronous
n010_098.bnet,random_mc,10,0.24978476798392385,0.18146226781954455,52,9,3,0,32,2,asynchronous
n010_098.bnet,random_mc,11,0.2574872373974611,0.1896412668440802,52,9,3,0,32,2,asynchronous
n010_098.bnet,random_mc,12,0.2731840981919216,0.2066827168256416,52,9,3,0,32,2,asynchronous
n010_098.bnet,random_mc,13,0.24913804317071195,0.18075183833366462,52,9,3,0,32,2,asynchronous
n010_098.bnet,random_mc,14,0.2758680196211008,0.20974447759723402,52,9,3,0,32,2,asynchronous
n010_098.bnet,random_mc,15,0.2609162073914887,0.19334233796738778,52,9,3,0,32,2,asynchronous
n010_098.bnet,random_mc,16,0.25663037478065825,0.18859799024292037,52,9,3,0,32,2,asynchronous
n010_098.bnet,random_mc,17,0.24548768429646292,0.176859570009098,52,9,3,0,32,2,asynchronous
n010_098.bnet,random_mc,18,0.24924357351556206,0.18077221884252404,52,9,3,0,32,2,asynchronous
n010_098.bnet,random_mc,19,0.21689796154064964,0.14212889415607693,52,9,3,0,32,2,asynchronous
n010_098.bnet,random_mc,20,0.25261574647950924,0.18449282043667803,52,9,3,0,32,2,asynchronous
n010_098.bnet,random_mc,21,0.2375050306406952,0.16834704403062878,52,9,3,0,32,2,asynchronous
n010_098.bnet,random_mc,22,0.25938878953135164,0.19134167665727544,52,9,3,0,32,2,asynchronous
n010_098.bnet,random_mc,23,0.25436038102133485,0.18631040281814049,52,9,3,0,32,2,asynchronous
n010_098.bnet,random_mc,24,0.2544118780612108,0.18641209764121663,52,9,3,0,32,2,asynchronous
n010_098.bnet,random_mc,25,0.2519586179762579,0.18377036262885835,52,9,3,0,32,2,asynchronous
n010_098.bnet,random_mc,26,0.24547396987019696,0.1768583369355868,52,9,3,0,32,2,asynchronous
n010_098.bnet,random_mc,27,0.24977322297487733,0.18131359493825358,52,9,3,0,32,2,asynchronous
n010_098.bnet,random_mc,28,0.2248851709417763,0.15373520230310958,52,9,3,0,32,2,asynchronous
n010_098.bnet,random_mc,29,0.24805606131621305,0.17894346891187946,52,9,3,0,32,2,asynchronous
n010_099.bnet,sd_mc,,0.22431517864176334,0.13098702229451792,1840,16,192,0,1024,2,asynchronous
n010_099.bnet,null_mc,,0.6634776676879222,1.3059868969457527,1840,142,66,0,1024,2,asynchronous
n010_099.bnet,ref,,0.3487780319253008,0.31064025176806476,1840,208,0,0,1024,2,asynchronous
n010_099.bnet,random_mc,0,0.663757857378314,1.3084132141470353,1840,142,66,0,1024,2,asynchronous
n010_099.bnet,random_mc,1,0.6628260844504921,1.300574091097614,1840,142,66,0,1024,2,asynchronous
n010_099.bnet,random_mc,2,0.6624095681821371,1.297125035842346,1840,142,66,0,1024,2,asynchronous
n010_099.bnet,random_mc,3,0.6628923767700605,1.3011367509353198,1840,142,66,0,1024,2,asynchronous
n010_099.bnet,random_mc,4,0.6634157376512954,1.3055302361685683,1840,142,66,0,1024,2,asynchronous
n010_099.bnet,random_mc,5,0.6630146887968656,1.3022246039431629,1840,142,66,0,1024,2,asynchronous
n010_099.bnet,random_mc,6,0.6636371725550437,1.3074113949860804,1840,142,66,0,1024,2,asynchronous
n010_099.bnet,random_mc,7,0.6633983502710068,1.3053494980823115,1840,142,66,0,1024,2,asynchronous
n010_099.bnet,random_mc,8,0.6639816835439953,1.3104140641551159,1840,142,66,0,1024,2,asynchronous
n010_099.bnet,random_mc,9,0.6636634729950425,1.3075998987957789,1840,142,66,0,1024,2,asynchronous
n010_099.bnet,random_mc,10,0.6633896981938311,1.3053230226354002,1840,142,66,0,1024,2,asynchronous
n010_099.bnet,random_mc,11,0.6630431848368127,1.3024462168600046,1840,142,66,0,1024,2,asynchronous
n010_099.bnet,random_mc,12,0.6635000813191293,1.3062903347686787,1840,142,66,0,1024,2,asynchronous
n010_099.bnet,random_mc,13,0.6635054440911449,1.3062826522775797,1840,142,66,0,1024,2,asynchronous
n010_099.bnet,random_mc,14,0.6628389445245716,1.3006887052830907,1840,142,66,0,1024,2,asynchronous
n010_099.bnet,random_mc,15,0.663579903478925,1.307059525742139,1840,142,66,0,1024,2,asynchronous
n010_099.bnet,random_mc,16,0.66371177507127,1.3080440724869402,1840,142,66,0,1024,2,asynchronous
n010_099.bnet,random_mc,17,0.663008600579142,1.3020926613742432,1840,142,66,0,1024,2,asynchronous
n010_099.bnet,random_mc,18,0.6633642060827625,1.3050868676705467,1840,142,66,0,1024,2,asynchronous
n010_099.bnet,random_mc,19,0.6627895611593593,1.3002338194493994,1840,142,66,0,1024,2,asynchronous
n010_099.bnet,random_mc,20,0.6630938715993733,1.3027944594687912,1840,142,66,0,1024,2,asynchronous
n010_099.bnet,random_mc,21,0.6645832768957795,1.3155802049658007,1840,142,66,0,1024,2,asynchronous
n010_099.bnet,random_mc,22,0.6634500656727588,1.3058026028347869,1840,142,66,0,1024,2,asynchronous
n010_099.bnet,random_mc,23,0.6634951671632885,1.306174824105378,1840,142,66,0,1024,2,asynchronous
n010_099.bnet,random_mc,24,0.6630400886786683,1.3023740703235815,1840,142,66,0,1024,2,asynchronous
n010_099.bnet,random_mc,25,0.6634561370141433,1.3058196401698465,1840,142,66,0,1024,2,asynchronous
n010_099.bnet,random_mc,26,0.6637218725653561,1.3081493119279752,1840,142,66,0,1024,2,asynchronous
n010_099.bnet,random_mc,27,0.6631677329943969,1.3034032541242215,1840,142,66,0,1024,2,asynchronous
n010_099.bnet,random_mc,28,0.6623230748967879,1.296401704570049,1840,142,66,0,1024,2,asynchronous
n010_099.bnet,random_mc,29,0.6633250562216191,1.3047002317231975,1840,142,66,0,1024,2,asynchronous
