model,method,run,group_count,group_size_mean,group_size_std,mc_edges_count,N,sources,N_perc,sources_perc,n_min_trap,n_attractors,update_scheme
n010_000.bnet,sd_mc,0,16,64.0,32.0,46,10,0,10,0,2,2,asynchronous
n010_000.bnet,null_mc,0,3,341.3333333333333,437.46339529407743,5,10,0,10,0,2,2,asynchronous
n010_000.bnet,random_mc,0,16,64.0,13.720422734012244,226,10,0,10,0,2,2,asynchronous
n010_000.bnet,random_mc,1,16,64.0,13.430376018563292,226,10,0,10,0,2,2,asynchronous
n010_000.bnet,random_mc,2,16,64.0,13.448977656312765,226,10,0,10,0,2,2,asynchronous
n010_000.bnet,random_mc,3,16,64.0,13.33697866834914,226,10,0,10,0,2,2,asynchronous
n010_000.bnet,random_mc,4,16,64.0,13.683932183404009,226,10,0,10,0,2,2,asynchronous
n010_000.bnet,random_mc,5,16,64.0,14.658615214269048,226,10,0,10,0,2,2,asynchronous
n010_000.bnet,random_mc,6,16,64.0,14.004463574160917,226,10,0,10,0,2,2,asynchronous
n010_000.bnet,random_mc,7,16,64.0,14.430869689661812,226,10,0,10,0,2,2,asynchronous
n010_000.bnet,random_mc,8,16,64.0,13.411748581001659,226,10,0,10,0,2,2,asynchronous
n010_000.bnet,random_mc,9,16,64.0,14.203872711341791,226,10,0,10,0,2,2,asynchronous
n010_000.bnet,random_mc,10,16,64.0,15.620499351813308,226,10,0,10,0,2,2,asynchronous
n010_000.bnet,random_mc,11,16,64.0,14.208272238382822,226,10,0,10,0,2,2,asynchronous
n010_000.bnet,random_mc,12,16,64.0,14.743642697786731,226,10,0,10,0,2,2,asynchronous
n010_000.bnet,random_mc,13,16,64.0,15.095529139450528,226,10,0,10,0,2,2,asynchronous
n010_000.bnet,random_mc,14,16,64.0,14.330910647966514,226,10,0,10,0,2,2,asynchronous
n010_000.bnet,random_mc,15,16,64.0,13.33697866834914,226,10,0,10,0,2,2,asynchronous
n010_000.bnet,random_mc,16,16,64.0,14.64581851587681,226,10,0,10,0,2,2,asynchronous
n010_000.bnet,random_mc,17,16,64.0,13.860916275629112,226,10,0,10,0,2,2,asynchronous
n010_000.bnet,random_mc,18,16,64.0,13.932874793092774,225,10,0,10,0,2,2,asynchronous
n010_000.bnet,random_mc,19,16,64.0,15.716233645501712,226,10,0,10,0,2,2,asynchronous
n010_000.bnet,random_mc,20,16,64.0,15.087246269614612,225,10,0,10,0,2,2,asynchronous
n010_000.bnet,random_mc,21,16,64.0,13.932874793092774,226,10,0,10,0,2,2,asynchronous
n010_000.bnet,random_mc,22,16,64.0,14.022303662380159,226,10,0,10,0,2,2,asynchronous
n010_000.bnet,random_mc,23,16,64.0,14.370107863199914,226,10,0,10,0,2,2,asynchronous
n010_000.bnet,random_mc,24,16,64.0,15.276616117452189,226,10,0,10,0,2,2,asynchronous
n010_000.bnet,random_mc,25,16,64.0,15.284796367632772,226,10,0,10,0,2,2,asynchronous
n010_000.bnet,random_mc,26,16,64.0,14.031215200402281,226,10,0,10,0,2,2,asynchronous
n010_000.bnet,random_mc,27,16,64.0,14.128871150944791,226,10,0,10,0,2,2,asynchronous
n010_000.bnet,random_mc,28,16,64.0,13.629013170439011,226,10,0,10,0,2,2,asynchronous
n010_000.bnet,random_mc,29,16,64.0,16.2596125415091,226,10,0,10,0,2,2,asynchronous
n010_001.bnet,sd_mc,0,12,5.333333333333333,8.065702421708576,32,10,0,6,1,5,5,asynchronous
n010_001.bnet,null_mc,0,6,10.666666666666666,21.171259344267224,11,10,0,6,1,5,5,asynchronous
n010_001.bnet,random_mc,0,12,5.333333333333333,3.9015666369065416,66,10,0,6,1,5,5,asynchronous
n010_001.bnet,random_mc,1,12,5.333333333333333,4.0483192671637065,66,10,0,6,1,5,5,asynchronous
n010_001.bnet,random_mc,2,12,5.333333333333333,3.8369548110737792,71,10,0,6,1,5,5,asynchronous
n010_001.bnet,random_mc,3,12,5.333333333333333,3.92286743197994,64,10,0,6,1,5,5,asynchronous
n010_001.bnet,random_mc,4,12,5.333333333333333,4.189935029992178,66,10,0,6,1,5,5,asynchronous
n010_001.bnet,random_mc,5,12,5.333333333333333,4.2295258468165065,68,10,0,6,1,5,5,asynchronous
n010_001.bnet,random_mc,6,12,5.333333333333333,4.068851871911234,66,10,0,6,1,5,5,asynchronous
n010_001.bnet,random_mc,7,12,5.333333333333333,4.749268949591669,66,10,0,6,1,5,5,asynchronous
n010_001.bnet,random_mc,8,12,5.333333333333333,4.4969125210773475,70,10,0,6,1,5,5,asynchronous
n010_001.bnet,random_mc,9,12,5.333333333333333,3.5901098714230026,71,10,0,6,1,5,5,asynchronous
n010_001.bnet,random_mc,10,12,5.333333333333333,3.9015666369065416,69,10,0,6,1,5,5,asynchronous
n010_001.bnet,random_mc,11,12,5.333333333333333,4.2295258468165065,68,10,0,6,1,5,5,asynchronous
n010_001.bnet,random_mc,12,12,5.333333333333333,3.5433819375782165,67,10,0,6,1,5,5,asynchronous
n010_001.bnet,random_mc,13,12,5.333333333333333,4.440970864824743,68,10,0,6,1,5,5,asynchronous
n010_001.bnet,random_mc,14,12,5.333333333333333,3.858612300930075,66,10,0,6,1,5,5,asynchronous
n010_001.bnet,random_mc,15,12,5.333333333333333,3.858612300930075,69,10,0,6,1,5,5,asynchronous
n010_001.bnet,random_mc,16,12,5.333333333333333,4.0483192671637065,70,10,0,6,1,5,5,asynchronous
n010_001.bnet,random_mc,17,12,5.333333333333333,3.8369548110737797,69,10,0,6,1,5,5,asynchronous
n010_001.bnet,random_mc,18,12,5.333333333333333,4.109609335312651,62,10,0,6,1,5,5,asynchronous
n010_001.bnet,random_mc,19,12,5.333333333333333,3.92286743197994,69,10,0,6,1,5,5,asynchronous
n010_001.bnet,random_mc,20,12,5.333333333333333,3.7267799624996494,67,10,0,6,1,5,5,asynchronous
n010_001.bnet,random_mc,21,12,5.333333333333333,3.7267799624996494,72,10,0,6,1,5,5,asynchronous
n010_001.bnet,random_mc,22,12,5.333333333333333,3.92286743197994,72,10,0,6,1,5,5,asynchronous
n010_001.bnet,random_mc,23,12,5.333333333333333,3.636237371545238,71,10,0,6,1,5,5,asynchronous
n010_001.bnet,random_mc,24,12,5.333333333333333,4.249182927993987,69,10,0,6,1,5,5,asynchronous
n010_001.bnet,random_mc,25,12,5.333333333333333,3.986086914367133,65,10,0,6,1,5,5,asynchronous
n010_001.bnet,random_mc,26,12,5.333333333333333,4.14996653266291,66,10,0,6,1,5,5,asynchronous
n010_001.bnet,random_mc,27,12,5.333333333333333,3.7043517951488116,68,10,0,6,1,5,5,asynchronous
n010_001.bnet,random_mc,28,12,5.333333333333333,4.6785562825394,68,10,0,6,1,5,5,asynchronous
n010_001.bnet,random_mc,29,12,5.333333333333333,3.9015666369065416,73,10,0,6,1,5,5,asynchronous
n010_002.bnet,sd_mc,0,5,25.6,19.043108989868223,12,10,0,7,0,1,1,asynchronous
n010_002.bnet,null_mc,0,2,64.0,63.0,3,10,0,7,0,1,1,asynchronous
n010_002.bnet,random_mc,0,5,25.6,13.35065541462291,20,10,0,7,0,1,1,asynchronous
n010_002.bnet,random_mc,1,5,25.6,12.642784503423286,21,10,0,7,0,1,1,asynchronous
n010_002.bnet,random_mc,2,5,25.6,12.41933975700802,21,10,0,7,0,1,1,asynchronous
n010_002.bnet,random_mc,3,5,25.6,13.35065541462291,21,10,0,7,0,1,1,asynchronous
n010_002.bnet,random_mc,4,5,25.6,13.836184445142381,19,10,0,7,0,1,1,asynchronous
n010_002.bnet,random_mc,5,5,25.6,13.078226179417452,20,10,0,7,0,1,1,asynchronous
n010_002.bnet,random_mc,6,5,25.6,13.484806264830059,20,10,0,7,0,1,1,asynchronous
n010_002.bnet,random_mc,7,5,25.6,12.563439019631527,21,10,0,7,0,1,1,asynchronous
n010_002.bnet,random_mc,8,5,25.6,12.547509713086498,21,10,0,7,0,1,1,asynchronous
n010_002.bnet,random_mc,9,5,25.6,13.74918179383777,21,10,0,7,0,1,1,asynchronous
n010_002.bnet,random_mc,10,5,25.6,13.632314550361578,21,10,0,7,0,1,1,asynchronous
n010_002.bnet,random_mc,11,5,25.6,13.734627770711517,20,10,0,7,0,1,1,asynchronous
n010_002.bnet,random_mc,12,5,25.6,12.41933975700802,20,10,0,7,0,1,1,asynchronous
n010_002.bnet,random_mc,13,5,25.6,14.249210504445502,20,10,0,7,0,1,1,asynchronous
n010_002.bnet,random_mc,14,5,25.6,13.093509842666327,21,10,0,7,0,1,1,asynchronous
n010_002.bnet,random_mc,15,5,25.6,13.032267646115928,20,10,0,7,0,1,1,asynchronous
n010_002.bnet,random_mc,16,5,25.6,13.016912076218384,21,10,0,7,0,1,1,asynchronous
n010_002.bnet,random_mc,17,5,25.6,12.92439553712281,21,10,0,7,0,1,1,asynchronous
n010_002.bnet,random_mc,18,5,25.6,13.92264342716569,21,10,0,7,0,1,1,asynchronous
n010_002.bnet,random_mc,19,5,25.6,12.97073629367277,20,10,0,7,0,1,1,asynchronous
n010_002.bnet,random_mc,20,5,25.6,13.690872872099865,19,10,0,7,0,1,1,asynchronous
n010_002.bnet,random_mc,21,5,25.6,12.97073629367277,19,10,0,7,0,1,1,asynchronous
n010_002.bnet,random_mc,22,5,25.6,12.92439553712281,20,10,0,7,0,1,1,asynchronous
n010_002.bnet,random_mc,23,5,25.6,12.611106216347558,21,10,0,7,0,1,1,asynchronous
n010_002.bnet,random_mc,24,5,25.6,12.403225386970924,21,10,0,7,0,1,1,asynchronous
n010_002.bnet,random_mc,25,5,25.6,12.611106216347558,19,10,0,7,0,1,1,asynchronous
n010_002.bnet,random_mc,26,5,25.6,14.458215657542254,21,10,0,7,0,1,1,asynchronous
n010_002.bnet,random_mc,27,5,25.6,12.483589227461788,21,10,0,7,0,1,1,asynchronous
n010_002.bnet,random_mc,28,5,25.6,14.305243793798134,19,10,0,7,0,1,1,asynchronous
n010_002.bnet,random_mc,29,5,25.6,12.515590277729613,20,10,0,7,0,1,1,asynchronous
n010_003.bnet,sd_mc,0,3,341.3333333333333,319.02176867557,6,10,0,10,0,1,1,asynchronous
n010_003.bnet,null_mc,0,2,512.0,511.0,3,10,0,10,0,1,1,asynchronous
n010_003.bnet,random_mc,0,3,341.3333333333333,240.66066474510444,7,10,0,10,0,1,1,asynchronous
n010_003.bnet,random_mc,1,3,341.3333333333333,240.86833655662497,7,10,0,10,0,1,1,asynchronous
n010_003.bnet,random_mc,2,3,341.3333333333333,240.66066474510444,7,10,0,10,0,1,1,asynchronous
n010_003.bnet,random_mc,3,3,341.3333333333333,240.68005502926266,7,10,0,10,0,1,1,asynchronous
n010_003.bnet,random_mc,4,3,341.3333333333333,240.72990858821197,7,10,0,10,0,1,1,asynchronous
n010_003.bnet,random_mc,5,3,341.3333333333333,240.65512437695753,7,10,0,10,0,1,1,asynchronous
n010_003.bnet,random_mc,6,3,341.3333333333333,241.23340472570453,7,10,0,10,0,1,1,asynchronous
n010_003.bnet,random_mc,7,3,341.3333333333333,240.94305459082145,7,10,0,10,0,1,1,asynchronous
n010_003.bnet,random_mc,8,3,341.3333333333333,240.80466957450992,7,10,0,10,0,1,1,asynchronous
n010_003.bnet,random_mc,9,3,341.3333333333333,242.49032053992497,7,10,0,10,0,1,1,asynchronous
n010_003.bnet,random_mc,10,3,341.3333333333333,240.6939042758573,7,10,0,10,0,1,1,asynchronous
n010_003.bnet,random_mc,11,3,341.3333333333333,240.6939042758573,7,10,0,10,0,1,1,asynchronous
n010_003.bnet,random_mc,12,3,341.3333333333333,240.86833655662497,7,10,0,10,0,1,1,asynchronous
n010_003.bnet,random_mc,13,3,341.3333333333333,240.7520624118422,7,10,0,10,0,1,1,asynchronous
n010_003.bnet,random_mc,14,3,341.3333333333333,240.68005502926266,7,10,0,10,0,1,1,asynchronous
n010_003.bnet,random_mc,15,3,341.3333333333333,240.71052231997578,7,10,0,10,0,1,1,asynchronous
n010_003.bnet,random_mc,16,3,341.3333333333333,240.71052231997578,7,10,0,10,0,1,1,asynchronous
n010_003.bnet,random_mc,17,3,341.3333333333333,240.83512110063091,7,10,0,10,0,1,1,asynchronous
n010_003.bnet,random_mc,18,3,341.3333333333333,240.83512110063091,7,10,0,10,0,1,1,asynchronous
n010_003.bnet,random_mc,19,3,341.3333333333333,242.29504511832036,7,10,0,10,0,1,1,asynchronous
n010_003.bnet,random_mc,20,3,341.3333333333333,241.69723944545905,7,10,0,10,0,1,1,asynchronous
n010_003.bnet,random_mc,21,3,341.3333333333333,240.65235414505207,7,10,0,10,0,1,1,asynchronous
n010_003.bnet,random_mc,22,3,341.3333333333333,240.98455459957503,7,10,0,10,0,1,1,asynchronous
n010_003.bnet,random_mc,23,3,341.3333333333333,241.07582947188124,7,10,0,10,0,1,1,asynchronous
n010_003.bnet,random_mc,24,3,341.3333333333333,240.98455459957503,7,10,0,10,0,1,1,asynchronous
n010_003.bnet,random_mc,25,3,341.3333333333333,240.83512110063091,7,10,0,10,0,1,1,asynchronous
n010_003.bnet,random_mc,26,3,341.3333333333333,240.7520624118422,7,10,0,10,0,1,1,asynchronous
n010_003.bnet,random_mc,27,3,341.3333333333333,240.80466957450992,7,10,0,10,0,1,1,asynchronous
n010_003.bnet,random_mc,28,3,341.3333333333333,240.77698302694043,7,10,0,10,0,1,1,asynchronous
n010_003.bnet,random_mc,29,3,341.3333333333333,240.6939042758573,7,10,0,10,0,1,1,asynchronous
n010_004.bnet,sd_mc,0,29,17.655172413793103,41.2279415312153,123,10,0,9,0,4,4,asynchronous
n010_004.bnet,null_mc,0,5,102.4,202.79999999999998,9,10,0,9,0,4,4,asynchronous
n010_004.bnet,random_mc,0,29,17.655172413793103,7.715974750450122,633,10,0,9,0,4,4,asynchronous
n010_004.bnet,random_mc,1,29,17.655172413793103,7.791577513102676,628,10,0,9,0,4,4,asynchronous
n010_004.bnet,random_mc,2,29,17.655172413793103,7.953640944914367,623,10,0,9,0,4,4,asynchronous
n010_004.bnet,random_mc,3,29,17.655172413793103,8.289069920243602,610,10,0,9,0,4,4,asynchronous
n010_004.bnet,random_mc,4,29,17.655172413793103,8.005497516551664,628,10,0,9,0,4,4,asynchronous
n010_004.bnet,random_mc,5,29,17.655172413793103,8.305693361282536,627,10,0,9,0,4,4,asynchronous
n010_004.bnet,random_mc,6,29,17.655172413793103,7.502991872529184,627,10,0,9,0,4,4,asynchronous
n010_004.bnet,random_mc,7,29,17.655172413793103,7.557941071888266,626,10,0,9,0,4,4,asynchronous
n010_004.bnet,random_mc,8,29,17.655172413793103,8.188620624311165,619,10,0,9,0,4,4,asynchronous
n010_004.bnet,random_mc,9,29,17.655172413793103,7.804843156297981,632,10,0,9,0,4,4,asynchronous
n010_004.bnet,random_mc,10,29,17.655172413793103,8.213848113542301,620,10,0,9,0,4,4,asynchronous
n010_004.bnet,random_mc,11,29,17.655172413793103,8.184408482697622,627,10,0,9,0,4,4,asynchronous
n010_004.bnet,random_mc,12,29,17.655172413793103,7.80484315629798,627,10,0,9,0,4,4,asynchronous
n010_004.bnet,random_mc,13,29,17.655172413793103,7.73828753250942,630,10,0,9,0,4,4,asynchronous
n010_004.bnet,random_mc,14,29,17.655172413793103,7.791577513102675,632,10,0,9,0,4,4,asynchronous
n010_004.bnet,random_mc,15,29,17.655172413793103,8.230623481930635,623,10,0,9,0,4,4,asynchronous
n010_004.bnet,random_mc,16,29,17.655172413793103,7.79600190225276,617,10,0,9,0,4,4,asynchronous
n010_004.bnet,random_mc,17,29,17.655172413793103,7.813674406378484,627,10,0,9,0,4,4,asynchronous
n010_004.bnet,random_mc,18,29,17.655172413793103,8.213848113542301,611,10,0,9,0,4,4,asynchronous
n010_004.bnet,random_mc,19,29,17.655172413793103,7.897078735613593,631,10,0,9,0,4,4,asynchronous
n010_004.bnet,random_mc,20,29,17.655172413793103,7.653152886765331,637,10,0,9,0,4,4,asynchronous
n010_004.bnet,random_mc,21,29,17.655172413793103,7.598892215402713,635,10,0,9,0,4,4,asynchronous
n010_004.bnet,random_mc,22,29,17.655172413793103,7.452265853388741,635,10,0,9,0,4,4,asynchronous
n010_004.bnet,random_mc,23,29,17.655172413793103,7.875215868169804,618,10,0,9,0,4,4,asynchronous
n010_004.bnet,random_mc,24,29,17.655172413793103,7.910167451337837,624,10,0,9,0,4,4,asynchronous
n010_004.bnet,random_mc,25,29,17.655172413793103,7.996878106675886,614,10,0,9,0,4,4,asynchronous
n010_004.bnet,random_mc,26,29,17.655172413793103,7.787150610168388,623,10,0,9,0,4,4,asynchronous
n010_004.bnet,random_mc,27,29,17.655172413793103,7.330972848217893,633,10,0,9,0,4,4,asynchronous
n010_004.bnet,random_mc,28,29,17.655172413793103,7.525936129508801,628,10,0,9,0,4,4,asynchronous
n010_004.bnet,random_mc,29,29,17.655172413793103,7.787150610168388,621,10,0,9,0,4,4,asynchronous
n010_005.bnet,sd_mc,0,1,64.0,0.0,1,10,0,6,0,1,1,asynchronous
n010_005.bnet,null_mc,0,1,64.0,0.0,1,10,0,6,0,1,1,asynchronous
n010_005.bnet,random_mc,0,1,64.0,0.0,1,10,0,6,0,1,1,asynchronous
n010_005.bnet,random_mc,1,1,64.0,0.0,1,10,0,6,0,1,1,asynchronous
n010_005.bnet,random_mc,2,1,64.0,0.0,1,10,0,6,0,1,1,asynchronous
n010_005.bnet,random_mc,3,1,64.0,0.0,1,10,0,6,0,1,1,asynchronous
n010_005.bnet,random_mc,4,1,64.0,0.0,1,10,0,6,0,1,1,asynchronous
n010_005.bnet,random_mc,5,1,64.0,0.0,1,10,0,6,0,1,1,asynchronous
n010_005.bnet,random_mc,6,1,64.0,0.0,1,10,0,6,0,1,1,asynchronous
n010_005.bnet,random_mc,7,1,64.0,0.0,1,10,0,6,0,1,1,asynchronous
n010_005.bnet,random_mc,8,1,64.0,0.0,1,10,0,6,0,1,1,asynchronous
n010_005.bnet,random_mc,9,1,64.0,0.0,1,10,0,6,0,1,1,asynchronous
n010_005.bnet,random_mc,10,1,64.0,0.0,1,10,0,6,0,1,1,asynchronous
n010_005.bnet,random_mc,11,1,64.0,0.0,1,10,0,6,0,1,1,asynchronous
n010_005.bnet,random_mc,12,1,64.0,0.0,1,10,0,6,0,1,1,asynchronous
n010_005.bnet,random_mc,13,1,64.0,0.0,1,10,0,6,0,1,1,asynchronous
n010_005.bnet,random_mc,14,1,64.0,0.0,1,10,0,6,0,1,1,asynchronous
n010_005.bnet,random_mc,15,1,64.0,0.0,1,10,0,6,0,1,1,asynchronous
n010_005.bnet,random_mc,16,1,64.0,0.0,1,10,0,6,0,1,1,asynchronous
n010_005.bnet,random_mc,17,1,64.0,0.0,1,10,0,6,0,1,1,asynchronous
n010_005.bnet,random_mc,18,1,64.0,0.0,1,10,0,6,0,1,1,asynchronous
n010_005.bnet,random_mc,19,1,64.0,0.0,1,10,0,6,0,1,1,asynchronous
n010_005.bnet,random_mc,20,1,64.0,0.0,1,10,0,6,0,1,1,asynchronous
n010_005.bnet,random_mc,21,1,64.0,0.0,1,10,0,6,0,1,1,asynchronous
n010_005.bnet,random_mc,22,1,64.0,0.0,1,10,0,6,0,1,1,asynchronous
n010_005.bnet,random_mc,23,1,64.0,0.0,1,10,0,6,0,1,1,asynchronous
n010_005.bnet,random_mc,24,1,64.0,0.0,1,10,0,6,0,1,1,asynchronous
n010_005.bnet,random_mc,25,1,64.0,0.0,1,10,0,6,0,1,1,asynchronous
n010_005.bnet,random_mc,26,1,64.0,0.0,1,10,0,6,0,1,1,asynchronous
n010_005.bnet,random_mc,27,1,64.0,0.0,1,10,0,6,0,1,1,asynchronous
n010_005.bnet,random_mc,28,1,64.0,0.0,1,10,0,6,0,1,1,asynchronous
n010_005.bnet,random_mc,29,1,64.0,0.0,1,10,0,6,0,1,1,asynchronous
n010_006.bnet,sd_mc,0,20,51.2,71.05181208104408,80,10,0,10,0,2,2,asynchronous
n010_006.bnet,null_mc,0,3,341.3333333333333,481.3040157276434,5,10,0,10,0,2,2,asynchronous
n010_006.bnet,random_mc,0,20,51.2,17.92093747547823,341,10,0,10,0,2,2,asynchronous
n010_006.bnet,random_mc,1,20,51.2,18.21428011204396,341,10,0,10,0,2,2,asynchronous
n010_006.bnet,random_mc,2,20,51.2,17.81740721878467,339,10,0,10,0,2,2,asynchronous
n010_006.bnet,random_mc,3,20,51.2,17.494570586327637,341,10,0,10,0,2,2,asynchronous
n010_006.bnet,random_mc,4,20,51.2,18.42172630347113,343,10,0,10,0,2,2,asynchronous
n010_006.bnet,random_mc,5,20,51.2,18.645642922677673,340,10,0,10,0,2,2,asynchronous
n010_006.bnet,random_mc,6,20,51.2,18.570406565285534,341,10,0,10,0,2,2,asynchronous
n010_006.bnet,random_mc,7,20,51.2,18.22525719983123,340,10,0,10,0,2,2,asynchronous
n010_006.bnet,random_mc,8,20,51.2,18.173056980046038,341,10,0,10,0,2,2,asynchronous
n010_006.bnet,random_mc,9,20,51.2,18.115186998758805,340,10,0,10,0,2,2,asynchronous
n010_006.bnet,random_mc,10,20,51.2,19.21874085365636,341,10,0,10,0,2,2,asynchronous
n010_006.bnet,random_mc,11,20,51.2,18.20054944225586,340,10,0,10,0,2,2,asynchronous
n010_006.bnet,random_mc,12,20,51.2,17.434448657758008,339,10,0,10,0,2,2,asynchronous
n010_006.bnet,random_mc,13,20,51.2,17.996110690924304,341,10,0,10,0,2,2,asynchronous
n010_006.bnet,random_mc,14,20,51.2,18.337393489806562,340,10,0,10,0,2,2,asynchronous
n010_006.bnet,random_mc,15,20,51.2,18.451558199783562,342,10,0,10,0,2,2,asynchronous
n010_006.bnet,random_mc,16,20,51.2,18.37552720332127,340,10,0,10,0,2,2,asynchronous
n010_006.bnet,random_mc,17,20,51.2,18.001666589513317,341,10,0,10,0,2,2,asynchronous
n010_006.bnet,random_mc,18,20,51.2,17.971087891388212,342,10,0,10,0,2,2,asynchronous
n010_006.bnet,random_mc,19,20,51.2,19.156200040717888,342,10,0,10,0,2,2,asynchronous
n010_006.bnet,random_mc,20,20,51.2,18.59193373482167,341,10,0,10,0,2,2,asynchronous
n010_006.bnet,random_mc,21,20,51.2,18.293714767646293,340,10,0,10,0,2,2,asynchronous
n010_006.bnet,random_mc,22,20,51.2,18.258148865643527,340,10,0,10,0,2,2,asynchronous
n010_006.bnet,random_mc,23,20,51.2,17.77245059073171,338,10,0,10,0,2,2,asynchronous
n010_006.bnet,random_mc,24,20,51.2,18.22800043888523,338,10,0,10,0,2,2,asynchronous
n010_006.bnet,random_mc,25,20,51.2,17.628386199536248,341,10,0,10,0,2,2,asynchronous
n010_006.bnet,random_mc,26,20,51.2,18.222513547806738,340,10,0,10,0,2,2,asynchronous
n010_006.bnet,random_mc,27,20,51.2,18.164801127455263,340,10,0,10,0,2,2,asynchronous
n010_006.bnet,random_mc,28,20,51.2,17.859451279364663,342,10,0,10,0,2,2,asynchronous
n010_006.bnet,random_mc,29,20,51.2,18.554244797350282,339,10,0,10,0,2,2,asynchronous
n010_007.bnet,sd_mc,0,19,26.94736842105263,22.23670196156399,69,10,0,9,0,2,2,asynchronous
n010_007.bnet,null_mc,0,3,170.66666666666666,239.94490108263514,5,10,0,9,0,2,2,asynchronous
n010_007.bnet,random_mc,0,19,26.94736842105263,10.409882370590413,303,10,0,9,0,2,2,asynchronous
n010_007.bnet,random_mc,1,19,26.94736842105263,9.960309043031094,301,10,0,9,0,2,2,asynchronous
n010_007.bnet,random_mc,2,19,26.94736842105263,10.148755091975444,303,10,0,9,0,2,2,asynchronous
n010_007.bnet,random_mc,3,19,26.94736842105263,10.338857130215253,305,10,0,9,0,2,2,asynchronous
n010_007.bnet,random_mc,4,19,26.94736842105263,10.127989794886178,303,10,0,9,0,2,2,asynchronous
n010_007.bnet,random_mc,5,19,26.94736842105263,11.18962717129963,304,10,0,9,0,2,2,asynchronous
n010_007.bnet,random_mc,6,19,26.94736842105263,10.575411820825485,301,10,0,9,0,2,2,asynchronous
n010_007.bnet,random_mc,7,19,26.94736842105263,9.912637782731414,303,10,0,9,0,2,2,asynchronous
n010_007.bnet,random_mc,8,19,26.94736842105263,10.38457197866409,302,10,0,9,0,2,2,asynchronous
n010_007.bnet,random_mc,9,19,26.94736842105263,10.060206570080307,301,10,0,9,0,2,2,asynchronous
n010_007.bnet,random_mc,10,19,26.94736842105263,10.913408865922335,304,10,0,9,0,2,2,asynchronous
n010_007.bnet,random_mc,11,19,26.94736842105263,11.066657766797698,302,10,0,9,0,2,2,asynchronous
n010_007.bnet,random_mc,12,19,26.94736842105263,9.643507137805079,303,10,0,9,0,2,2,asynchronous
n010_007.bnet,random_mc,13,19,26.94736842105263,10.66955177971668,302,10,0,9,0,2,2,asynchronous
n010_007.bnet,random_mc,14,19,26.94736842105263,9.949735168178975,302,10,0,9,0,2,2,asynchronous
n010_007.bnet,random_mc,15,19,26.94736842105263,10.7726441274111,304,10,0,9,0,2,2,asynchronous
n010_007.bnet,random_mc,16,19,26.94736842105263,10.455286671850835,300,10,0,9,0,2,2,asynchronous
n010_007.bnet,random_mc,17,19,26.94736842105263,9.75744619419892,302,10,0,9,0,2,2,asynchronous
n010_007.bnet,random_mc,18,19,26.94736842105263,10.560470903627886,302,10,0,9,0,2,2,asynchronous
n010_007.bnet,random_mc,19,19,26.94736842105263,10.369356089284,302,10,0,9,0,2,2,asynchronous
n010_007.bnet,random_mc,20,19,26.94736842105263,10.845681576750533,305,10,0,9,0,2,2,asynchronous
n010_007.bnet,random_mc,21,19,26.94736842105263,9.997229533123171,306,10,0,9,0,2,2,asynchronous
n010_007.bnet,random_mc,22,19,26.94736842105263,9.912637782731414,303,10,0,9,0,2,2,asynchronous
n010_007.bnet,random_mc,23,19,26.94736842105263,10.328670797504067,305,10,0,9,0,2,2,asynchronous
n010_007.bnet,random_mc,24,19,26.94736842105263,10.318474408914518,302,10,0,9,0,2,2,asynchronous
n010_007.bnet,random_mc,25,19,26.94736842105263,10.14356775296556,303,10,0,9,0,2,2,asynchronous
n010_007.bnet,random_mc,26,19,26.94736842105263,10.38963898977968,303,10,0,9,0,2,2,asynchronous
n010_007.bnet,random_mc,27,19,26.94736842105263,9.827317909038994,302,10,0,9,0,2,2,asynchronous
n010_007.bnet,random_mc,28,19,26.94736842105263,9.85939938498725,304,10,0,9,0,2,2,asynchronous
n010_007.bnet,random_mc,29,19,26.94736842105263,10.87475920706451,305,10,0,9,0,2,2,asynchronous
n010_008.bnet,sd_mc,0,6,42.666666666666664,39.655460601984636,14,10,0,8,0,3,3,asynchronous
n010_008.bnet,null_mc,0,4,64.0,92.09505958519165,7,10,0,8,0,3,3,asynchronous
n010_008.bnet,random_mc,0,6,42.666666666666664,33.45976024354562,20,10,0,8,0,3,3,asynchronous
n010_008.bnet,random_mc,1,6,42.666666666666664,33.02860712910687,21,10,0,8,0,3,3,asynchronous
n010_008.bnet,random_mc,2,6,42.666666666666664,33.14949304120485,20,10,0,8,0,3,3,asynchronous
n010_008.bnet,random_mc,3,6,42.666666666666664,33.86574801903671,21,10,0,8,0,3,3,asynchronous
n010_008.bnet,random_mc,4,6,42.666666666666664,34.20363853289426,20,10,0,8,0,3,3,asynchronous
n010_008.bnet,random_mc,5,6,42.666666666666664,33.32999983331666,21,10,0,8,0,3,3,asynchronous
n010_008.bnet,random_mc,6,6,42.666666666666664,33.62869145371091,21,10,0,8,0,3,3,asynchronous
n010_008.bnet,random_mc,7,6,42.666666666666664,33.134406421254766,21,10,0,8,0,3,3,asynchronous
n010_008.bnet,random_mc,8,6,42.666666666666664,33.414900202687356,20,10,0,8,0,3,3,asynchronous
n010_008.bnet,random_mc,9,6,42.666666666666664,33.61381990921129,20,10,0,8,0,3,3,asynchronous
n010_008.bnet,random_mc,10,6,42.666666666666664,33.71283962462307,21,10,0,8,0,3,3,asynchronous
n010_008.bnet,random_mc,11,6,42.666666666666664,33.83620677453205,21,10,0,8,0,3,3,asynchronous
n010_008.bnet,random_mc,12,6,42.666666666666664,33.053828152810915,20,10,0,8,0,3,3,asynchronous
n010_008.bnet,random_mc,13,6,42.666666666666664,33.14949304120485,21,10,0,8,0,3,3,asynchronous
n010_008.bnet,random_mc,14,6,42.666666666666664,33.47967874530592,21,10,0,8,0,3,3,asynchronous
n010_008.bnet,random_mc,15,6,42.666666666666664,33.369979855486214,20,10,0,8,0,3,3,asynchronous
n010_008.bnet,random_mc,16,6,42.666666666666664,33.45976024354562,21,10,0,8,0,3,3,asynchronous
n010_008.bnet,random_mc,17,6,42.666666666666664,33.09917756615042,21,10,0,8,0,3,3,asynchronous
n010_008.bnet,random_mc,18,6,42.666666666666664,33.17964570167814,21,10,0,8,0,3,3,asynchronous
n010_008.bnet,random_mc,19,6,42.666666666666664,33.32999983331666,20,10,0,8,0,3,3,asynchronous
n010_008.bnet,random_mc,20,6,42.666666666666664,33.95421754199158,21,10,0,8,0,3,3,asynchronous
n010_008.bnet,random_mc,21,6,42.666666666666664,33.32999983331666,21,10,0,8,0,3,3,asynchronous
n010_008.bnet,random_mc,22,6,42.666666666666664,33.32999983331666,21,10,0,8,0,3,3,asynchronous
n010_008.bnet,random_mc,23,6,42.666666666666664,33.089105289942324,21,10,0,8,0,3,3,asynchronous
n010_008.bnet,random_mc,24,6,42.666666666666664,33.14949304120485,21,10,0,8,0,3,3,asynchronous
n010_008.bnet,random_mc,25,6,42.666666666666664,33.00841643513902,21,10,0,8,0,3,3,asynchronous
n010_008.bnet,random_mc,26,6,42.666666666666664,34.649033977234566,20,10,0,8,0,3,3,asynchronous
n010_008.bnet,random_mc,27,6,42.666666666666664,33.174622161458835,21,10,0,8,0,3,3,asynchronous
n010_008.bnet,random_mc,28,6,42.666666666666664,33.23485452887609,20,10,0,8,0,3,3,asynchronous
n010_008.bnet,random_mc,29,6,42.666666666666664,33.209770985191824,21,10,0,8,0,3,3,asynchronous
n010_009.bnet,sd_mc,0,4,64.0,56.50221234606659,8,10,0,8,0,2,2,asynchronous
n010_009.bnet,null_mc,0,3,85.33333333333333,59.63406930792349,5,10,0,8,0,2,2,asynchronous
n010_009.bnet,random_mc,0,4,64.0,45.21614755814564,10,10,0,8,0,2,2,asynchronous
n010_009.bnet,random_mc,1,4,64.0,44.93884733724264,10,10,0,8,0,2,2,asynchronous
n010_009.bnet,random_mc,2,4,64.0,44.90545623863541,10,10,0,8,0,2,2,asynchronous
n010_009.bnet,random_mc,3,4,64.0,45.403744338985966,10,10,0,8,0,2,2,asynchronous
n010_009.bnet,random_mc,4,4,64.0,44.90545623863541,10,10,0,8,0,2,2,asynchronous
n010_009.bnet,random_mc,5,4,64.0,44.93884733724264,10,10,0,8,0,2,2,asynchronous
n010_009.bnet,random_mc,6,4,64.0,45.63441683641854,10,10,0,8,0,2,2,asynchronous
n010_009.bnet,random_mc,7,4,64.0,44.91658936295141,10,10,0,8,0,2,2,asynchronous
n010_009.bnet,random_mc,8,4,64.0,44.972213643537714,10,10,0,8,0,2,2,asynchronous
n010_009.bnet,random_mc,9,4,64.0,45.765707685995636,10,10,0,8,0,2,2,asynchronous
n010_009.bnet,random_mc,10,4,64.0,45.0166635813895,10,10,0,8,0,2,2,asynchronous
n010_009.bnet,random_mc,11,4,64.0,45.304525160297175,10,10,0,8,0,2,2,asynchronous
n010_009.bnet,random_mc,12,4,64.0,44.93884733724264,10,10,0,8,0,2,2,asynchronous
n010_009.bnet,random_mc,13,4,64.0,44.93884733724264,10,10,0,8,0,2,2,asynchronous
n010_009.bnet,random_mc,14,4,64.0,45.21614755814564,10,10,0,8,0,2,2,asynchronous
n010_009.bnet,random_mc,15,4,64.0,45.21614755814564,10,10,0,8,0,2,2,asynchronous
n010_009.bnet,random_mc,16,4,64.0,44.90545623863541,10,10,0,8,0,2,2,asynchronous
n010_009.bnet,random_mc,17,4,64.0,44.93884733724264,10,10,0,8,0,2,2,asynchronous
n010_009.bnet,random_mc,18,4,64.0,44.972213643537714,10,10,0,8,0,2,2,asynchronous
n010_009.bnet,random_mc,19,4,64.0,44.972213643537714,10,10,0,8,0,2,2,asynchronous
n010_009.bnet,random_mc,20,4,64.0,45.765707685995636,10,10,0,8,0,2,2,asynchronous
n010_009.bnet,random_mc,21,4,64.0,44.93884733724264,10,10,0,8,0,2,2,asynchronous
n010_009.bnet,random_mc,22,4,64.0,45.07216435894775,10,10,0,8,0,2,2,asynchronous
n010_009.bnet,random_mc,23,4,64.0,45.0166635813895,10,10,0,8,0,2,2,asynchronous
n010_009.bnet,random_mc,24,4,64.0,44.93884733724264,10,10,0,8,0,2,2,asynchronous
n010_009.bnet,random_mc,25,4,64.0,44.93884733724264,10,10,0,8,0,2,2,asynchronous
n010_009.bnet,random_mc,26,4,64.0,45.765707685995636,10,10,0,8,0,2,2,asynchronous
n010_009.bnet,random_mc,27,4,64.0,44.90545623863541,10,10,0,8,0,2,2,asynchronous
n010_009.bnet,random_mc,28,4,64.0,45.0166635813895,10,10,0,8,0,2,2,asynchronous
n010_009.bnet,random_mc,29,4,64.0,44.90545623863541,10,10,0,8,0,2,2,asynchronous
n010_011.bnet,sd_mc,0,18,28.444444444444443,19.34259037639829,59,10,0,9,0,3,3,asynchronous
n010_011.bnet,null_mc,0,4,128.0,201.87991480085384,7,10,0,9,0,3,3,asynchronous
n010_011.bnet,random_mc,0,18,28.444444444444443,10.483967772122995,257,10,0,9,0,3,3,asynchronous
n010_011.bnet,random_mc,1,18,28.444444444444443,10.296829189513861,257,10,0,9,0,3,3,asynchronous
n010_011.bnet,random_mc,2,18,28.444444444444443,10.210137784586793,257,10,0,9,0,3,3,asynchronous
n010_011.bnet,random_mc,3,18,28.444444444444443,10.766316930450895,259,10,0,9,0,3,3,asynchronous
n010_011.bnet,random_mc,4,18,28.444444444444443,10.858801971069994,255,10,0,9,0,3,3,asynchronous
n010_011.bnet,random_mc,5,18,28.444444444444443,11.422308689685686,257,10,0,9,0,3,3,asynchronous
n010_011.bnet,random_mc,6,18,28.444444444444443,10.398836592097012,255,10,0,9,0,3,3,asynchronous
n010_011.bnet,random_mc,7,18,28.444444444444443,10.35600857378203,257,10,0,9,0,3,3,asynchronous
n010_011.bnet,random_mc,8,18,28.444444444444443,10.709405120019102,257,10,0,9,0,3,3,asynchronous
n010_011.bnet,random_mc,9,18,28.444444444444443,11.596082778355333,257,10,0,9,0,3,3,asynchronous
n010_011.bnet,random_mc,10,18,28.444444444444443,11.211215724652316,258,10,0,9,0,3,3,asynchronous
n010_011.bnet,random_mc,11,18,28.444444444444443,11.131647687872338,256,10,0,9,0,3,3,asynchronous
n010_011.bnet,random_mc,12,18,28.444444444444443,10.563155159022338,255,10,0,9,0,3,3,asynchronous
n010_011.bnet,random_mc,13,18,28.444444444444443,10.296829189513861,259,10,0,9,0,3,3,asynchronous
n010_011.bnet,random_mc,14,18,28.444444444444443,10.833190882254316,256,10,0,9,0,3,3,asynchronous
n010_011.bnet,random_mc,15,18,28.444444444444443,11.086639718459042,256,10,0,9,0,3,3,asynchronous
n010_011.bnet,random_mc,16,18,28.444444444444443,11.32461538332525,254,10,0,9,0,3,3,asynchronous
n010_011.bnet,random_mc,17,18,28.444444444444443,11.00112227720539,257,10,0,9,0,3,3,asynchronous
n010_011.bnet,random_mc,18,18,28.444444444444443,10.578921506794234,256,10,0,9,0,3,3,asynchronous
n010_011.bnet,random_mc,19,18,28.444444444444443,11.814408445350967,256,10,0,9,0,3,3,asynchronous
n010_011.bnet,random_mc,20,18,28.444444444444443,10.652189249279658,257,10,0,9,0,3,3,asynchronous
n010_011.bnet,random_mc,21,18,28.444444444444443,10.323770963828103,256,10,0,9,0,3,3,asynchronous
n010_011.bnet,random_mc,22,18,28.444444444444443,10.552631173852236,254,10,0,9,0,3,3,asynchronous
n010_011.bnet,random_mc,23,18,28.444444444444443,9.889513088914057,257,10,0,9,0,3,3,asynchronous
n010_011.bnet,random_mc,24,18,28.444444444444443,10.889455767556992,255,10,0,9,0,3,3,asynchronous
n010_011.bnet,random_mc,25,18,28.444444444444443,10.843442576671867,255,10,0,9,0,3,3,asynchronous
n010_011.bnet,random_mc,26,18,28.444444444444443,11.126655792995596,259,10,0,9,0,3,3,asynchronous
n010_011.bnet,random_mc,27,18,28.444444444444443,10.709405120019102,258,10,0,9,0,3,3,asynchronous
n010_011.bnet,random_mc,28,18,28.444444444444443,10.446808243149475,256,10,0,9,0,3,3,asynchronous
n010_011.bnet,random_mc,29,18,28.444444444444443,10.776632241527768,255,10,0,9,0,3,3,asynchronous
n010_012.bnet,sd_mc,0,5,204.8,101.90073601304358,12,10,0,10,0,1,1,asynchronous
n010_012.bnet,null_mc,0,2,512.0,511.0,3,10,0,10,0,1,1,asynchronous
n010_012.bnet,random_mc,0,5,204.8,102.41171807952448,21,10,0,10,0,1,1,asynchronous
n010_012.bnet,random_mc,1,5,204.8,102.17318630638862,21,10,0,10,0,1,1,asynchronous
n010_012.bnet,random_mc,2,5,204.8,102.24167447768058,21,10,0,10,0,1,1,asynchronous
n010_012.bnet,random_mc,3,5,204.8,102.2964320003391,20,10,0,10,0,1,1,asynchronous
n010_012.bnet,random_mc,4,5,204.8,103.07356596140448,20,10,0,10,0,1,1,asynchronous
n010_012.bnet,random_mc,5,5,204.8,102.10073457130463,20,10,0,10,0,1,1,asynchronous
n010_012.bnet,random_mc,6,5,204.8,102.9512505994949,21,10,0,10,0,1,1,asynchronous
n010_012.bnet,random_mc,7,5,204.8,102.22015456846071,21,10,0,10,0,1,1,asynchronous
n010_012.bnet,random_mc,8,5,204.8,102.13990405321516,21,10,0,10,0,1,1,asynchronous
n010_012.bnet,random_mc,9,5,204.8,104.87974065566715,21,10,0,10,0,1,1,asynchronous
n010_012.bnet,random_mc,10,5,204.8,102.9259928297998,21,10,0,10,0,1,1,asynchronous
n010_012.bnet,random_mc,11,5,204.8,102.38242036599839,21,10,0,10,0,1,1,asynchronous
n010_012.bnet,random_mc,12,5,204.8,102.26905690383578,21,10,0,10,0,1,1,asynchronous
n010_012.bnet,random_mc,13,5,204.8,102.74512153868912,21,10,0,10,0,1,1,asynchronous
n010_012.bnet,random_mc,14,5,204.8,101.96156138467084,21,10,0,10,0,1,1,asynchronous
n010_012.bnet,random_mc,15,5,204.8,102.76458533950303,21,10,0,10,0,1,1,asynchronous
n010_012.bnet,random_mc,16,5,204.8,102.31598115641563,21,10,0,10,0,1,1,asynchronous
n010_012.bnet,random_mc,17,5,204.8,102.48199841923459,20,10,0,10,0,1,1,asynchronous
n010_012.bnet,random_mc,18,5,204.8,102.53077586754135,21,10,0,10,0,1,1,asynchronous
n010_012.bnet,random_mc,19,5,204.8,103.59613892418965,21,10,0,10,0,1,1,asynchronous
n010_012.bnet,random_mc,20,5,204.8,103.40290131326103,20,10,0,10,0,1,1,asynchronous
n010_012.bnet,random_mc,21,5,204.8,103.14145626274626,21,10,0,10,0,1,1,asynchronous
n010_012.bnet,random_mc,22,5,204.8,102.37069893284894,21,10,0,10,0,1,1,asynchronous
n010_012.bnet,random_mc,23,5,204.8,102.43710265328671,21,10,0,10,0,1,1,asynchronous
n010_012.bnet,random_mc,24,5,204.8,102.71591892204441,21,10,0,10,0,1,1,asynchronous
n010_012.bnet,random_mc,25,5,204.8,102.51126767336359,20,10,0,10,0,1,1,asynchronous
n010_012.bnet,random_mc,26,5,204.8,102.13011309109571,20,10,0,10,0,1,1,asynchronous
n010_012.bnet,random_mc,27,5,204.8,103.82177035670313,21,10,0,10,0,1,1,asynchronous
n010_012.bnet,random_mc,28,5,204.8,102.67696918004543,21,10,0,10,0,1,1,asynchronous
n010_012.bnet,random_mc,29,5,204.8,102.96679076284741,21,10,0,10,0,1,1,asynchronous
n010_013.bnet,sd_mc,0,7,2.2857142857142856,2.050385727772475,13,10,0,4,1,3,3,asynchronous
n010_013.bnet,null_mc,0,4,4.0,5.196152422706632,7,10,0,4,1,3,3,asynchronous
n010_013.bnet,random_mc,0,7,2.2857142857142856,1.577908716741037,21,10,0,4,1,3,3,asynchronous
n010_013.bnet,random_mc,1,7,2.2857142857142856,1.8294640678379568,21,10,0,4,1,3,3,asynchronous
n010_013.bnet,random_mc,2,7,2.2857142857142856,1.2777531299998797,20,10,0,4,1,3,3,asynchronous
n010_013.bnet,random_mc,3,7,2.2857142857142856,1.4846149779161804,22,10,0,4,1,3,3,asynchronous
n010_013.bnet,random_mc,4,7,2.2857142857142856,1.3850513878332367,21,10,0,4,1,3,3,asynchronous
n010_013.bnet,random_mc,5,7,2.2857142857142856,1.1605769149479943,20,10,0,4,1,3,3,asynchronous
n010_013.bnet,random_mc,6,7,2.2857142857142856,1.2777531299998797,21,10,0,4,1,3,3,asynchronous
n010_013.bnet,random_mc,7,7,2.2857142857142856,1.665986255670086,21,10,0,4,1,3,3,asynchronous
n010_013.bnet,random_mc,8,7,2.2857142857142856,1.749635530559413,21,10,0,4,1,3,3,asynchronous
n010_013.bnet,random_mc,9,7,2.2857142857142856,1.1605769149479943,19,10,0,4,1,3,3,asynchronous
n010_013.bnet,random_mc,10,7,2.2857142857142856,1.4846149779161804,20,10,0,4,1,3,3,asynchronous
n010_013.bnet,random_mc,11,7,2.2857142857142856,1.577908716741037,18,10,0,4,1,3,3,asynchronous
n010_013.bnet,random_mc,12,7,2.2857142857142856,1.2777531299998797,21,10,0,4,1,3,3,asynchronous
n010_013.bnet,random_mc,13,7,2.2857142857142856,2.050385727772475,20,10,0,4,1,3,3,asynchronous
n010_013.bnet,random_mc,14,7,2.2857142857142856,1.577908716741037,16,10,0,4,1,3,3,asynchronous
n010_013.bnet,random_mc,15,7,2.2857142857142856,1.749635530559413,21,10,0,4,1,3,3,asynchronous
n010_013.bnet,random_mc,16,7,2.2857142857142856,1.3850513878332367,21,10,0,4,1,3,3,asynchronous
n010_013.bnet,random_mc,17,7,2.2857142857142856,1.6659862556700857,20,10,0,4,1,3,3,asynchronous
n010_013.bnet,random_mc,18,7,2.2857142857142856,1.577908716741037,21,10,0,4,1,3,3,asynchronous
n010_013.bnet,random_mc,19,7,2.2857142857142856,1.665986255670086,20,10,0,4,1,3,3,asynchronous
n010_013.bnet,random_mc,20,7,2.2857142857142856,1.1605769149479943,21,10,0,4,1,3,3,asynchronous
n010_013.bnet,random_mc,21,7,2.2857142857142856,1.4846149779161804,21,10,0,4,1,3,3,asynchronous
n010_013.bnet,random_mc,22,7,2.2857142857142856,1.577908716741037,23,10,0,4,1,3,3,asynchronous
n010_013.bnet,random_mc,23,7,2.2857142857142856,1.1605769149479943,22,10,0,4,1,3,3,asynchronous
n010_013.bnet,random_mc,24,7,2.2857142857142856,1.749635530559413,18,10,0,4,1,3,3,asynchronous
n010_013.bnet,random_mc,25,7,2.2857142857142856,1.3850513878332367,21,10,0,4,1,3,3,asynchronous
n010_013.bnet,random_mc,26,7,2.2857142857142856,1.4846149779161804,19,10,0,4,1,3,3,asynchronous
n010_013.bnet,random_mc,27,7,2.2857142857142856,1.6659862556700857,22,10,0,4,1,3,3,asynchronous
n010_013.bnet,random_mc,28,7,2.2857142857142856,1.6659862556700857,22,10,0,4,1,3,3,asynchronous
n010_013.bnet,random_mc,29,7,2.2857142857142856,1.577908716741037,23,10,0,4,1,3,3,asynchronous
n010_014.bnet,sd_mc,0,2,4.0,0.0,3,10,0,3,0,1,1,asynchronous
n010_014.bnet,null_mc,0,2,4.0,0.0,3,10,0,3,0,1,1,asynchronous
n010_014.bnet,random_mc,0,2,4.0,0.0,3,10,0,3,0,1,1,asynchronous
n010_014.bnet,random_mc,1,2,4.0,0.0,3,10,0,3,0,1,1,asynchronous
n010_014.bnet,random_mc,2,2,4.0,0.0,3,10,0,3,0,1,1,asynchronous
n010_014.bnet,random_mc,3,2,4.0,0.0,3,10,0,3,0,1,1,asynchronous
n010_014.bnet,random_mc,4,2,4.0,0.0,3,10,0,3,0,1,1,asynchronous
n010_014.bnet,random_mc,5,2,4.0,0.0,3,10,0,3,0,1,1,asynchronous
n010_014.bnet,random_mc,6,2,4.0,0.0,3,10,0,3,0,1,1,asynchronous
n010_014.bnet,random_mc,7,2,4.0,0.0,3,10,0,3,0,1,1,asynchronous
n010_014.bnet,random_mc,8,2,4.0,0.0,3,10,0,3,0,1,1,asynchronous
n010_014.bnet,random_mc,9,2,4.0,0.0,3,10,0,3,0,1,1,asynchronous
n010_014.bnet,random_mc,10,2,4.0,0.0,3,10,0,3,0,1,1,asynchronous
n010_014.bnet,random_mc,11,2,4.0,0.0,3,10,0,3,0,1,1,asynchronous
n010_014.bnet,random_mc,12,2,4.0,0.0,3,10,0,3,0,1,1,asynchronous
n010_014.bnet,random_mc,13,2,4.0,0.0,3,10,0,3,0,1,1,asynchronous
n010_014.bnet,random_mc,14,2,4.0,0.0,3,10,0,3,0,1,1,asynchronous
n010_014.bnet,random_mc,15,2,4.0,0.0,3,10,0,3,0,1,1,asynchronous
n010_014.bnet,random_mc,16,2,4.0,0.0,3,10,0,3,0,1,1,asynchronous
n010_014.bnet,random_mc,17,2,4.0,0.0,3,10,0,3,0,1,1,asynchronous
n010_014.bnet,random_mc,18,2,4.0,0.0,3,10,0,3,0,1,1,asynchronous
n010_014.bnet,random_mc,19,2,4.0,0.0,3,10,0,3,0,1,1,asynchronous
n010_014.bnet,random_mc,20,2,4.0,0.0,3,10,0,3,0,1,1,asynchronous
n010_014.bnet,random_mc,21,2,4.0,0.0,3,10,0,3,0,1,1,asynchronous
n010_014.bnet,random_mc,22,2,4.0,0.0,3,10,0,3,0,1,1,asynchronous
n010_014.bnet,random_mc,23,2,4.0,0.0,3,10,0,3,0,1,1,asynchronous
n010_014.bnet,random_mc,24,2,4.0,0.0,3,10,0,3,0,1,1,asynchronous
n010_014.bnet,random_mc,25,2,4.0,0.0,3,10,0,3,0,1,1,asynchronous
n010_014.bnet,random_mc,26,2,4.0,0.0,3,10,0,3,0,1,1,asynchronous
n010_014.bnet,random_mc,27,2,4.0,0.0,3,10,0,3,0,1,1,asynchronous
n010_014.bnet,random_mc,28,2,4.0,0.0,3,10,0,3,0,1,1,asynchronous
n010_014.bnet,random_mc,29,2,4.0,0.0,3,10,0,3,0,1,1,asynchronous
n010_015.bnet,sd_mc,0,30,34.13333333333333,87.25431539789626,110,10,0,10,0,6,6,asynchronous
n010_015.bnet,null_mc,0,7,146.28571428571428,354.243142603541,13,10,0,10,0,6,6,asynchronous
n010_015.bnet,random_mc,0,30,34.13333333333333,17.235106291778095,634,10,0,10,0,6,6,asynchronous
n010_015.bnet,random_mc,1,30,34.13333333333333,17.17310558855199,637,10,0,10,0,6,6,asynchronous
n010_015.bnet,random_mc,2,30,34.13333333333333,16.796295887949686,632,10,0,10,0,6,6,asynchronous
n010_015.bnet,random_mc,3,30,34.13333333333333,16.932677152640558,639,10,0,10,0,6,6,asynchronous
n010_015.bnet,random_mc,4,30,34.13333333333333,17.98283131829419,635,10,0,10,0,6,6,asynchronous
n010_015.bnet,random_mc,5,30,34.13333333333333,17.66867913066006,629,10,0,10,0,6,6,asynchronous
n010_015.bnet,random_mc,6,30,34.13333333333333,17.356522949280162,636,10,0,10,0,6,6,asynchronous
n010_015.bnet,random_mc,7,30,34.13333333333333,17.50948949062257,632,10,0,10,0,6,6,asynchronous
n010_015.bnet,random_mc,8,30,34.13333333333333,17.415956923337735,636,10,0,10,0,6,6,asynchronous
n010_015.bnet,random_mc,9,30,34.13333333333333,16.952351524854073,635,10,0,10,0,6,6,asynchronous
n010_015.bnet,random_mc,10,30,34.13333333333333,17.486629813152167,642,10,0,10,0,6,6,asynchronous
n010_015.bnet,random_mc,11,30,34.13333333333333,17.262161574444328,634,10,0,10,0,6,6,asynchronous
n010_015.bnet,random_mc,12,30,34.13333333333333,17.49425302460465,640,10,0,10,0,6,6,asynchronous
n010_015.bnet,random_mc,13,30,34.13333333333333,17.325767579597226,635,10,0,10,0,6,6,asynchronous
n010_015.bnet,random_mc,14,30,34.13333333333333,17.356522949280162,635,10,0,10,0,6,6,asynchronous
n010_015.bnet,random_mc,15,30,34.13333333333333,17.446553304943137,635,10,0,10,0,6,6,asynchronous
n010_015.bnet,random_mc,16,30,34.13333333333333,17.486629813152167,636,10,0,10,0,6,6,asynchronous
n010_015.bnet,random_mc,17,30,34.13333333333333,16.98770797436259,636,10,0,10,0,6,6,asynchronous
n010_015.bnet,random_mc,18,30,34.13333333333333,16.93661385545791,632,10,0,10,0,6,6,asynchronous
n010_015.bnet,random_mc,19,30,34.13333333333333,17.298811776792327,636,10,0,10,0,6,6,asynchronous
n010_015.bnet,random_mc,20,30,34.13333333333333,17.417870771774094,640,10,0,10,0,6,6,asynchronous
n010_015.bnet,random_mc,21,30,34.13333333333333,17.028864384398105,632,10,0,10,0,6,6,asynchronous
n010_015.bnet,random_mc,22,30,34.13333333333333,17.10308614126572,630,10,0,10,0,6,6,asynchronous
n010_015.bnet,random_mc,23,30,34.13333333333333,17.415956923337735,637,10,0,10,0,6,6,asynchronous
n010_015.bnet,random_mc,24,30,34.13333333333333,17.381471616510368,633,10,0,10,0,6,6,asynchronous
n010_015.bnet,random_mc,25,30,34.13333333333333,17.134241221081904,631,10,0,10,0,6,6,asynchronous
n010_015.bnet,random_mc,26,30,34.13333333333333,17.163397747014496,630,10,0,10,0,6,6,asynchronous
n010_015.bnet,random_mc,27,30,34.13333333333333,17.182807945411277,628,10,0,10,0,6,6,asynchronous
n010_015.bnet,random_mc,28,30,34.13333333333333,16.91100890610085,635,10,0,10,0,6,6,asynchronous
n010_015.bnet,random_mc,29,30,34.13333333333333,17.61388341306053,633,10,0,10,0,6,6,asynchronous
n010_016.bnet,sd_mc,0,14,36.57142857142857,73.15122719966034,44,10,0,9,0,3,3,asynchronous
n010_016.bnet,null_mc,0,4,128.0,219.9704525612474,7,10,0,9,0,3,3,asynchronous
n010_016.bnet,random_mc,0,14,36.57142857142857,19.09642556573756,143,10,0,9,0,3,3,asynchronous
n010_016.bnet,random_mc,1,14,36.57142857142857,19.047738094866073,142,10,0,9,0,3,3,asynchronous
n010_016.bnet,random_mc,2,14,36.57142857142857,18.980118491705568,143,10,0,9,0,3,3,asynchronous
n010_016.bnet,random_mc,3,14,36.57142857142857,19.64220778147437,143,10,0,9,0,3,3,asynchronous
n010_016.bnet,random_mc,4,14,36.57142857142857,18.840360497439253,141,10,0,9,0,3,3,asynchronous
n010_016.bnet,random_mc,5,14,36.57142857142857,19.95249460133561,142,10,0,9,0,3,3,asynchronous
n010_016.bnet,random_mc,6,14,36.57142857142857,19.100165615266594,144,10,0,9,0,3,3,asynchronous
n010_016.bnet,random_mc,7,14,36.57142857142857,19.529151417868643,142,10,0,9,0,3,3,asynchronous
n010_016.bnet,random_mc,8,14,36.57142857142857,19.137525910085234,142,10,0,9,0,3,3,asynchronous
n010_016.bnet,random_mc,9,14,36.57142857142857,19.71842606626128,143,10,0,9,0,3,3,asynchronous
n010_016.bnet,random_mc,10,14,36.57142857142857,19.830403373587327,142,10,0,9,0,3,3,asynchronous
n010_016.bnet,random_mc,11,14,36.57142857142857,19.477878608874242,141,10,0,9,0,3,3,asynchronous
n010_016.bnet,random_mc,12,14,36.57142857142857,19.278834751814102,145,10,0,9,0,3,3,asynchronous
n010_016.bnet,random_mc,13,14,36.57142857142857,19.31215119227968,143,10,0,9,0,3,3,asynchronous
n010_016.bnet,random_mc,14,14,36.57142857142857,19.488876995112168,141,10,0,9,0,3,3,asynchronous
n010_016.bnet,random_mc,15,14,36.57142857142857,19.477878608874242,142,10,0,9,0,3,3,asynchronous
n010_016.bnet,random_mc,16,14,36.57142857142857,19.826801073706434,146,10,0,9,0,3,3,asynchronous
n010_016.bnet,random_mc,17,14,36.57142857142857,19.371238937124897,142,10,0,9,0,3,3,asynchronous
n010_016.bnet,random_mc,18,14,36.57142857142857,19.558389817285523,143,10,0,9,0,3,3,asynchronous
n010_016.bnet,random_mc,19,14,36.57142857142857,19.664014579626286,141,10,0,9,0,3,3,asynchronous
n010_016.bnet,random_mc,20,14,36.57142857142857,19.71117987957337,140,10,0,9,0,3,3,asynchronous
n010_016.bnet,random_mc,21,14,36.57142857142857,19.08520101961684,143,10,0,9,0,3,3,asynchronous
n010_016.bnet,random_mc,22,14,36.57142857142857,19.070224681103134,142,10,0,9,0,3,3,asynchronous
n010_016.bnet,random_mc,23,14,36.57142857142857,19.223179035864437,144,10,0,9,0,3,3,asynchronous
n010_016.bnet,random_mc,24,14,36.57142857142857,19.685797221471574,142,10,0,9,0,3,3,asynchronous
n010_016.bnet,random_mc,25,14,36.57142857142857,20.130695416681057,142,10,0,9,0,3,3,asynchronous
n010_016.bnet,random_mc,26,14,36.57142857142857,19.22689442909996,142,10,0,9,0,3,3,asynchronous
n010_016.bnet,random_mc,27,14,36.57142857142857,19.13379316330995,142,10,0,9,0,3,3,asynchronous
n010_016.bnet,random_mc,28,14,36.57142857142857,19.338024296020247,142,10,0,9,0,3,3,asynchronous
n010_016.bnet,random_mc,29,14,36.57142857142857,20.265080048885945,142,10,0,9,0,3,3,asynchronous
n010_018.bnet,sd_mc,0,3,42.666666666666664,57.51135153650587,5,10,0,7,0,2,2,asynchronous
n010_018.bnet,null_mc,0,3,42.666666666666664,57.51135153650587,5,10,0,7,0,2,2,asynchronous
n010_018.bnet,random_mc,0,3,42.666666666666664,57.51135153650587,5,10,0,7,0,2,2,asynchronous
n010_018.bnet,random_mc,1,3,42.666666666666664,57.51135153650587,5,10,0,7,0,2,2,asynchronous
n010_018.bnet,random_mc,2,3,42.666666666666664,57.51135153650587,5,10,0,7,0,2,2,asynchronous
n010_018.bnet,random_mc,3,3,42.666666666666664,57.51135153650587,5,10,0,7,0,2,2,asynchronous
n010_018.bnet,random_mc,4,3,42.666666666666664,57.51135153650587,5,10,0,7,0,2,2,asynchronous
n010_018.bnet,random_mc,5,3,42.666666666666664,57.51135153650587,5,10,0,7,0,2,2,asynchronous
n010_018.bnet,random_mc,6,3,42.666666666666664,57.51135153650587,5,10,0,7,0,2,2,asynchronous
n010_018.bnet,random_mc,7,3,42.666666666666664,57.51135153650587,5,10,0,7,0,2,2,asynchronous
n010_018.bnet,random_mc,8,3,42.666666666666664,57.51135153650587,5,10,0,7,0,2,2,asynchronous
n010_018.bnet,random_mc,9,3,42.666666666666664,57.51135153650587,5,10,0,7,0,2,2,asynchronous
n010_018.bnet,random_mc,10,3,42.666666666666664,57.51135153650587,5,10,0,7,0,2,2,asynchronous
n010_018.bnet,random_mc,11,3,42.666666666666664,57.51135153650587,5,10,0,7,0,2,2,asynchronous
n010_018.bnet,random_mc,12,3,42.666666666666664,57.51135153650587,5,10,0,7,0,2,2,asynchronous
n010_018.bnet,random_mc,13,3,42.666666666666664,57.51135153650587,5,10,0,7,0,2,2,asynchronous
n010_018.bnet,random_mc,14,3,42.666666666666664,57.51135153650587,5,10,0,7,0,2,2,asynchronous
n010_018.bnet,random_mc,15,3,42.666666666666664,57.51135153650587,5,10,0,7,0,2,2,asynchronous
n010_018.bnet,random_mc,16,3,42.666666666666664,57.51135153650587,5,10,0,7,0,2,2,asynchronous
n010_018.bnet,random_mc,17,3,42.666666666666664,57.51135153650587,5,10,0,7,0,2,2,asynchronous
n010_018.bnet,random_mc,18,3,42.666666666666664,57.51135153650587,5,10,0,7,0,2,2,asynchronous
n010_018.bnet,random_mc,19,3,42.666666666666664,57.51135153650587,5,10,0,7,0,2,2,asynchronous
n010_018.bnet,random_mc,20,3,42.666666666666664,57.51135153650587,5,10,0,7,0,2,2,asynchronous
n010_018.bnet,random_mc,21,3,42.666666666666664,57.51135153650587,5,10,0,7,0,2,2,asynchronous
n010_018.bnet,random_mc,22,3,42.666666666666664,57.51135153650587,5,10,0,7,0,2,2,asynchronous
n010_018.bnet,random_mc,23,3,42.666666666666664,57.51135153650587,5,10,0,7,0,2,2,asynchronous
n010_018.bnet,random_mc,24,3,42.666666666666664,57.51135153650587,5,10,0,7,0,2,2,asynchronous
n010_018.bnet,random_mc,25,3,42.666666666666664,57.51135153650587,5,10,0,7,0,2,2,asynchronous
n010_018.bnet,random_mc,26,3,42.666666666666664,57.51135153650587,5,10,0,7,0,2,2,asynchronous
n010_018.bnet,random_mc,27,3,42.666666666666664,57.51135153650587,5,10,0,7,0,2,2,asynchronous
n010_018.bnet,random_mc,28,3,42.666666666666664,57.51135153650587,5,10,0,7,0,2,2,asynchronous
n010_018.bnet,random_mc,29,3,42.666666666666664,57.51135153650587,5,10,0,7,0,2,2,asynchronous
n010_019.bnet,sd_mc,0,4,32.0,30.041637771599603,10,10,0,7,0,1,1,asynchronous
n010_019.bnet,null_mc,0,2,64.0,63.0,3,10,0,7,0,1,1,asynchronous
n010_019.bnet,random_mc,0,4,32.0,18.069310999592652,13,10,0,7,0,1,1,asynchronous
n010_019.bnet,random_mc,1,4,32.0,18.12456896039186,12,10,0,7,0,1,1,asynchronous
n010_019.bnet,random_mc,2,4,32.0,19.519221295943137,13,10,0,7,0,1,1,asynchronous
n010_019.bnet,random_mc,3,4,32.0,18.371173070873837,12,10,0,7,0,1,1,asynchronous
n010_019.bnet,random_mc,4,4,32.0,18.57417562100671,12,10,0,7,0,1,1,asynchronous
n010_019.bnet,random_mc,5,4,32.0,18.641351882307248,13,10,0,7,0,1,1,asynchronous
n010_019.bnet,random_mc,6,4,32.0,18.411952639521967,13,10,0,7,0,1,1,asynchronous
n010_019.bnet,random_mc,7,4,32.0,18.179658962697843,13,10,0,7,0,1,1,asynchronous
n010_019.bnet,random_mc,8,4,32.0,18.207141456033124,13,10,0,7,0,1,1,asynchronous
n010_019.bnet,random_mc,9,4,32.0,19.313207915827967,13,10,0,7,0,1,1,asynchronous
n010_019.bnet,random_mc,10,4,32.0,19.58315602756614,12,10,0,7,0,1,1,asynchronous
n010_019.bnet,random_mc,11,4,32.0,18.371173070873837,12,10,0,7,0,1,1,asynchronous
n010_019.bnet,random_mc,12,4,32.0,17.95828499606797,13,10,0,7,0,1,1,asynchronous
n010_019.bnet,random_mc,13,4,32.0,18.479718612576328,12,10,0,7,0,1,1,asynchronous
n010_019.bnet,random_mc,14,4,32.0,18.57417562100671,13,10,0,7,0,1,1,asynchronous
n010_019.bnet,random_mc,15,4,32.0,19.403607911932255,13,10,0,7,0,1,1,asynchronous
n010_019.bnet,random_mc,16,4,32.0,18.138357147217054,13,10,0,7,0,1,1,asynchronous
n010_019.bnet,random_mc,17,4,32.0,18.179658962697843,13,10,0,7,0,1,1,asynchronous
n010_019.bnet,random_mc,18,4,32.0,18.207141456033124,13,10,0,7,0,1,1,asynchronous
n010_019.bnet,random_mc,19,4,32.0,18.506755523321747,13,10,0,7,0,1,1,asynchronous
n010_019.bnet,random_mc,20,4,32.0,18.371173070873837,13,10,0,7,0,1,1,asynchronous
n010_019.bnet,random_mc,21,4,32.0,18.138357147217054,13,10,0,7,0,1,1,asynchronous
n010_019.bnet,random_mc,22,4,32.0,17.95828499606797,13,10,0,7,0,1,1,asynchronous
n010_019.bnet,random_mc,23,4,32.0,18.138357147217054,13,10,0,7,0,1,1,asynchronous
n010_019.bnet,random_mc,24,4,32.0,18.041618552668716,13,10,0,7,0,1,1,asynchronous
n010_019.bnet,random_mc,25,4,32.0,17.95828499606797,12,10,0,7,0,1,1,asynchronous
n010_019.bnet,random_mc,26,4,32.0,19.45507645834372,13,10,0,7,0,1,1,asynchronous
n010_019.bnet,random_mc,27,4,32.0,18.041618552668716,13,10,0,7,0,1,1,asynchronous
n010_019.bnet,random_mc,28,4,32.0,18.261982367749674,13,10,0,7,0,1,1,asynchronous
n010_019.bnet,random_mc,29,4,32.0,17.916472867168917,12,10,0,7,0,1,1,asynchronous
n010_020.bnet,sd_mc,0,5,204.8,397.6060361714847,14,10,0,10,0,1,1,asynchronous
n010_020.bnet,null_mc,0,2,512.0,510.0,3,10,0,10,0,1,1,asynchronous
n010_020.bnet,random_mc,0,5,204.8,101.88110717890731,21,10,0,10,0,1,1,asynchronous
n010_020.bnet,random_mc,1,5,204.8,101.68067663032146,21,10,0,10,0,1,1,asynchronous
n010_020.bnet,random_mc,2,5,204.8,101.72787228680251,21,10,0,10,0,1,1,asynchronous
n010_020.bnet,random_mc,3,5,204.8,101.77897621807757,21,10,0,10,0,1,1,asynchronous
n010_020.bnet,random_mc,4,5,204.8,102.546379750823,21,10,0,10,0,1,1,asynchronous
n010_020.bnet,random_mc,5,5,204.8,101.60984204298323,21,10,0,10,0,1,1,asynchronous
n010_020.bnet,random_mc,6,5,204.8,102.46833657281648,21,10,0,10,0,1,1,asynchronous
n010_020.bnet,random_mc,7,5,204.8,101.72394015176565,21,10,0,10,0,1,1,asynchronous
n010_020.bnet,random_mc,8,5,204.8,101.62165123633841,21,10,0,10,0,1,1,asynchronous
n010_020.bnet,random_mc,9,5,204.8,104.44788174012913,21,10,0,10,0,1,1,asynchronous
n010_020.bnet,random_mc,10,5,204.8,102.44100741402342,21,10,0,10,0,1,1,asynchronous
n010_020.bnet,random_mc,11,5,204.8,101.92036106686436,21,10,0,10,0,1,1,asynchronous
n010_020.bnet,random_mc,12,5,204.8,101.76325466493296,21,10,0,10,0,1,1,asynchronous
n010_020.bnet,random_mc,13,5,204.8,102.24949877627763,21,10,0,10,0,1,1,asynchronous
n010_020.bnet,random_mc,14,5,204.8,101.4739375406316,21,10,0,10,0,1,1,asynchronous
n010_020.bnet,random_mc,15,5,204.8,102.23580586076484,21,10,0,10,0,1,1,asynchronous
n010_020.bnet,random_mc,16,5,204.8,101.81826948048175,21,10,0,10,0,1,1,asynchronous
n010_020.bnet,random_mc,17,5,204.8,102.00078431071009,21,10,0,10,0,1,1,asynchronous
n010_020.bnet,random_mc,18,5,204.8,102.0537113484855,21,10,0,10,0,1,1,asynchronous
n010_020.bnet,random_mc,19,5,204.8,103.08326731337148,21,10,0,10,0,1,1,asynchronous
n010_020.bnet,random_mc,20,5,204.8,102.85212686182042,21,10,0,10,0,1,1,asynchronous
n010_020.bnet,random_mc,21,5,204.8,102.65943697488312,21,10,0,10,0,1,1,asynchronous
n010_020.bnet,random_mc,22,5,204.8,101.86932806296505,21,10,0,10,0,1,1,asynchronous
n010_020.bnet,random_mc,23,5,204.8,101.93998234255291,21,10,0,10,0,1,1,asynchronous
n010_020.bnet,random_mc,24,5,204.8,102.20645772161366,21,10,0,10,0,1,1,asynchronous
n010_020.bnet,random_mc,25,5,204.8,102.01450877203693,21,10,0,10,0,1,1,asynchronous
n010_020.bnet,random_mc,26,5,204.8,101.60590534019173,21,10,0,10,0,1,1,asynchronous
n010_020.bnet,random_mc,27,5,204.8,103.34292428608744,21,10,0,10,0,1,1,asynchronous
n010_020.bnet,random_mc,28,5,204.8,102.21819798842084,21,10,0,10,0,1,1,asynchronous
n010_020.bnet,random_mc,29,5,204.8,102.44881648901563,21,10,0,10,0,1,1,asynchronous
n010_021.bnet,sd_mc,0,1,2.0,0.0,1,10,0,1,0,1,1,asynchronous
n010_021.bnet,null_mc,0,1,2.0,0.0,1,10,0,1,0,1,1,asynchronous
n010_021.bnet,random_mc,0,1,2.0,0.0,1,10,0,1,0,1,1,asynchronous
n010_021.bnet,random_mc,1,1,2.0,0.0,1,10,0,1,0,1,1,asynchronous
n010_021.bnet,random_mc,2,1,2.0,0.0,1,10,0,1,0,1,1,asynchronous
n010_021.bnet,random_mc,3,1,2.0,0.0,1,10,0,1,0,1,1,asynchronous
n010_021.bnet,random_mc,4,1,2.0,0.0,1,10,0,1,0,1,1,asynchronous
n010_021.bnet,random_mc,5,1,2.0,0.0,1,10,0,1,0,1,1,asynchronous
n010_021.bnet,random_mc,6,1,2.0,0.0,1,10,0,1,0,1,1,asynchronous
n010_021.bnet,random_mc,7,1,2.0,0.0,1,10,0,1,0,1,1,asynchronous
n010_021.bnet,random_mc,8,1,2.0,0.0,1,10,0,1,0,1,1,asynchronous
n010_021.bnet,random_mc,9,1,2.0,0.0,1,10,0,1,0,1,1,asynchronous
n010_021.bnet,random_mc,10,1,2.0,0.0,1,10,0,1,0,1,1,asynchronous
n010_021.bnet,random_mc,11,1,2.0,0.0,1,10,0,1,0,1,1,asynchronous
n010_021.bnet,random_mc,12,1,2.0,0.0,1,10,0,1,0,1,1,asynchronous
n010_021.bnet,random_mc,13,1,2.0,0.0,1,10,0,1,0,1,1,asynchronous
n010_021.bnet,random_mc,14,1,2.0,0.0,1,10,0,1,0,1,1,asynchronous
n010_021.bnet,random_mc,15,1,2.0,0.0,1,10,0,1,0,1,1,asynchronous
n010_021.bnet,random_mc,16,1,2.0,0.0,1,10,0,1,0,1,1,asynchronous
n010_021.bnet,random_mc,17,1,2.0,0.0,1,10,0,1,0,1,1,asynchronous
n010_021.bnet,random_mc,18,1,2.0,0.0,1,10,0,1,0,1,1,asynchronous
n010_021.bnet,random_mc,19,1,2.0,0.0,1,10,0,1,0,1,1,asynchronous
n010_021.bnet,random_mc,20,1,2.0,0.0,1,10,0,1,0,1,1,asynchronous
n010_021.bnet,random_mc,21,1,2.0,0.0,1,10,0,1,0,1,1,asynchronous
n010_021.bnet,random_mc,22,1,2.0,0.0,1,10,0,1,0,1,1,asynchronous
n010_021.bnet,random_mc,23,1,2.0,0.0,1,10,0,1,0,1,1,asynchronous
n010_021.bnet,random_mc,24,1,2.0,0.0,1,10,0,1,0,1,1,asynchronous
n010_021.bnet,random_mc,25,1,2.0,0.0,1,10,0,1,0,1,1,asynchronous
n010_021.bnet,random_mc,26,1,2.0,0.0,1,10,0,1,0,1,1,asynchronous
n010_021.bnet,random_mc,27,1,2.0,0.0,1,10,0,1,0,1,1,asynchronous
n010_021.bnet,random_mc,28,1,2.0,0.0,1,10,0,1,0,1,1,asynchronous
n010_021.bnet,random_mc,29,1,2.0,0.0,1,10,0,1,0,1,1,asynchronous
n010_022.bnet,sd_mc,0,9,56.888888888888886,70.78832993029987,28,10,0,9,0,1,1,asynchronous
n010_022.bnet,null_mc,0,2,256.0,255.0,3,10,0,9,0,1,1,asynchronous
n010_022.bnet,random_mc,0,9,56.888888888888886,21.078922829554667,71,10,0,9,0,1,1,asynchronous
n010_022.bnet,random_mc,1,9,56.888888888888886,20.223443186583925,71,10,0,9,0,1,1,asynchronous
n010_022.bnet,random_mc,2,9,56.888888888888886,20.64215990229944,69,10,0,9,0,1,1,asynchronous
n010_022.bnet,random_mc,3,9,56.888888888888886,20.566663665285812,71,10,0,9,0,1,1,asynchronous
n010_022.bnet,random_mc,4,9,56.888888888888886,20.409390237744567,70,10,0,9,0,1,1,asynchronous
n010_022.bnet,random_mc,5,9,56.888888888888886,21.743169780387714,72,10,0,9,0,1,1,asynchronous
n010_022.bnet,random_mc,6,9,56.888888888888886,20.877656554553162,71,10,0,9,0,1,1,asynchronous
n010_022.bnet,random_mc,7,9,56.888888888888886,20.458328618842334,71,10,0,9,0,1,1,asynchronous
n010_022.bnet,random_mc,8,9,56.888888888888886,20.73346433208586,69,10,0,9,0,1,1,asynchronous
n010_022.bnet,random_mc,9,9,56.888888888888886,20.82436844150752,71,10,0,9,0,1,1,asynchronous
n010_022.bnet,random_mc,10,9,56.888888888888886,22.193314531104704,70,10,0,9,0,1,1,asynchronous
n010_022.bnet,random_mc,11,9,56.888888888888886,21.089462584399,71,10,0,9,0,1,1,asynchronous
n010_022.bnet,random_mc,12,9,56.888888888888886,20.706651880465017,71,10,0,9,0,1,1,asynchronous
n010_022.bnet,random_mc,13,9,56.888888888888886,21.37726957122887,70,10,0,9,0,1,1,asynchronous
n010_022.bnet,random_mc,14,9,56.888888888888886,21.02085971624083,71,10,0,9,0,1,1,asynchronous
n010_022.bnet,random_mc,15,9,56.888888888888886,20.829703387467536,71,10,0,9,0,1,1,asynchronous
n010_022.bnet,random_mc,16,9,56.888888888888886,21.226003153597787,70,10,0,9,0,1,1,asynchronous
n010_022.bnet,random_mc,17,9,56.888888888888886,20.354876262319085,69,10,0,9,0,1,1,asynchronous
n010_022.bnet,random_mc,18,9,56.888888888888886,21.37207131044545,70,10,0,9,0,1,1,asynchronous
n010_022.bnet,random_mc,19,9,56.888888888888886,21.640725210914745,70,10,0,9,0,1,1,asynchronous
n010_022.bnet,random_mc,20,9,56.888888888888886,22.017389311604713,70,10,0,9,0,1,1,asynchronous
n010_022.bnet,random_mc,21,9,56.888888888888886,20.98912122687711,70,10,0,9,0,1,1,asynchronous
n010_022.bnet,random_mc,22,9,56.888888888888886,20.53963347311428,71,10,0,9,0,1,1,asynchronous
n010_022.bnet,random_mc,23,9,56.888888888888886,21.004996466155617,70,10,0,9,0,1,1,asynchronous
n010_022.bnet,random_mc,24,9,56.888888888888886,21.743169780387714,71,10,0,9,0,1,1,asynchronous
n010_022.bnet,random_mc,25,9,56.888888888888886,21.16834347397308,71,10,0,9,0,1,1,asynchronous
n010_022.bnet,random_mc,26,9,56.888888888888886,20.845700033257295,71,10,0,9,0,1,1,asynchronous
n010_022.bnet,random_mc,27,9,56.888888888888886,20.76024215468085,70,10,0,9,0,1,1,asynchronous
n010_022.bnet,random_mc,28,9,56.888888888888886,20.39305134622763,70,10,0,9,0,1,1,asynchronous
n010_022.bnet,random_mc,29,9,56.888888888888886,23.306863292670034,70,10,0,9,0,1,1,asynchronous
n010_023.bnet,sd_mc,0,7,73.14285714285714,95.73389990926273,20,10,0,9,0,2,2,asynchronous
n010_023.bnet,null_mc,0,3,170.66666666666666,239.94490108263514,5,10,0,9,0,2,2,asynchronous
n010_023.bnet,random_mc,0,7,73.14285714285714,46.11918897635489,35,10,0,9,0,2,2,asynchronous
n010_023.bnet,random_mc,1,7,73.14285714285714,45.8676000537839,35,10,0,9,0,2,2,asynchronous
n010_023.bnet,random_mc,2,7,73.14285714285714,45.81774008091679,36,10,0,9,0,2,2,asynchronous
n010_023.bnet,random_mc,3,7,73.14285714285714,46.27689510336841,35,10,0,9,0,2,2,asynchronous
n010_023.bnet,random_mc,4,7,73.14285714285714,45.839560492247834,35,10,0,9,0,2,2,asynchronous
n010_023.bnet,random_mc,5,7,73.14285714285714,46.31392438389059,34,10,0,9,0,2,2,asynchronous
n010_023.bnet,random_mc,6,7,73.14285714285714,45.76158267564171,35,10,0,9,0,2,2,asynchronous
n010_023.bnet,random_mc,7,7,73.14285714285714,45.951616080483646,35,10,0,9,0,2,2,asynchronous
n010_023.bnet,random_mc,8,7,73.14285714285714,45.714732140677334,37,10,0,9,0,2,2,asynchronous
n010_023.bnet,random_mc,9,7,73.14285714285714,46.73153897202485,34,10,0,9,0,2,2,asynchronous
n010_023.bnet,random_mc,10,7,73.14285714285714,46.273807992453456,35,10,0,9,0,2,2,asynchronous
n010_023.bnet,random_mc,11,7,73.14285714285714,46.57230498737135,35,10,0,9,0,2,2,asynchronous
n010_023.bnet,random_mc,12,7,73.14285714285714,46.218204735575696,34,10,0,9,0,2,2,asynchronous
n010_023.bnet,random_mc,13,7,73.14285714285714,45.84579298794904,36,10,0,9,0,2,2,asynchronous
n010_023.bnet,random_mc,14,7,73.14285714285714,45.83332714904102,35,10,0,9,0,2,2,asynchronous
n010_023.bnet,random_mc,15,7,73.14285714285714,46.24910368684711,35,10,0,9,0,2,2,asynchronous
n010_023.bnet,random_mc,16,7,73.14285714285714,47.20904444649373,34,10,0,9,0,2,2,asynchronous
n010_023.bnet,random_mc,17,7,73.14285714285714,45.90184736845278,36,10,0,9,0,2,2,asynchronous
n010_023.bnet,random_mc,18,7,73.14285714285714,46.63054967792365,33,10,0,9,0,2,2,asynchronous
n010_023.bnet,random_mc,19,7,73.14285714285714,46.04168475081985,35,10,0,9,0,2,2,asynchronous
n010_023.bnet,random_mc,20,7,73.14285714285714,46.755988375603735,34,10,0,9,0,2,2,asynchronous
n010_023.bnet,random_mc,21,7,73.14285714285714,46.18419201238379,35,10,0,9,0,2,2,asynchronous
n010_023.bnet,random_mc,22,7,73.14285714285714,45.92984890469555,36,10,0,9,0,2,2,asynchronous
n010_023.bnet,random_mc,23,7,73.14285714285714,45.97648023385302,34,10,0,9,0,2,2,asynchronous
n010_023.bnet,random_mc,24,7,73.14285714285714,47.39628849673048,35,10,0,9,0,2,2,asynchronous
n010_023.bnet,random_mc,25,7,73.14285714285714,47.02105477163113,34,10,0,9,0,2,2,asynchronous
n010_023.bnet,random_mc,26,7,73.14285714285714,46.026168244437926,34,10,0,9,0,2,2,asynchronous
n010_023.bnet,random_mc,27,7,73.14285714285714,46.0292719641645,34,10,0,9,0,2,2,asynchronous
n010_023.bnet,random_mc,28,7,73.14285714285714,45.94850711527469,34,10,0,9,0,2,2,asynchronous
n010_023.bnet,random_mc,29,7,73.14285714285714,47.44147845030781,35,10,0,9,0,2,2,asynchronous
n010_024.bnet,sd_mc,0,25,20.48,33.45817687800697,101,10,0,9,0,4,4,asynchronous
n010_024.bnet,null_mc,0,5,102.4,201.3033531762449,9,10,0,9,0,4,4,asynchronous
n010_024.bnet,random_mc,0,25,20.48,9.02050996341116,469,10,0,9,0,4,4,asynchronous
n010_024.bnet,random_mc,1,25,20.48,9.23956708942578,463,10,0,9,0,4,4,asynchronous
n010_024.bnet,random_mc,2,25,20.48,9.243895282833964,466,10,0,9,0,4,4,asynchronous
n010_024.bnet,random_mc,3,25,20.48,9.687600322061186,461,10,0,9,0,4,4,asynchronous
n010_024.bnet,random_mc,4,25,20.48,9.126313604079142,467,10,0,9,0,4,4,asynchronous
n010_024.bnet,random_mc,5,25,20.48,9.984467937752116,470,10,0,9,0,4,4,asynchronous
n010_024.bnet,random_mc,6,25,20.48,9.051497113737595,464,10,0,9,0,4,4,asynchronous
n010_024.bnet,random_mc,7,25,20.48,8.976057040816976,475,10,0,9,0,4,4,asynchronous
n010_024.bnet,random_mc,8,25,20.48,9.835120741505923,465,10,0,9,0,4,4,asynchronous
n010_024.bnet,random_mc,9,25,20.48,9.248221450635793,472,10,0,9,0,4,4,asynchronous
n010_024.bnet,random_mc,10,25,20.48,9.757540673755862,472,10,0,9,0,4,4,asynchronous
n010_024.bnet,random_mc,11,25,20.48,9.65036786863589,470,10,0,9,0,4,4,asynchronous
n010_024.bnet,random_mc,12,25,20.48,9.478902890102843,468,10,0,9,0,4,4,asynchronous
n010_024.bnet,random_mc,13,25,20.48,9.239567089425782,473,10,0,9,0,4,4,asynchronous
n010_024.bnet,random_mc,14,25,20.48,9.287066275202305,468,10,0,9,0,4,4,asynchronous
n010_024.bnet,random_mc,15,25,20.48,9.843251495313934,463,10,0,9,0,4,4,asynchronous
n010_024.bnet,random_mc,16,25,20.48,9.385606000679976,467,10,0,9,0,4,4,asynchronous
n010_024.bnet,random_mc,17,25,20.48,9.060331119777025,470,10,0,9,0,4,4,asynchronous
n010_024.bnet,random_mc,18,25,20.48,9.814764388409943,461,10,0,9,0,4,4,asynchronous
n010_024.bnet,random_mc,19,25,20.48,8.953747818651138,471,10,0,9,0,4,4,asynchronous
n010_024.bnet,random_mc,20,25,20.48,9.675205424175758,468,10,0,9,0,4,4,asynchronous
n010_024.bnet,random_mc,21,25,20.48,9.135075259679036,468,10,0,9,0,4,4,asynchronous
n010_024.bnet,random_mc,22,25,20.48,9.10876500959378,470,10,0,9,0,4,4,asynchronous
n010_024.bnet,random_mc,23,25,20.48,9.436609560642001,472,10,0,9,0,4,4,asynchronous
n010_024.bnet,random_mc,24,25,20.48,9.27413607836331,466,10,0,9,0,4,4,asynchronous
n010_024.bnet,random_mc,25,25,20.48,9.402637927730707,464,10,0,9,0,4,4,asynchronous
n010_024.bnet,random_mc,26,25,20.48,9.2135552312883,462,10,0,9,0,4,4,asynchronous
n010_024.bnet,random_mc,27,25,20.48,9.086781608468424,469,10,0,9,0,4,4,asynchronous
n010_024.bnet,random_mc,28,25,20.48,9.161309950001693,467,10,0,9,0,4,4,asynchronous
n010_024.bnet,random_mc,29,25,20.48,9.51260216765108,465,10,0,9,0,4,4,asynchronous
n010_025.bnet,sd_mc,0,5,51.2,49.92554456388033,12,10,0,8,0,1,1,asynchronous
n010_025.bnet,null_mc,0,2,128.0,127.0,3,10,0,8,0,1,1,asynchronous
n010_025.bnet,random_mc,0,5,51.2,25.833311827948037,21,10,0,8,0,1,1,asynchronous
n010_025.bnet,random_mc,1,5,51.2,25.26974475533934,21,10,0,8,0,1,1,asynchronous
n010_025.bnet,random_mc,2,5,51.2,25.51391777050322,21,10,0,8,0,1,1,asynchronous
n010_025.bnet,random_mc,3,5,51.2,26.255666055158457,21,10,0,8,0,1,1,asynchronous
n010_025.bnet,random_mc,4,5,51.2,25.253910588263356,21,10,0,8,0,1,1,asynchronous
n010_025.bnet,random_mc,5,5,51.2,27.021472942828265,19,10,0,8,0,1,1,asynchronous
n010_025.bnet,random_mc,6,5,51.2,25.39606268695996,21,10,0,8,0,1,1,asynchronous
n010_025.bnet,random_mc,7,5,51.2,25.364542179980305,21,10,0,8,0,1,1,asynchronous
n010_025.bnet,random_mc,8,5,51.2,25.158696309626222,21,10,0,8,0,1,1,asynchronous
n010_025.bnet,random_mc,9,5,51.2,28.631451238105274,20,10,0,8,0,1,1,asynchronous
n010_025.bnet,random_mc,10,5,51.2,26.731255114565798,21,10,0,8,0,1,1,asynchronous
n010_025.bnet,random_mc,11,5,51.2,26.551082840441744,19,10,0,8,0,1,1,asynchronous
n010_025.bnet,random_mc,12,5,51.2,25.701361831622854,21,10,0,8,0,1,1,asynchronous
n010_025.bnet,random_mc,13,5,51.2,25.979992301769453,21,10,0,8,0,1,1,asynchronous
n010_025.bnet,random_mc,14,5,51.2,25.63123094976127,21,10,0,8,0,1,1,asynchronous
n010_025.bnet,random_mc,15,5,51.2,26.31653472628948,20,10,0,8,0,1,1,asynchronous
n010_025.bnet,random_mc,16,5,51.2,26.24804754643667,20,10,0,8,0,1,1,asynchronous
n010_025.bnet,random_mc,17,5,51.2,25.794573072644564,21,10,0,8,0,1,1,asynchronous
n010_025.bnet,random_mc,18,5,51.2,26.270896444544867,20,10,0,8,0,1,1,asynchronous
n010_025.bnet,random_mc,19,5,51.2,25.86426105652354,20,10,0,8,0,1,1,asynchronous
n010_025.bnet,random_mc,20,5,51.2,25.833311827948037,21,10,0,8,0,1,1,asynchronous
n010_025.bnet,random_mc,21,5,51.2,26.17938119971517,20,10,0,8,0,1,1,asynchronous
n010_025.bnet,random_mc,22,5,51.2,25.895173295423223,20,10,0,8,0,1,1,asynchronous
n010_025.bnet,random_mc,23,5,51.2,25.23806648695577,21,10,0,8,0,1,1,asynchronous
n010_025.bnet,random_mc,24,5,51.2,26.460536653665965,21,10,0,8,0,1,1,asynchronous
n010_025.bnet,random_mc,25,5,51.2,26.354506256046612,21,10,0,8,0,1,1,asynchronous
n010_025.bnet,random_mc,26,5,51.2,26.731255114565798,21,10,0,8,0,1,1,asynchronous
n010_025.bnet,random_mc,27,5,51.2,25.701361831622854,20,10,0,8,0,1,1,asynchronous
n010_025.bnet,random_mc,28,5,51.2,25.887448696231154,21,10,0,8,0,1,1,asynchronous
n010_025.bnet,random_mc,29,5,51.2,25.72469630530164,21,10,0,8,0,1,1,asynchronous
n010_026.bnet,sd_mc,0,2,1.0,0.0,2,10,0,1,1,2,2,asynchronous
n010_026.bnet,null_mc,0,2,1.0,0.0,2,10,0,1,1,2,2,asynchronous
n010_026.bnet,random_mc,0,2,1.0,0.0,2,10,0,1,1,2,2,asynchronous
n010_026.bnet,random_mc,1,2,1.0,0.0,2,10,0,1,1,2,2,asynchronous
n010_026.bnet,random_mc,2,2,1.0,0.0,2,10,0,1,1,2,2,asynchronous
n010_026.bnet,random_mc,3,2,1.0,0.0,2,10,0,1,1,2,2,asynchronous
n010_026.bnet,random_mc,4,2,1.0,0.0,2,10,0,1,1,2,2,asynchronous
n010_026.bnet,random_mc,5,2,1.0,0.0,2,10,0,1,1,2,2,asynchronous
n010_026.bnet,random_mc,6,2,1.0,0.0,2,10,0,1,1,2,2,asynchronous
n010_026.bnet,random_mc,7,2,1.0,0.0,2,10,0,1,1,2,2,asynchronous
n010_026.bnet,random_mc,8,2,1.0,0.0,2,10,0,1,1,2,2,asynchronous
n010_026.bnet,random_mc,9,2,1.0,0.0,2,10,0,1,1,2,2,asynchronous
n010_026.bnet,random_mc,10,2,1.0,0.0,2,10,0,1,1,2,2,asynchronous
n010_026.bnet,random_mc,11,2,1.0,0.0,2,10,0,1,1,2,2,asynchronous
n010_026.bnet,random_mc,12,2,1.0,0.0,2,10,0,1,1,2,2,asynchronous
n010_026.bnet,random_mc,13,2,1.0,0.0,2,10,0,1,1,2,2,asynchronous
n010_026.bnet,random_mc,14,2,1.0,0.0,2,10,0,1,1,2,2,asynchronous
n010_026.bnet,random_mc,15,2,1.0,0.0,2,10,0,1,1,2,2,asynchronous
n010_026.bnet,random_mc,16,2,1.0,0.0,2,10,0,1,1,2,2,asynchronous
n010_026.bnet,random_mc,17,2,1.0,0.0,2,10,0,1,1,2,2,asynchronous
n010_026.bnet,random_mc,18,2,1.0,0.0,2,10,0,1,1,2,2,asynchronous
n010_026.bnet,random_mc,19,2,1.0,0.0,2,10,0,1,1,2,2,asynchronous
n010_026.bnet,random_mc,20,2,1.0,0.0,2,10,0,1,1,2,2,asynchronous
n010_026.bnet,random_mc,21,2,1.0,0.0,2,10,0,1,1,2,2,asynchronous
n010_026.bnet,random_mc,22,2,1.0,0.0,2,10,0,1,1,2,2,asynchronous
n010_026.bnet,random_mc,23,2,1.0,0.0,2,10,0,1,1,2,2,asynchronous
n010_026.bnet,random_mc,24,2,1.0,0.0,2,10,0,1,1,2,2,asynchronous
n010_026.bnet,random_mc,25,2,1.0,0.0,2,10,0,1,1,2,2,asynchronous
n010_026.bnet,random_mc,26,2,1.0,0.0,2,10,0,1,1,2,2,asynchronous
n010_026.bnet,random_mc,27,2,1.0,0.0,2,10,0,1,1,2,2,asynchronous
n010_026.bnet,random_mc,28,2,1.0,0.0,2,10,0,1,1,2,2,asynchronous
n010_026.bnet,random_mc,29,2,1.0,0.0,2,10,0,1,1,2,2,asynchronous
n010_027.bnet,sd_mc,0,9,56.888888888888886,72.64287751955443,27,10,0,9,0,1,1,asynchronous
n010_027.bnet,null_mc,0,2,256.0,255.0,3,10,0,9,0,1,1,asynchronous
n010_027.bnet,random_mc,0,9,56.888888888888886,21.078922829554667,69,10,0,9,0,1,1,asynchronous
n010_027.bnet,random_mc,1,9,56.888888888888886,20.223443186583925,70,10,0,9,0,1,1,asynchronous
n010_027.bnet,random_mc,2,9,56.888888888888886,20.64215990229944,70,10,0,9,0,1,1,asynchronous
n010_027.bnet,random_mc,3,9,56.888888888888886,20.566663665285812,70,10,0,9,0,1,1,asynchronous
n010_027.bnet,random_mc,4,9,56.888888888888886,20.409390237744567,71,10,0,9,0,1,1,asynchronous
n010_027.bnet,random_mc,5,9,56.888888888888886,21.743169780387714,71,10,0,9,0,1,1,asynchronous
n010_027.bnet,random_mc,6,9,56.888888888888886,20.877656554553162,71,10,0,9,0,1,1,asynchronous
n010_027.bnet,random_mc,7,9,56.888888888888886,20.458328618842334,71,10,0,9,0,1,1,asynchronous
n010_027.bnet,random_mc,8,9,56.888888888888886,20.73346433208586,71,10,0,9,0,1,1,asynchronous
n010_027.bnet,random_mc,9,9,56.888888888888886,20.82436844150752,70,10,0,9,0,1,1,asynchronous
n010_027.bnet,random_mc,10,9,56.888888888888886,22.193314531104704,70,10,0,9,0,1,1,asynchronous
n010_027.bnet,random_mc,11,9,56.888888888888886,21.089462584399,72,10,0,9,0,1,1,asynchronous
n010_027.bnet,random_mc,12,9,56.888888888888886,20.706651880465017,71,10,0,9,0,1,1,asynchronous
n010_027.bnet,random_mc,13,9,56.888888888888886,21.37726957122887,72,10,0,9,0,1,1,asynchronous
n010_027.bnet,random_mc,14,9,56.888888888888886,21.02085971624083,70,10,0,9,0,1,1,asynchronous
n010_027.bnet,random_mc,15,9,56.888888888888886,20.829703387467536,70,10,0,9,0,1,1,asynchronous
n010_027.bnet,random_mc,16,9,56.888888888888886,21.226003153597787,72,10,0,9,0,1,1,asynchronous
n010_027.bnet,random_mc,17,9,56.888888888888886,20.354876262319085,70,10,0,9,0,1,1,asynchronous
n010_027.bnet,random_mc,18,9,56.888888888888886,21.37207131044545,71,10,0,9,0,1,1,asynchronous
n010_027.bnet,random_mc,19,9,56.888888888888886,21.640725210914745,72,10,0,9,0,1,1,asynchronous
n010_027.bnet,random_mc,20,9,56.888888888888886,22.017389311604713,71,10,0,9,0,1,1,asynchronous
n010_027.bnet,random_mc,21,9,56.888888888888886,20.98912122687711,71,10,0,9,0,1,1,asynchronous
n010_027.bnet,random_mc,22,9,56.888888888888886,20.53963347311428,70,10,0,9,0,1,1,asynchronous
n010_027.bnet,random_mc,23,9,56.888888888888886,21.004996466155617,70,10,0,9,0,1,1,asynchronous
n010_027.bnet,random_mc,24,9,56.888888888888886,21.743169780387714,70,10,0,9,0,1,1,asynchronous
n010_027.bnet,random_mc,25,9,56.888888888888886,21.16834347397308,70,10,0,9,0,1,1,asynchronous
n010_027.bnet,random_mc,26,9,56.888888888888886,20.845700033257295,70,10,0,9,0,1,1,asynchronous
n010_027.bnet,random_mc,27,9,56.888888888888886,20.76024215468085,70,10,0,9,0,1,1,asynchronous
n010_027.bnet,random_mc,28,9,56.888888888888886,20.39305134622763,70,10,0,9,0,1,1,asynchronous
n010_027.bnet,random_mc,29,9,56.888888888888886,23.306863292670034,71,10,0,9,0,1,1,asynchronous
n010_029.bnet,sd_mc,0,6,21.333333333333332,41.491632355880576,17,10,0,7,0,2,2,asynchronous
n010_029.bnet,null_mc,0,3,42.666666666666664,58.92556509887896,5,10,0,7,0,2,2,asynchronous
n010_029.bnet,random_mc,0,6,21.333333333333332,15.15109090315135,24,10,0,7,0,2,2,asynchronous
n010_029.bnet,random_mc,1,6,21.333333333333332,14.56784892227477,23,10,0,7,0,2,2,asynchronous
n010_029.bnet,random_mc,2,6,21.333333333333332,14.499042113954363,24,10,0,7,0,2,2,asynchronous
n010_029.bnet,random_mc,3,6,21.333333333333332,15.062831370260005,25,10,0,7,0,2,2,asynchronous
n010_029.bnet,random_mc,4,6,21.333333333333332,15.499103916750226,26,10,0,7,0,2,2,asynchronous
n010_029.bnet,random_mc,5,6,21.333333333333332,14.884742374510738,23,10,0,7,0,2,2,asynchronous
n010_029.bnet,random_mc,6,6,21.333333333333332,15.15109090315135,24,10,0,7,0,2,2,asynchronous
n010_029.bnet,random_mc,7,6,21.333333333333332,14.544949486180952,25,10,0,7,0,2,2,asynchronous
n010_029.bnet,random_mc,8,6,21.333333333333332,14.613540144521982,23,10,0,7,0,2,2,asynchronous
n010_029.bnet,random_mc,9,6,21.333333333333332,15.326085243430198,25,10,0,7,0,2,2,asynchronous
n010_029.bnet,random_mc,10,6,21.333333333333332,15.336956093769787,26,10,0,7,0,2,2,asynchronous
n010_029.bnet,random_mc,11,6,21.333333333333332,15.391195174153594,24,10,0,7,0,2,2,asynchronous
n010_029.bnet,random_mc,12,6,21.333333333333332,14.476033833738976,25,10,0,7,0,2,2,asynchronous
n010_029.bnet,random_mc,13,6,21.333333333333332,15.755069730795297,24,10,0,7,0,2,2,asynchronous
n010_029.bnet,random_mc,14,6,21.333333333333332,14.884742374510738,24,10,0,7,0,2,2,asynchronous
n010_029.bnet,random_mc,15,6,21.333333333333332,14.996295838935989,25,10,0,7,0,2,2,asynchronous
n010_029.bnet,random_mc,16,6,21.333333333333332,14.83988619303471,24,10,0,7,0,2,2,asynchronous
n010_029.bnet,random_mc,17,6,21.333333333333332,14.83988619303471,26,10,0,7,0,2,2,asynchronous
n010_029.bnet,random_mc,18,6,21.333333333333332,15.552777529717606,22,10,0,7,0,2,2,asynchronous
n010_029.bnet,random_mc,19,6,21.333333333333332,14.92946378437246,25,10,0,7,0,2,2,asynchronous
n010_029.bnet,random_mc,20,6,21.333333333333332,15.326085243430198,24,10,0,7,0,2,2,asynchronous
n010_029.bnet,random_mc,21,6,21.333333333333332,14.940623220676645,25,10,0,7,0,2,2,asynchronous
n010_029.bnet,random_mc,22,6,21.333333333333332,14.749764593225057,25,10,0,7,0,2,2,asynchronous
n010_029.bnet,random_mc,23,6,21.333333333333332,14.624940645653536,24,10,0,7,0,2,2,asynchronous
n010_029.bnet,random_mc,24,6,21.333333333333332,14.487542541400487,24,10,0,7,0,2,2,asynchronous
n010_029.bnet,random_mc,25,6,21.333333333333332,14.613540144521982,23,10,0,7,0,2,2,asynchronous
n010_029.bnet,random_mc,26,6,21.333333333333332,15.839472494022296,26,10,0,7,0,2,2,asynchronous
n010_029.bnet,random_mc,27,6,21.333333333333332,14.53348623772776,25,10,0,7,0,2,2,asynchronous
n010_029.bnet,random_mc,28,6,21.333333333333332,15.807874268505834,25,10,0,7,0,2,2,asynchronous
n010_029.bnet,random_mc,29,6,21.333333333333332,14.522013940527977,24,10,0,7,0,2,2,asynchronous
n010_030.bnet,sd_mc,0,5,204.8,98.44876840265704,12,10,0,10,0,1,1,asynchronous
n010_030.bnet,null_mc,0,2,512.0,504.0,3,10,0,10,0,1,1,asynchronous
n010_030.bnet,random_mc,0,5,204.8,98.89266909129312,21,10,0,10,0,1,1,asynchronous
n010_030.bnet,random_mc,1,5,204.8,98.63751821695435,21,10,0,10,0,1,1,asynchronous
n010_030.bnet,random_mc,2,5,204.8,98.79149760986519,21,10,0,10,0,1,1,asynchronous
n010_030.bnet,random_mc,3,5,204.8,98.90884692483277,21,10,0,10,0,1,1,asynchronous
n010_030.bnet,random_mc,4,5,204.8,99.51763662788622,21,10,0,10,0,1,1,asynchronous
n010_030.bnet,random_mc,5,5,204.8,98.58478584446995,21,10,0,10,0,1,1,asynchronous
n010_030.bnet,random_mc,6,5,204.8,99.57790919676914,21,10,0,10,0,1,1,asynchronous
n010_030.bnet,random_mc,7,5,204.8,98.69022241336778,21,10,0,10,0,1,1,asynchronous
n010_030.bnet,random_mc,8,5,204.8,98.6456283876787,21,10,0,10,0,1,1,asynchronous
n010_030.bnet,random_mc,9,5,204.8,101.47196657205379,21,10,0,10,0,1,1,asynchronous
n010_030.bnet,random_mc,10,5,204.8,99.4030180628335,21,10,0,10,0,1,1,asynchronous
n010_030.bnet,random_mc,11,5,204.8,98.99171682519705,21,10,0,10,0,1,1,asynchronous
n010_030.bnet,random_mc,12,5,204.8,98.70643342761403,21,10,0,10,0,1,1,asynchronous
n010_030.bnet,random_mc,13,5,204.8,99.2661070053621,21,10,0,10,0,1,1,asynchronous
n010_030.bnet,random_mc,14,5,204.8,98.47517453652976,21,10,0,10,0,1,1,asynchronous
n010_030.bnet,random_mc,15,5,204.8,99.1693501037493,21,10,0,10,0,1,1,asynchronous
n010_030.bnet,random_mc,16,5,204.8,98.75505050375905,21,10,0,10,0,1,1,asynchronous
n010_030.bnet,random_mc,17,5,204.8,99.094702179279,21,10,0,10,0,1,1,asynchronous
n010_030.bnet,random_mc,18,5,204.8,99.05230941275423,21,10,0,10,0,1,1,asynchronous
n010_030.bnet,random_mc,19,5,204.8,100.04279084471804,21,10,0,10,0,1,1,asynchronous
n010_030.bnet,random_mc,20,5,204.8,100.04678905392217,21,10,0,10,0,1,1,asynchronous
n010_030.bnet,random_mc,21,5,204.8,99.73444740910736,21,10,0,10,0,1,1,asynchronous
n010_030.bnet,random_mc,22,5,204.8,98.87446586454968,21,10,0,10,0,1,1,asynchronous
n010_030.bnet,random_mc,23,5,204.8,99.0018181651226,21,10,0,10,0,1,1,asynchronous
n010_030.bnet,random_mc,24,5,204.8,99.17943335187998,21,10,0,10,0,1,1,asynchronous
n010_030.bnet,random_mc,25,5,204.8,99.03817445813509,21,10,0,10,0,1,1,asynchronous
n010_030.bnet,random_mc,26,5,204.8,98.63954582214986,21,10,0,10,0,1,1,asynchronous
n010_030.bnet,random_mc,27,5,204.8,100.32228067582994,21,10,0,10,0,1,1,asynchronous
n010_030.bnet,random_mc,28,5,204.8,99.32451862455716,21,10,0,10,0,1,1,asynchronous
n010_030.bnet,random_mc,29,5,204.8,99.61606296175331,21,10,0,10,0,1,1,asynchronous
n010_031.bnet,sd_mc,0,12,42.666666666666664,66.02566840925496,52,10,0,9,0,1,1,asynchronous
n010_031.bnet,null_mc,0,2,256.0,255.0,3,10,0,9,0,1,1,asynchronous
n010_031.bnet,random_mc,0,12,42.666666666666664,13.449494001221343,129,10,0,9,0,1,1,asynchronous
n010_031.bnet,random_mc,1,12,42.666666666666664,13.374935098492585,128,10,0,9,0,1,1,asynchronous
n010_031.bnet,random_mc,2,12,42.666666666666664,13.306222437474714,128,10,0,9,0,1,1,asynchronous
n010_031.bnet,random_mc,3,12,42.666666666666664,14.499042113954363,128,10,0,9,0,1,1,asynchronous
n010_031.bnet,random_mc,4,12,42.666666666666664,13.085190950927014,128,10,0,9,0,1,1,asynchronous
n010_031.bnet,random_mc,5,12,42.666666666666664,14.884742374510738,128,10,0,9,0,1,1,asynchronous
n010_031.bnet,random_mc,6,12,42.666666666666664,13.430893078603853,128,10,0,9,0,1,1,asynchronous
n010_031.bnet,random_mc,7,12,42.666666666666664,14.185281887302141,128,10,0,9,0,1,1,asynchronous
n010_031.bnet,random_mc,8,12,42.666666666666664,13.517478397327743,128,10,0,9,0,1,1,asynchronous
n010_031.bnet,random_mc,9,12,42.666666666666664,14.51627439194445,128,10,0,9,0,1,1,asynchronous
n010_031.bnet,random_mc,10,12,42.666666666666664,14.647715028479887,130,10,0,9,0,1,1,asynchronous
n010_031.bnet,random_mc,11,12,42.666666666666664,14.061373411662967,129,10,0,9,0,1,1,asynchronous
n010_031.bnet,random_mc,12,12,42.666666666666664,13.761863568895343,127,10,0,9,0,1,1,asynchronous
n010_031.bnet,random_mc,13,12,42.666666666666664,13.71333495381614,129,10,0,9,0,1,1,asynchronous
n010_031.bnet,random_mc,14,12,42.666666666666664,14.055445761538676,128,10,0,9,0,1,1,asynchronous
n010_031.bnet,random_mc,15,12,42.666666666666664,14.138206706965663,128,10,0,9,0,1,1,asynchronous
n010_031.bnet,random_mc,16,12,42.666666666666664,14.647715028479887,127,10,0,9,0,1,1,asynchronous
n010_031.bnet,random_mc,17,12,42.666666666666664,13.870432181042121,127,10,0,9,0,1,1,asynchronous
n010_031.bnet,random_mc,18,12,42.666666666666664,14.232201360139461,131,10,0,9,0,1,1,asynchronous
n010_031.bnet,random_mc,19,12,42.666666666666664,14.343019982633441,128,10,0,9,0,1,1,asynchronous
n010_031.bnet,random_mc,20,12,42.666666666666664,14.435681102354987,130,10,0,9,0,1,1,asynchronous
n010_031.bnet,random_mc,21,12,42.666666666666664,13.430893078603853,129,10,0,9,0,1,1,asynchronous
n010_031.bnet,random_mc,22,12,42.666666666666664,13.468069233891281,129,10,0,9,0,1,1,asynchronous
n010_031.bnet,random_mc,23,12,42.666666666666664,13.695092389449425,126,10,0,9,0,1,1,asynchronous
n010_031.bnet,random_mc,24,12,42.666666666666664,14.389425129432917,127,10,0,9,0,1,1,asynchronous
n010_031.bnet,random_mc,25,12,42.666666666666664,15.167582389937941,129,10,0,9,0,1,1,asynchronous
n010_031.bnet,random_mc,26,12,42.666666666666664,13.634107557478373,129,10,0,9,0,1,1,asynchronous
n010_031.bnet,random_mc,27,12,42.666666666666664,13.566707616645814,129,10,0,9,0,1,1,asynchronous
n010_031.bnet,random_mc,28,12,42.666666666666664,13.780017739062925,129,10,0,9,0,1,1,asynchronous
n010_031.bnet,random_mc,29,12,42.666666666666664,15.358674711344364,128,10,0,9,0,1,1,asynchronous
n010_032.bnet,sd_mc,0,4,4.0,3.0,6,10,0,4,1,2,2,asynchronous
n010_032.bnet,null_mc,0,3,5.333333333333333,6.128258770283412,5,10,0,4,1,2,2,asynchronous
n010_032.bnet,random_mc,0,4,4.0,3.3166247903554,10,10,0,4,1,2,2,asynchronous
n010_032.bnet,random_mc,1,4,4.0,3.082207001484488,9,10,0,4,1,2,2,asynchronous
n010_032.bnet,random_mc,2,4,4.0,3.0,10,10,0,4,1,2,2,asynchronous
n010_032.bnet,random_mc,3,4,4.0,3.0,10,10,0,4,1,2,2,asynchronous
n010_032.bnet,random_mc,4,4,4.0,3.082207001484488,9,10,0,4,1,2,2,asynchronous
n010_032.bnet,random_mc,5,4,4.0,3.082207001484488,9,10,0,4,1,2,2,asynchronous
n010_032.bnet,random_mc,6,4,4.0,3.082207001484488,10,10,0,4,1,2,2,asynchronous
n010_032.bnet,random_mc,7,4,4.0,3.3166247903554,10,10,0,4,1,2,2,asynchronous
n010_032.bnet,random_mc,8,4,4.0,3.3166247903554,10,10,0,4,1,2,2,asynchronous
n010_032.bnet,random_mc,9,4,4.0,3.082207001484488,10,10,0,4,1,2,2,asynchronous
n010_032.bnet,random_mc,10,4,4.0,3.0,10,10,0,4,1,2,2,asynchronous
n010_032.bnet,random_mc,11,4,4.0,3.0,10,10,0,4,1,2,2,asynchronous
n010_032.bnet,random_mc,12,4,4.0,3.3166247903554,10,10,0,4,1,2,2,asynchronous
n010_032.bnet,random_mc,13,4,4.0,3.6742346141747673,10,10,0,4,1,2,2,asynchronous
n010_032.bnet,random_mc,14,4,4.0,3.3166247903554,10,10,0,4,1,2,2,asynchronous
n010_032.bnet,random_mc,15,4,4.0,3.6742346141747673,9,10,0,4,1,2,2,asynchronous
n010_032.bnet,random_mc,16,4,4.0,3.3166247903554,10,10,0,4,1,2,2,asynchronous
n010_032.bnet,random_mc,17,4,4.0,3.6742346141747673,9,10,0,4,1,2,2,asynchronous
n010_032.bnet,random_mc,18,4,4.0,3.082207001484488,10,10,0,4,1,2,2,asynchronous
n010_032.bnet,random_mc,19,4,4.0,3.082207001484488,10,10,0,4,1,2,2,asynchronous
n010_032.bnet,random_mc,20,4,4.0,3.0,9,10,0,4,1,2,2,asynchronous
n010_032.bnet,random_mc,21,4,4.0,3.0,10,10,0,4,1,2,2,asynchronous
n010_032.bnet,random_mc,22,4,4.0,3.3166247903554,8,10,0,4,1,2,2,asynchronous
n010_032.bnet,random_mc,23,4,4.0,3.082207001484488,9,10,0,4,1,2,2,asynchronous
n010_032.bnet,random_mc,24,4,4.0,3.6742346141747673,9,10,0,4,1,2,2,asynchronous
n010_032.bnet,random_mc,25,4,4.0,3.0,9,10,0,4,1,2,2,asynchronous
n010_032.bnet,random_mc,26,4,4.0,3.6742346141747673,10,10,0,4,1,2,2,asynchronous
n010_032.bnet,random_mc,27,4,4.0,3.082207001484488,10,10,0,4,1,2,2,asynchronous
n010_032.bnet,random_mc,28,4,4.0,4.123105625617661,10,10,0,4,1,2,2,asynchronous
n010_032.bnet,random_mc,29,4,4.0,3.0,9,10,0,4,1,2,2,asynchronous
n010_033.bnet,sd_mc,0,4,2.0,0.0,6,10,0,3,1,2,2,asynchronous
n010_033.bnet,null_mc,0,3,2.6666666666666665,0.9428090415820634,5,10,0,3,1,2,2,asynchronous
n010_033.bnet,random_mc,0,4,2.0,0.7071067811865476,9,10,0,3,1,2,2,asynchronous
n010_033.bnet,random_mc,1,4,2.0,0.7071067811865476,9,10,0,3,1,2,2,asynchronous
n010_033.bnet,random_mc,2,4,2.0,0.7071067811865476,9,10,0,3,1,2,2,asynchronous
n010_033.bnet,random_mc,3,4,2.0,0.0,10,10,0,3,1,2,2,asynchronous
n010_033.bnet,random_mc,4,4,2.0,0.0,6,10,0,3,1,2,2,asynchronous
n010_033.bnet,random_mc,5,4,2.0,0.7071067811865476,9,10,0,3,1,2,2,asynchronous
n010_033.bnet,random_mc,6,4,2.0,0.0,10,10,0,3,1,2,2,asynchronous
n010_033.bnet,random_mc,7,4,2.0,0.0,6,10,0,3,1,2,2,asynchronous
n010_033.bnet,random_mc,8,4,2.0,0.0,10,10,0,3,1,2,2,asynchronous
n010_033.bnet,random_mc,9,4,2.0,0.7071067811865476,9,10,0,3,1,2,2,asynchronous
n010_033.bnet,random_mc,10,4,2.0,0.0,10,10,0,3,1,2,2,asynchronous
n010_033.bnet,random_mc,11,4,2.0,0.7071067811865476,9,10,0,3,1,2,2,asynchronous
n010_033.bnet,random_mc,12,4,2.0,0.7071067811865476,9,10,0,3,1,2,2,asynchronous
n010_033.bnet,random_mc,13,4,2.0,0.0,10,10,0,3,1,2,2,asynchronous
n010_033.bnet,random_mc,14,4,2.0,0.0,10,10,0,3,1,2,2,asynchronous
n010_033.bnet,random_mc,15,4,2.0,0.0,10,10,0,3,1,2,2,asynchronous
n010_033.bnet,random_mc,16,4,2.0,0.0,6,10,0,3,1,2,2,asynchronous
n010_033.bnet,random_mc,17,4,2.0,0.7071067811865476,9,10,0,3,1,2,2,asynchronous
n010_033.bnet,random_mc,18,4,2.0,0.0,10,10,0,3,1,2,2,asynchronous
n010_033.bnet,random_mc,19,4,2.0,0.7071067811865476,9,10,0,3,1,2,2,asynchronous
n010_033.bnet,random_mc,20,4,2.0,0.0,6,10,0,3,1,2,2,asynchronous
n010_033.bnet,random_mc,21,4,2.0,0.7071067811865476,9,10,0,3,1,2,2,asynchronous
n010_033.bnet,random_mc,22,4,2.0,0.7071067811865476,9,10,0,3,1,2,2,asynchronous
n010_033.bnet,random_mc,23,4,2.0,0.0,10,10,0,3,1,2,2,asynchronous
n010_033.bnet,random_mc,24,4,2.0,0.7071067811865476,9,10,0,3,1,2,2,asynchronous
n010_033.bnet,random_mc,25,4,2.0,0.0,10,10,0,3,1,2,2,asynchronous
n010_033.bnet,random_mc,26,4,2.0,0.7071067811865476,9,10,0,3,1,2,2,asynchronous
n010_033.bnet,random_mc,27,4,2.0,0.7071067811865476,9,10,0,3,1,2,2,asynchronous
n010_033.bnet,random_mc,28,4,2.0,0.0,10,10,0,3,1,2,2,asynchronous
n010_033.bnet,random_mc,29,4,2.0,0.0,10,10,0,3,1,2,2,asynchronous
n010_034.bnet,sd_mc,0,2,1.0,0.0,2,10,0,1,1,2,2,asynchronous
n010_034.bnet,null_mc,0,2,1.0,0.0,2,10,0,1,1,2,2,asynchronous
n010_034.bnet,random_mc,0,2,1.0,0.0,2,10,0,1,1,2,2,asynchronous
n010_034.bnet,random_mc,1,2,1.0,0.0,2,10,0,1,1,2,2,asynchronous
n010_034.bnet,random_mc,2,2,1.0,0.0,2,10,0,1,1,2,2,asynchronous
n010_034.bnet,random_mc,3,2,1.0,0.0,2,10,0,1,1,2,2,asynchronous
n010_034.bnet,random_mc,4,2,1.0,0.0,2,10,0,1,1,2,2,asynchronous
n010_034.bnet,random_mc,5,2,1.0,0.0,2,10,0,1,1,2,2,asynchronous
n010_034.bnet,random_mc,6,2,1.0,0.0,2,10,0,1,1,2,2,asynchronous
n010_034.bnet,random_mc,7,2,1.0,0.0,2,10,0,1,1,2,2,asynchronous
n010_034.bnet,random_mc,8,2,1.0,0.0,2,10,0,1,1,2,2,asynchronous
n010_034.bnet,random_mc,9,2,1.0,0.0,2,10,0,1,1,2,2,asynchronous
n010_034.bnet,random_mc,10,2,1.0,0.0,2,10,0,1,1,2,2,asynchronous
n010_034.bnet,random_mc,11,2,1.0,0.0,2,10,0,1,1,2,2,asynchronous
n010_034.bnet,random_mc,12,2,1.0,0.0,2,10,0,1,1,2,2,asynchronous
n010_034.bnet,random_mc,13,2,1.0,0.0,2,10,0,1,1,2,2,asynchronous
n010_034.bnet,random_mc,14,2,1.0,0.0,2,10,0,1,1,2,2,asynchronous
n010_034.bnet,random_mc,15,2,1.0,0.0,2,10,0,1,1,2,2,asynchronous
n010_034.bnet,random_mc,16,2,1.0,0.0,2,10,0,1,1,2,2,asynchronous
n010_034.bnet,random_mc,17,2,1.0,0.0,2,10,0,1,1,2,2,asynchronous
n010_034.bnet,random_mc,18,2,1.0,0.0,2,10,0,1,1,2,2,asynchronous
n010_034.bnet,random_mc,19,2,1.0,0.0,2,10,0,1,1,2,2,asynchronous
n010_034.bnet,random_mc,20,2,1.0,0.0,2,10,0,1,1,2,2,asynchronous
n010_034.bnet,random_mc,21,2,1.0,0.0,2,10,0,1,1,2,2,asynchronous
n010_034.bnet,random_mc,22,2,1.0,0.0,2,10,0,1,1,2,2,asynchronous
n010_034.bnet,random_mc,23,2,1.0,0.0,2,10,0,1,1,2,2,asynchronous
n010_034.bnet,random_mc,24,2,1.0,0.0,2,10,0,1,1,2,2,asynchronous
n010_034.bnet,random_mc,25,2,1.0,0.0,2,10,0,1,1,2,2,asynchronous
n010_034.bnet,random_mc,26,2,1.0,0.0,2,10,0,1,1,2,2,asynchronous
n010_034.bnet,random_mc,27,2,1.0,0.0,2,10,0,1,1,2,2,asynchronous
n010_034.bnet,random_mc,28,2,1.0,0.0,2,10,0,1,1,2,2,asynchronous
n010_034.bnet,random_mc,29,2,1.0,0.0,2,10,0,1,1,2,2,asynchronous
n010_035.bnet,sd_mc,0,8,4.0,1.4142135623730951,12,10,1,5,2,4,4,asynchronous
n010_035.bnet,null_mc,0,5,6.4,6.858571279792899,9,10,1,5,2,4,4,asynchronous
n010_035.bnet,random_mc,0,8,4.0,1.5,29,10,1,5,2,4,4,asynchronous
n010_035.bnet,random_mc,1,8,4.0,1.9364916731037085,30,10,1,5,2,4,4,asynchronous
n010_035.bnet,random_mc,2,8,4.0,1.6583123951777,27,10,1,5,2,4,4,asynchronous
n010_035.bnet,random_mc,3,8,4.0,2.0,29,10,1,5,2,4,4,asynchronous
n010_035.bnet,random_mc,4,8,4.0,1.5811388300841898,29,10,1,5,2,4,4,asynchronous
n010_035.bnet,random_mc,5,8,4.0,1.3228756555322954,30,10,1,5,2,4,4,asynchronous
n010_035.bnet,random_mc,6,8,4.0,1.5,29,10,1,5,2,4,4,asynchronous
n010_035.bnet,random_mc,7,8,4.0,2.449489742783178,26,10,1,5,2,4,4,asynchronous
n010_035.bnet,random_mc,8,8,4.0,2.29128784747792,24,10,1,5,2,4,4,asynchronous
n010_035.bnet,random_mc,9,8,4.0,1.3228756555322954,31,10,1,5,2,4,4,asynchronous
n010_035.bnet,random_mc,10,8,4.0,1.5,28,10,1,5,2,4,4,asynchronous
n010_035.bnet,random_mc,11,8,4.0,2.1213203435596424,25,10,1,5,2,4,4,asynchronous
n010_035.bnet,random_mc,12,8,4.0,1.5,27,10,1,5,2,4,4,asynchronous
n010_035.bnet,random_mc,13,8,4.0,2.179449471770337,27,10,1,5,2,4,4,asynchronous
n010_035.bnet,random_mc,14,8,4.0,2.0615528128088303,30,10,1,5,2,4,4,asynchronous
n010_035.bnet,random_mc,15,8,4.0,1.8027756377319946,27,10,1,5,2,4,4,asynchronous
n010_035.bnet,random_mc,16,8,4.0,1.5811388300841898,28,10,1,5,2,4,4,asynchronous
n010_035.bnet,random_mc,17,8,4.0,1.6583123951777,28,10,1,5,2,4,4,asynchronous
n010_035.bnet,random_mc,18,8,4.0,1.9364916731037085,28,10,1,5,2,4,4,asynchronous
n010_035.bnet,random_mc,19,8,4.0,2.0,29,10,1,5,2,4,4,asynchronous
n010_035.bnet,random_mc,20,8,4.0,1.3228756555322954,29,10,1,5,2,4,4,asynchronous
n010_035.bnet,random_mc,21,8,4.0,1.9364916731037085,30,10,1,5,2,4,4,asynchronous
n010_035.bnet,random_mc,22,8,4.0,1.5,26,10,1,5,2,4,4,asynchronous
n010_035.bnet,random_mc,23,8,4.0,1.6583123951777,30,10,1,5,2,4,4,asynchronous
n010_035.bnet,random_mc,24,8,4.0,1.8027756377319946,30,10,1,5,2,4,4,asynchronous
n010_035.bnet,random_mc,25,8,4.0,1.6583123951777,24,10,1,5,2,4,4,asynchronous
n010_035.bnet,random_mc,26,8,4.0,2.692582403567252,27,10,1,5,2,4,4,asynchronous
n010_035.bnet,random_mc,27,8,4.0,1.3228756555322954,28,10,1,5,2,4,4,asynchronous
n010_035.bnet,random_mc,28,8,4.0,1.6583123951777,28,10,1,5,2,4,4,asynchronous
n010_035.bnet,random_mc,29,8,4.0,1.5,27,10,1,5,2,4,4,asynchronous
n010_036.bnet,sd_mc,0,18,3.5555555555555554,0.9558139185602919,48,10,0,6,0,4,4,asynchronous
n010_036.bnet,null_mc,0,5,12.8,20.643643089338664,9,10,0,6,0,4,4,asynchronous
n010_036.bnet,random_mc,0,18,3.5555555555555554,1.5713484026367721,122,10,0,6,0,4,4,asynchronous
n010_036.bnet,random_mc,1,18,3.5555555555555554,2.114033065604494,116,10,0,6,0,4,4,asynchronous
n010_036.bnet,random_mc,2,18,3.5555555555555554,1.8019194155807616,115,10,0,6,0,4,4,asynchronous
n010_036.bnet,random_mc,3,18,3.5555555555555554,1.4989708403591155,123,10,0,6,0,4,4,asynchronous
n010_036.bnet,random_mc,4,18,3.5555555555555554,1.9212907184211756,116,10,0,6,0,4,4,asynchronous
n010_036.bnet,random_mc,5,18,3.5555555555555554,1.7069212773041351,114,10,0,6,0,4,4,asynchronous
n010_036.bnet,random_mc,6,18,3.5555555555555554,1.8019194155807616,118,10,0,6,0,4,4,asynchronous
n010_036.bnet,random_mc,7,18,3.5555555555555554,1.6405358955814888,120,10,0,6,0,4,4,asynchronous
n010_036.bnet,random_mc,8,18,3.5555555555555554,2.0875882475617704,115,10,0,6,0,4,4,asynchronous
n010_036.bnet,random_mc,9,18,3.5555555555555554,1.5355861067872503,115,10,0,6,0,4,4,asynchronous
n010_036.bnet,random_mc,10,18,3.5555555555555554,1.8625616238044675,118,10,0,6,0,4,4,asynchronous
n010_036.bnet,random_mc,11,18,3.5555555555555554,2.0608041101101566,112,10,0,6,0,4,4,asynchronous
n010_036.bnet,random_mc,12,18,3.5555555555555554,1.7391639824998364,125,10,0,6,0,4,4,asynchronous
n010_036.bnet,random_mc,13,18,3.5555555555555554,2.1401511426953577,114,10,0,6,0,4,4,asynchronous
n010_036.bnet,random_mc,14,18,3.5555555555555554,1.9499920860871383,121,10,0,6,0,4,4,asynchronous
n010_036.bnet,random_mc,15,18,3.5555555555555554,1.892154040658489,116,10,0,6,0,4,4,asynchronous
n010_036.bnet,random_mc,16,18,3.5555555555555554,1.9212907184211758,128,10,0,6,0,4,4,asynchronous
n010_036.bnet,random_mc,17,18,3.5555555555555554,1.6740576859243737,127,10,0,6,0,4,4,asynchronous
n010_036.bnet,random_mc,18,18,3.5555555555555554,2.060804110110156,109,10,0,6,0,4,4,asynchronous
n010_036.bnet,random_mc,19,18,3.5555555555555554,1.9499920860871383,116,10,0,6,0,4,4,asynchronous
n010_036.bnet,random_mc,20,18,3.5555555555555554,1.7391639824998364,124,10,0,6,0,4,4,asynchronous
n010_036.bnet,random_mc,21,18,3.5555555555555554,1.7069212773041351,123,10,0,6,0,4,4,asynchronous
n010_036.bnet,random_mc,22,18,3.5555555555555554,1.7069212773041351,125,10,0,6,0,4,4,asynchronous
n010_036.bnet,random_mc,23,18,3.5555555555555554,1.6063146994223287,125,10,0,6,0,4,4,asynchronous
n010_036.bnet,random_mc,24,18,3.5555555555555554,1.8625616238044678,111,10,0,6,0,4,4,asynchronous
n010_036.bnet,random_mc,25,18,3.5555555555555554,1.8324913891634047,118,10,0,6,0,4,4,asynchronous
n010_036.bnet,random_mc,26,18,3.5555555555555554,1.892154040658489,116,10,0,6,0,4,4,asynchronous
n010_036.bnet,random_mc,27,18,3.5555555555555554,1.7391639824998364,113,10,0,6,0,4,4,asynchronous
n010_036.bnet,random_mc,28,18,3.5555555555555554,2.1401511426953577,112,10,0,6,0,4,4,asynchronous
n010_036.bnet,random_mc,29,18,3.5555555555555554,1.7069212773041351,125,10,0,6,0,4,4,asynchronous
n010_037.bnet,sd_mc,0,1,2.0,0.0,1,10,0,1,0,1,1,asynchronous
n010_037.bnet,null_mc,0,1,2.0,0.0,1,10,0,1,0,1,1,asynchronous
n010_037.bnet,random_mc,0,1,2.0,0.0,1,10,0,1,0,1,1,asynchronous
n010_037.bnet,random_mc,1,1,2.0,0.0,1,10,0,1,0,1,1,asynchronous
n010_037.bnet,random_mc,2,1,2.0,0.0,1,10,0,1,0,1,1,asynchronous
n010_037.bnet,random_mc,3,1,2.0,0.0,1,10,0,1,0,1,1,asynchronous
n010_037.bnet,random_mc,4,1,2.0,0.0,1,10,0,1,0,1,1,asynchronous
n010_037.bnet,random_mc,5,1,2.0,0.0,1,10,0,1,0,1,1,asynchronous
n010_037.bnet,random_mc,6,1,2.0,0.0,1,10,0,1,0,1,1,asynchronous
n010_037.bnet,random_mc,7,1,2.0,0.0,1,10,0,1,0,1,1,asynchronous
n010_037.bnet,random_mc,8,1,2.0,0.0,1,10,0,1,0,1,1,asynchronous
n010_037.bnet,random_mc,9,1,2.0,0.0,1,10,0,1,0,1,1,asynchronous
n010_037.bnet,random_mc,10,1,2.0,0.0,1,10,0,1,0,1,1,asynchronous
n010_037.bnet,random_mc,11,1,2.0,0.0,1,10,0,1,0,1,1,asynchronous
n010_037.bnet,random_mc,12,1,2.0,0.0,1,10,0,1,0,1,1,asynchronous
n010_037.bnet,random_mc,13,1,2.0,0.0,1,10,0,1,0,1,1,asynchronous
n010_037.bnet,random_mc,14,1,2.0,0.0,1,10,0,1,0,1,1,asynchronous
n010_037.bnet,random_mc,15,1,2.0,0.0,1,10,0,1,0,1,1,asynchronous
n010_037.bnet,random_mc,16,1,2.0,0.0,1,10,0,1,0,1,1,asynchronous
n010_037.bnet,random_mc,17,1,2.0,0.0,1,10,0,1,0,1,1,asynchronous
n010_037.bnet,random_mc,18,1,2.0,0.0,1,10,0,1,0,1,1,asynchronous
n010_037.bnet,random_mc,19,1,2.0,0.0,1,10,0,1,0,1,1,asynchronous
n010_037.bnet,random_mc,20,1,2.0,0.0,1,10,0,1,0,1,1,asynchronous
n010_037.bnet,random_mc,21,1,2.0,0.0,1,10,0,1,0,1,1,asynchronous
n010_037.bnet,random_mc,22,1,2.0,0.0,1,10,0,1,0,1,1,asynchronous
n010_037.bnet,random_mc,23,1,2.0,0.0,1,10,0,1,0,1,1,asynchronous
n010_037.bnet,random_mc,24,1,2.0,0.0,1,10,0,1,0,1,1,asynchronous
n010_037.bnet,random_mc,25,1,2.0,0.0,1,10,0,1,0,1,1,asynchronous
n010_037.bnet,random_mc,26,1,2.0,0.0,1,10,0,1,0,1,1,asynchronous
n010_037.bnet,random_mc,27,1,2.0,0.0,1,10,0,1,0,1,1,asynchronous
n010_037.bnet,random_mc,28,1,2.0,0.0,1,10,0,1,0,1,1,asynchronous
n010_037.bnet,random_mc,29,1,2.0,0.0,1,10,0,1,0,1,1,asynchronous
n010_039.bnet,sd_mc,0,3,85.33333333333333,115.0487819241135,6,10,0,8,0,1,1,asynchronous
n010_039.bnet,null_mc,0,2,128.0,127.0,3,10,0,8,0,1,1,asynchronous
n010_039.bnet,random_mc,0,3,85.33333333333333,59.9462722406953,7,10,0,8,0,1,1,asynchronous
n010_039.bnet,random_mc,1,3,85.33333333333333,59.667597758098346,7,10,0,8,0,1,1,asynchronous
n010_039.bnet,random_mc,2,3,85.33333333333333,59.667597758098346,7,10,0,8,0,1,1,asynchronous
n010_039.bnet,random_mc,3,3,85.33333333333333,59.9462722406953,7,10,0,8,0,1,1,asynchronous
n010_039.bnet,random_mc,4,3,85.33333333333333,59.667597758098346,7,10,0,8,0,1,1,asynchronous
n010_039.bnet,random_mc,5,3,85.33333333333333,60.49977043115306,7,10,0,8,0,1,1,asynchronous
n010_039.bnet,random_mc,6,3,85.33333333333333,59.64524755213576,7,10,0,8,0,1,1,asynchronous
n010_039.bnet,random_mc,7,3,85.33333333333333,59.86837414046103,7,10,0,8,0,1,1,asynchronous
n010_039.bnet,random_mc,8,3,85.33333333333333,59.64524755213576,7,10,0,8,0,1,1,asynchronous
n010_039.bnet,random_mc,9,3,85.33333333333333,62.64361278073146,7,10,0,8,0,1,1,asynchronous
n010_039.bnet,random_mc,10,3,85.33333333333333,60.7965642304088,7,10,0,8,0,1,1,asynchronous
n010_039.bnet,random_mc,11,3,85.33333333333333,60.135033235396335,7,10,0,8,0,1,1,asynchronous
n010_039.bnet,random_mc,12,3,85.33333333333333,60.24579284527307,7,10,0,8,0,1,1,asynchronous
n010_039.bnet,random_mc,13,3,85.33333333333333,59.64524755213576,7,10,0,8,0,1,1,asynchronous
n010_039.bnet,random_mc,14,3,85.33333333333333,59.74575763646785,7,10,0,8,0,1,1,asynchronous
n010_039.bnet,random_mc,15,3,85.33333333333333,60.7965642304088,7,10,0,8,0,1,1,asynchronous
n010_039.bnet,random_mc,16,3,85.33333333333333,59.86837414046103,7,10,0,8,0,1,1,asynchronous
n010_039.bnet,random_mc,17,3,85.33333333333333,59.801523577767,7,10,0,8,0,1,1,asynchronous
n010_039.bnet,random_mc,18,3,85.33333333333333,59.70110737852542,7,10,0,8,0,1,1,asynchronous
n010_039.bnet,random_mc,19,3,85.33333333333333,59.70110737852542,7,10,0,8,0,1,1,asynchronous
n010_039.bnet,random_mc,20,3,85.33333333333333,60.36739370075722,7,10,0,8,0,1,1,asynchronous
n010_039.bnet,random_mc,21,3,85.33333333333333,59.667597758098346,7,10,0,8,0,1,1,asynchronous
n010_039.bnet,random_mc,22,3,85.33333333333333,60.035174874586836,7,10,0,8,0,1,1,asynchronous
n010_039.bnet,random_mc,23,3,85.33333333333333,59.64524755213576,7,10,0,8,0,1,1,asynchronous
n010_039.bnet,random_mc,24,3,85.33333333333333,59.64524755213576,7,10,0,8,0,1,1,asynchronous
n010_039.bnet,random_mc,25,3,85.33333333333333,59.9462722406953,7,10,0,8,0,1,1,asynchronous
n010_039.bnet,random_mc,26,3,85.33333333333333,60.7965642304088,7,10,0,8,0,1,1,asynchronous
n010_039.bnet,random_mc,27,3,85.33333333333333,59.86837414046103,7,10,0,8,0,1,1,asynchronous
n010_039.bnet,random_mc,28,3,85.33333333333333,59.667597758098346,7,10,0,8,0,1,1,asynchronous
n010_039.bnet,random_mc,29,3,85.33333333333333,59.9462722406953,7,10,0,8,0,1,1,asynchronous
n010_040.bnet,sd_mc,0,4,1.0,0.0,4,10,0,2,2,4,4,asynchronous
n010_040.bnet,null_mc,0,4,1.0,0.0,4,10,0,2,2,4,4,asynchronous
n010_040.bnet,random_mc,0,4,1.0,0.0,4,10,0,2,2,4,4,asynchronous
n010_040.bnet,random_mc,1,4,1.0,0.0,4,10,0,2,2,4,4,asynchronous
n010_040.bnet,random_mc,2,4,1.0,0.0,4,10,0,2,2,4,4,asynchronous
n010_040.bnet,random_mc,3,4,1.0,0.0,4,10,0,2,2,4,4,asynchronous
n010_040.bnet,random_mc,4,4,1.0,0.0,4,10,0,2,2,4,4,asynchronous
n010_040.bnet,random_mc,5,4,1.0,0.0,4,10,0,2,2,4,4,asynchronous
n010_040.bnet,random_mc,6,4,1.0,0.0,4,10,0,2,2,4,4,asynchronous
n010_040.bnet,random_mc,7,4,1.0,0.0,4,10,0,2,2,4,4,asynchronous
n010_040.bnet,random_mc,8,4,1.0,0.0,4,10,0,2,2,4,4,asynchronous
n010_040.bnet,random_mc,9,4,1.0,0.0,4,10,0,2,2,4,4,asynchronous
n010_040.bnet,random_mc,10,4,1.0,0.0,4,10,0,2,2,4,4,asynchronous
n010_040.bnet,random_mc,11,4,1.0,0.0,4,10,0,2,2,4,4,asynchronous
n010_040.bnet,random_mc,12,4,1.0,0.0,4,10,0,2,2,4,4,asynchronous
n010_040.bnet,random_mc,13,4,1.0,0.0,4,10,0,2,2,4,4,asynchronous
n010_040.bnet,random_mc,14,4,1.0,0.0,4,10,0,2,2,4,4,asynchronous
n010_040.bnet,random_mc,15,4,1.0,0.0,4,10,0,2,2,4,4,asynchronous
n010_040.bnet,random_mc,16,4,1.0,0.0,4,10,0,2,2,4,4,asynchronous
n010_040.bnet,random_mc,17,4,1.0,0.0,4,10,0,2,2,4,4,asynchronous
n010_040.bnet,random_mc,18,4,1.0,0.0,4,10,0,2,2,4,4,asynchronous
n010_040.bnet,random_mc,19,4,1.0,0.0,4,10,0,2,2,4,4,asynchronous
n010_040.bnet,random_mc,20,4,1.0,0.0,4,10,0,2,2,4,4,asynchronous
n010_040.bnet,random_mc,21,4,1.0,0.0,4,10,0,2,2,4,4,asynchronous
n010_040.bnet,random_mc,22,4,1.0,0.0,4,10,0,2,2,4,4,asynchronous
n010_040.bnet,random_mc,23,4,1.0,0.0,4,10,0,2,2,4,4,asynchronous
n010_040.bnet,random_mc,24,4,1.0,0.0,4,10,0,2,2,4,4,asynchronous
n010_040.bnet,random_mc,25,4,1.0,0.0,4,10,0,2,2,4,4,asynchronous
n010_040.bnet,random_mc,26,4,1.0,0.0,4,10,0,2,2,4,4,asynchronous
n010_040.bnet,random_mc,27,4,1.0,0.0,4,10,0,2,2,4,4,asynchronous
n010_040.bnet,random_mc,28,4,1.0,0.0,4,10,0,2,2,4,4,asynchronous
n010_040.bnet,random_mc,29,4,1.0,0.0,4,10,0,2,2,4,4,asynchronous
n010_041.bnet,sd_mc,0,14,73.14285714285714,71.13554179256982,59,10,0,10,0,1,1,asynchronous
n010_041.bnet,null_mc,0,2,512.0,511.0,3,10,0,10,0,1,1,asynchronous
n010_041.bnet,random_mc,0,14,73.14285714285714,21.216089389413682,177,10,0,10,0,1,1,asynchronous
n010_041.bnet,random_mc,1,14,73.14285714285714,21.13513372446506,177,10,0,10,0,1,1,asynchronous
n010_041.bnet,random_mc,2,14,73.14285714285714,20.975690497257407,177,10,0,10,0,1,1,asynchronous
n010_041.bnet,random_mc,3,14,73.14285714285714,20.569940422363693,175,10,0,10,0,1,1,asynchronous
n010_041.bnet,random_mc,4,14,73.14285714285714,21.32355217948033,178,10,0,10,0,1,1,asynchronous
n010_041.bnet,random_mc,5,14,73.14285714285714,22.34424548116246,175,10,0,10,0,1,1,asynchronous
n010_041.bnet,random_mc,6,14,73.14285714285714,21.253091011686283,176,10,0,10,0,1,1,asynchronous
n010_041.bnet,random_mc,7,14,73.14285714285714,21.715225543571112,177,10,0,10,0,1,1,asynchronous
n010_041.bnet,random_mc,8,14,73.14285714285714,21.61632036500313,177,10,0,10,0,1,1,asynchronous
n010_041.bnet,random_mc,9,14,73.14285714285714,21.111463178828235,176,10,0,10,0,1,1,asynchronous
n010_041.bnet,random_mc,10,14,73.14285714285714,22.601697606460394,176,10,0,10,0,1,1,asynchronous
n010_041.bnet,random_mc,11,14,73.14285714285714,21.573320636038073,177,10,0,10,0,1,1,asynchronous
n010_041.bnet,random_mc,12,14,73.14285714285714,21.983296070481536,176,10,0,10,0,1,1,asynchronous
n010_041.bnet,random_mc,13,14,73.14285714285714,22.25776635840412,175,10,0,10,0,1,1,asynchronous
n010_041.bnet,random_mc,14,14,73.14285714285714,22.21922315363479,176,10,0,10,0,1,1,asynchronous
n010_041.bnet,random_mc,15,14,73.14285714285714,21.708645884127574,179,10,0,10,0,1,1,asynchronous
n010_041.bnet,random_mc,16,14,73.14285714285714,22.083792191356547,177,10,0,10,0,1,1,asynchronous
n010_041.bnet,random_mc,17,14,73.14285714285714,21.813682281858732,178,10,0,10,0,1,1,asynchronous
n010_041.bnet,random_mc,18,14,73.14285714285714,21.2261871377825,178,10,0,10,0,1,1,asynchronous
n010_041.bnet,random_mc,19,14,73.14285714285714,23.33867771642216,177,10,0,10,0,1,1,asynchronous
n010_041.bnet,random_mc,20,14,73.14285714285714,22.62696603251825,176,10,0,10,0,1,1,asynchronous
n010_041.bnet,random_mc,21,14,73.14285714285714,21.377080994297014,177,10,0,10,0,1,1,asynchronous
n010_041.bnet,random_mc,22,14,73.14285714285714,21.58656044479376,178,10,0,10,0,1,1,asynchronous
n010_041.bnet,random_mc,23,14,73.14285714285714,21.731665976690536,177,10,0,10,0,1,1,asynchronous
n010_041.bnet,random_mc,24,14,73.14285714285714,22.652206271787122,175,10,0,10,0,1,1,asynchronous
n010_041.bnet,random_mc,25,14,73.14285714285714,22.228865220239918,177,10,0,10,0,1,1,asynchronous
n010_041.bnet,random_mc,26,14,73.14285714285714,20.965472100769954,177,10,0,10,0,1,1,asynchronous
n010_041.bnet,random_mc,27,14,73.14285714285714,22.083792191356547,176,10,0,10,0,1,1,asynchronous
n010_041.bnet,random_mc,28,14,73.14285714285714,21.13851306724003,178,10,0,10,0,1,1,asynchronous
n010_041.bnet,random_mc,29,14,73.14285714285714,23.61251829873644,178,10,0,10,0,1,1,asynchronous
n010_042.bnet,sd_mc,0,9,7.111111111111111,4.4583116994975285,25,10,0,6,0,1,1,asynchronous
n010_042.bnet,null_mc,0,2,32.0,31.0,3,10,0,6,0,1,1,asynchronous
n010_042.bnet,random_mc,0,9,7.111111111111111,3.1071403231354586,69,10,0,6,0,1,1,asynchronous
n010_042.bnet,random_mc,1,9,7.111111111111111,3.177855476905576,69,10,0,6,0,1,1,asynchronous
n010_042.bnet,random_mc,2,9,7.111111111111111,3.8999841721742765,58,10,0,6,0,1,1,asynchronous
n010_042.bnet,random_mc,3,9,7.111111111111111,2.4241582476968255,68,10,0,6,0,1,1,asynchronous
n010_042.bnet,random_mc,4,9,7.111111111111111,3.9283710065919304,66,10,0,6,0,1,1,asynchronous
n010_042.bnet,random_mc,5,9,7.111111111111111,3.177855476905576,69,10,0,6,0,1,1,asynchronous
n010_042.bnet,random_mc,6,9,7.111111111111111,2.960647243216495,65,10,0,6,0,1,1,asynchronous
n010_042.bnet,random_mc,7,9,7.111111111111111,3.034777840832814,68,10,0,6,0,1,1,asynchronous
n010_042.bnet,random_mc,8,9,7.111111111111111,3.034777840832814,65,10,0,6,0,1,1,asynchronous
n010_042.bnet,random_mc,9,9,7.111111111111111,3.281071791162978,64,10,0,6,0,1,1,asynchronous
n010_042.bnet,random_mc,10,9,7.111111111111111,2.5579698740491863,68,10,0,6,0,1,1,asynchronous
n010_042.bnet,random_mc,11,9,7.111111111111111,3.4462360931712936,62,10,0,6,0,1,1,asynchronous
n010_042.bnet,random_mc,12,9,7.111111111111111,2.8846122190549264,68,10,0,6,0,1,1,asynchronous
n010_042.bnet,random_mc,13,9,7.111111111111111,3.3481153718487473,64,10,0,6,0,1,1,asynchronous
n010_042.bnet,random_mc,14,9,7.111111111111111,4.408185427750527,66,10,0,6,0,1,1,asynchronous
n010_042.bnet,random_mc,15,9,7.111111111111111,2.5579698740491863,68,10,0,6,0,1,1,asynchronous
n010_042.bnet,random_mc,16,9,7.111111111111111,4.201704533597564,65,10,0,6,0,1,1,asynchronous
n010_042.bnet,random_mc,17,9,7.111111111111111,3.510126444206959,59,10,0,6,0,1,1,asynchronous
n010_042.bnet,random_mc,18,9,7.111111111111111,4.306182750016911,61,10,0,6,0,1,1,asynchronous
n010_042.bnet,random_mc,19,9,7.111111111111111,3.3481153718487473,67,10,0,6,0,1,1,asynchronous
n010_042.bnet,random_mc,20,9,7.111111111111111,2.8458329944145997,68,10,0,6,0,1,1,asynchronous
n010_042.bnet,random_mc,21,9,7.111111111111111,2.9228769862146455,67,10,0,6,0,1,1,asynchronous
n010_042.bnet,random_mc,22,9,7.111111111111111,3.7548322774924,61,10,0,6,0,1,1,asynchronous
n010_042.bnet,random_mc,23,9,7.111111111111111,2.6434171674156266,67,10,0,6,0,1,1,asynchronous
n010_042.bnet,random_mc,24,9,7.111111111111111,3.6951753662924203,60,10,0,6,0,1,1,asynchronous
n010_042.bnet,random_mc,25,9,7.111111111111111,2.960647243216495,68,10,0,6,0,1,1,asynchronous
n010_042.bnet,random_mc,26,9,7.111111111111111,3.813556067051225,64,10,0,6,0,1,1,asynchronous
n010_042.bnet,random_mc,27,9,7.111111111111111,2.6851213274654606,68,10,0,6,0,1,1,asynchronous
n010_042.bnet,random_mc,28,9,7.111111111111111,3.8713891978187434,67,10,0,6,0,1,1,asynchronous
n010_042.bnet,random_mc,29,9,7.111111111111111,3.212629398844658,67,10,0,6,0,1,1,asynchronous
n010_043.bnet,sd_mc,0,5,51.2,25.10298786997277,9,10,1,8,1,2,2,asynchronous
n010_043.bnet,null_mc,0,3,85.33333333333333,79.0203911798861,5,10,1,8,1,2,2,asynchronous
n010_043.bnet,random_mc,0,5,51.2,25.654629211898584,16,10,1,8,1,2,2,asynchronous
n010_043.bnet,random_mc,1,5,51.2,25.26974475533934,17,10,1,8,1,2,2,asynchronous
n010_043.bnet,random_mc,2,5,51.2,25.42754412050051,17,10,1,8,1,2,2,asynchronous
n010_043.bnet,random_mc,3,5,51.2,26.16409753842085,17,10,1,8,1,2,2,asynchronous
n010_043.bnet,random_mc,4,5,51.2,26.38484413446477,17,10,1,8,1,2,2,asynchronous
n010_043.bnet,random_mc,5,5,51.2,25.654629211898584,17,10,1,8,1,2,2,asynchronous
n010_043.bnet,random_mc,6,5,51.2,26.36209399877028,17,10,1,8,1,2,2,asynchronous
n010_043.bnet,random_mc,7,5,51.2,25.142792207708357,17,10,1,8,1,2,2,asynchronous
n010_043.bnet,random_mc,8,5,51.2,25.748009631814263,17,10,1,8,1,2,2,asynchronous
n010_043.bnet,random_mc,9,5,51.2,26.39242315514057,17,10,1,8,1,2,2,asynchronous
n010_043.bnet,random_mc,10,5,51.2,26.331729908990027,17,10,1,8,1,2,2,asynchronous
n010_043.bnet,random_mc,11,5,51.2,26.14880494401226,17,10,1,8,1,2,2,asynchronous
n010_043.bnet,random_mc,12,5,51.2,25.230140705116966,17,10,1,8,1,2,2,asynchronous
n010_043.bnet,random_mc,13,5,51.2,25.623426780975258,17,10,1,8,1,2,2,asynchronous
n010_043.bnet,random_mc,14,5,51.2,25.52959067435277,17,10,1,8,1,2,2,asynchronous
n010_043.bnet,random_mc,15,5,51.2,26.452977148139677,17,10,1,8,1,2,2,asynchronous
n010_043.bnet,random_mc,16,5,51.2,26.07220742476555,17,10,1,8,1,2,2,asynchronous
n010_043.bnet,random_mc,17,5,51.2,25.2618289124125,17,10,1,8,1,2,2,asynchronous
n010_043.bnet,random_mc,18,5,51.2,25.182533629482162,17,10,1,8,1,2,2,asynchronous
n010_043.bnet,random_mc,19,5,51.2,25.21428166734083,17,10,1,8,1,2,2,asynchronous
n010_043.bnet,random_mc,20,5,51.2,26.47564918939666,17,10,1,8,1,2,2,asynchronous
n010_043.bnet,random_mc,21,5,51.2,25.30138336138955,17,10,1,8,1,2,2,asynchronous
n010_043.bnet,random_mc,22,5,51.2,25.34087607009671,17,10,1,8,1,2,2,asynchronous
n010_043.bnet,random_mc,23,5,51.2,25.2618289124125,17,10,1,8,1,2,2,asynchronous
n010_043.bnet,random_mc,24,5,51.2,25.451129640941282,17,10,1,8,1,2,2,asynchronous
n010_043.bnet,random_mc,25,5,51.2,25.2618289124125,17,10,1,8,1,2,2,asynchronous
n010_043.bnet,random_mc,26,5,51.2,26.16409753842085,17,10,1,8,1,2,2,asynchronous
n010_043.bnet,random_mc,27,5,51.2,25.230140705116966,17,10,1,8,1,2,2,asynchronous
n010_043.bnet,random_mc,28,5,51.2,25.30138336138955,17,10,1,8,1,2,2,asynchronous
n010_043.bnet,random_mc,29,5,51.2,25.182533629482162,16,10,1,8,1,2,2,asynchronous
n010_044.bnet,sd_mc,0,3,341.3333333333333,394.8648151231282,6,10,0,10,0,1,1,asynchronous
n010_044.bnet,null_mc,0,2,512.0,504.0,3,10,0,10,0,1,1,asynchronous
n010_044.bnet,random_mc,0,3,341.3333333333333,235.70367460483558,7,10,0,10,0,1,1,asynchronous
n010_044.bnet,random_mc,1,3,341.3333333333333,235.90581924902904,7,10,0,10,0,1,1,asynchronous
n010_044.bnet,random_mc,2,3,341.3333333333333,235.7376130833224,7,10,0,10,0,1,1,asynchronous
n010_044.bnet,random_mc,3,3,341.3333333333333,235.7376130833224,7,10,0,10,0,1,1,asynchronous
n010_044.bnet,random_mc,4,3,341.3333333333333,235.79275269232136,7,10,0,10,0,1,1,asynchronous
n010_044.bnet,random_mc,5,3,341.3333333333333,235.71498797394185,7,10,0,10,0,1,1,asynchronous
n010_044.bnet,random_mc,6,3,341.3333333333333,236.32510563957348,7,10,0,10,0,1,1,asynchronous
n010_044.bnet,random_mc,7,3,341.3333333333333,235.97928345984573,7,10,0,10,0,1,1,asynchronous
n010_044.bnet,random_mc,8,3,341.3333333333333,235.8733181651164,7,10,0,10,0,1,1,asynchronous
n010_044.bnet,random_mc,9,3,341.3333333333333,237.42835176579527,7,10,0,10,0,1,1,asynchronous
n010_044.bnet,random_mc,10,3,341.3333333333333,235.72488672650204,7,10,0,10,0,1,1,asynchronous
n010_044.bnet,random_mc,11,3,341.3333333333333,235.79275269232136,7,10,0,10,0,1,1,asynchronous
n010_044.bnet,random_mc,12,3,341.3333333333333,235.8733181651164,7,10,0,10,0,1,1,asynchronous
n010_044.bnet,random_mc,13,3,341.3333333333333,235.7531665864863,7,10,0,10,0,1,1,asynchronous
n010_044.bnet,random_mc,14,3,341.3333333333333,235.72488672650204,7,10,0,10,0,1,1,asynchronous
n010_044.bnet,random_mc,15,3,341.3333333333333,235.7531665864863,7,10,0,10,0,1,1,asynchronous
n010_044.bnet,random_mc,16,3,341.3333333333333,235.7376130833224,7,10,0,10,0,1,1,asynchronous
n010_044.bnet,random_mc,17,3,341.3333333333333,235.8733181651164,7,10,0,10,0,1,1,asynchronous
n010_044.bnet,random_mc,18,3,341.3333333333333,235.90581924902904,7,10,0,10,0,1,1,asynchronous
n010_044.bnet,random_mc,19,3,341.3333333333333,237.23734013758366,7,10,0,10,0,1,1,asynchronous
n010_044.bnet,random_mc,20,3,341.3333333333333,236.80840825912878,7,10,0,10,0,1,1,asynchronous
n010_044.bnet,random_mc,21,3,341.3333333333333,235.71498797394185,7,10,0,10,0,1,1,asynchronous
n010_044.bnet,random_mc,22,3,341.3333333333333,236.06402144804323,7,10,0,10,0,1,1,asynchronous
n010_044.bnet,random_mc,23,3,341.3333333333333,236.267268622258,7,10,0,10,0,1,1,asynchronous
n010_044.bnet,random_mc,24,3,341.3333333333333,236.02024395283462,7,10,0,10,0,1,1,asynchronous
n010_044.bnet,random_mc,25,3,341.3333333333333,235.9411414362112,7,10,0,10,0,1,1,asynchronous
n010_044.bnet,random_mc,26,3,341.3333333333333,235.7531665864863,7,10,0,10,0,1,1,asynchronous
n010_044.bnet,random_mc,27,3,341.3333333333333,235.84363935078304,7,10,0,10,0,1,1,asynchronous
n010_044.bnet,random_mc,28,3,341.3333333333333,235.8733181651164,7,10,0,10,0,1,1,asynchronous
n010_044.bnet,random_mc,29,3,341.3333333333333,235.7531665864863,7,10,0,10,0,1,1,asynchronous
n010_045.bnet,sd_mc,0,1,64.0,0.0,1,10,0,6,0,1,1,asynchronous
n010_045.bnet,null_mc,0,1,64.0,0.0,1,10,0,6,0,1,1,asynchronous
n010_045.bnet,random_mc,0,1,64.0,0.0,1,10,0,6,0,1,1,asynchronous
n010_045.bnet,random_mc,1,1,64.0,0.0,1,10,0,6,0,1,1,asynchronous
n010_045.bnet,random_mc,2,1,64.0,0.0,1,10,0,6,0,1,1,asynchronous
n010_045.bnet,random_mc,3,1,64.0,0.0,1,10,0,6,0,1,1,asynchronous
n010_045.bnet,random_mc,4,1,64.0,0.0,1,10,0,6,0,1,1,asynchronous
n010_045.bnet,random_mc,5,1,64.0,0.0,1,10,0,6,0,1,1,asynchronous
n010_045.bnet,random_mc,6,1,64.0,0.0,1,10,0,6,0,1,1,asynchronous
n010_045.bnet,random_mc,7,1,64.0,0.0,1,10,0,6,0,1,1,asynchronous
n010_045.bnet,random_mc,8,1,64.0,0.0,1,10,0,6,0,1,1,asynchronous
n010_045.bnet,random_mc,9,1,64.0,0.0,1,10,0,6,0,1,1,asynchronous
n010_045.bnet,random_mc,10,1,64.0,0.0,1,10,0,6,0,1,1,asynchronous
n010_045.bnet,random_mc,11,1,64.0,0.0,1,10,0,6,0,1,1,asynchronous
n010_045.bnet,random_mc,12,1,64.0,0.0,1,10,0,6,0,1,1,asynchronous
n010_045.bnet,random_mc,13,1,64.0,0.0,1,10,0,6,0,1,1,asynchronous
n010_045.bnet,random_mc,14,1,64.0,0.0,1,10,0,6,0,1,1,asynchronous
n010_045.bnet,random_mc,15,1,64.0,0.0,1,10,0,6,0,1,1,asynchronous
n010_045.bnet,random_mc,16,1,64.0,0.0,1,10,0,6,0,1,1,asynchronous
n010_045.bnet,random_mc,17,1,64.0,0.0,1,10,0,6,0,1,1,asynchronous
n010_045.bnet,random_mc,18,1,64.0,0.0,1,10,0,6,0,1,1,asynchronous
n010_045.bnet,random_mc,19,1,64.0,0.0,1,10,0,6,0,1,1,asynchronous
n010_045.bnet,random_mc,20,1,64.0,0.0,1,10,0,6,0,1,1,asynchronous
n010_045.bnet,random_mc,21,1,64.0,0.0,1,10,0,6,0,1,1,asynchronous
n010_045.bnet,random_mc,22,1,64.0,0.0,1,10,0,6,0,1,1,asynchronous
n010_045.bnet,random_mc,23,1,64.0,0.0,1,10,0,6,0,1,1,asynchronous
n010_045.bnet,random_mc,24,1,64.0,0.0,1,10,0,6,0,1,1,asynchronous
n010_045.bnet,random_mc,25,1,64.0,0.0,1,10,0,6,0,1,1,asynchronous
n010_045.bnet,random_mc,26,1,64.0,0.0,1,10,0,6,0,1,1,asynchronous
n010_045.bnet,random_mc,27,1,64.0,0.0,1,10,0,6,0,1,1,asynchronous
n010_045.bnet,random_mc,28,1,64.0,0.0,1,10,0,6,0,1,1,asynchronous
n010_045.bnet,random_mc,29,1,64.0,0.0,1,10,0,6,0,1,1,asynchronous
n010_047.bnet,sd_mc,0,13,39.38461538461539,101.72779550692242,46,10,0,9,0,1,1,asynchronous
n010_047.bnet,null_mc,0,2,256.0,255.0,3,10,0,9,0,1,1,asynchronous
n010_047.bnet,random_mc,0,13,39.38461538461539,12.003451180251721,153,10,0,9,0,1,1,asynchronous
n010_047.bnet,random_mc,1,13,39.38461538461539,12.288446490902068,152,10,0,9,0,1,1,asynchronous
n010_047.bnet,random_mc,2,13,39.38461538461539,11.822654013756559,151,10,0,9,0,1,1,asynchronous
n010_047.bnet,random_mc,3,13,39.38461538461539,13.21734560538049,152,10,0,9,0,1,1,asynchronous
n010_047.bnet,random_mc,4,13,39.38461538461539,12.809482434379866,152,10,0,9,0,1,1,asynchronous
n010_047.bnet,random_mc,5,13,39.38461538461539,13.596031443252738,151,10,0,9,0,1,1,asynchronous
n010_047.bnet,random_mc,6,13,39.38461538461539,12.244549566351562,153,10,0,9,0,1,1,asynchronous
n010_047.bnet,random_mc,7,13,39.38461538461539,12.821487142464353,152,10,0,9,0,1,1,asynchronous
n010_047.bnet,random_mc,8,13,39.38461538461539,12.419206351073024,152,10,0,9,0,1,1,asynchronous
n010_047.bnet,random_mc,9,13,39.38461538461539,13.14146966104138,151,10,0,9,0,1,1,asynchronous
n010_047.bnet,random_mc,10,13,39.38461538461539,13.252218749143402,152,10,0,9,0,1,1,asynchronous
n010_047.bnet,random_mc,11,13,39.38461538461539,12.468658934356244,151,10,0,9,0,1,1,asynchronous
n010_047.bnet,random_mc,12,13,39.38461538461539,12.357112318501885,152,10,0,9,0,1,1,asynchronous
n010_047.bnet,random_mc,13,13,39.38461538461539,11.874591241797056,149,10,0,9,0,1,1,asynchronous
n010_047.bnet,random_mc,14,13,39.38461538461539,13.023874299729245,151,10,0,9,0,1,1,asynchronous
n010_047.bnet,random_mc,15,13,39.38461538461539,12.917123170656737,151,10,0,9,0,1,1,asynchronous
n010_047.bnet,random_mc,16,13,39.38461538461539,13.112169693946164,152,10,0,9,0,1,1,asynchronous
n010_047.bnet,random_mc,17,13,39.38461538461539,12.923076923076923,150,10,0,9,0,1,1,asynchronous
n010_047.bnet,random_mc,18,13,39.38461538461539,12.791454247862044,151,10,0,9,0,1,1,asynchronous
n010_047.bnet,random_mc,19,13,39.38461538461539,13.017966646957648,152,10,0,9,0,1,1,asynchronous
n010_047.bnet,random_mc,20,13,39.38461538461539,12.845462901731619,150,10,0,9,0,1,1,asynchronous
n010_047.bnet,random_mc,21,13,39.38461538461539,11.874591241797056,152,10,0,9,0,1,1,asynchronous
n010_047.bnet,random_mc,22,13,39.38461538461539,12.054609469719692,150,10,0,9,0,1,1,asynchronous
n010_047.bnet,random_mc,23,13,39.38461538461539,11.945636226341025,152,10,0,9,0,1,1,asynchronous
n010_047.bnet,random_mc,24,13,39.38461538461539,12.887313150408287,151,10,0,9,0,1,1,asynchronous
n010_047.bnet,random_mc,25,13,39.38461538461539,13.533652992212023,152,10,0,9,0,1,1,asynchronous
n010_047.bnet,random_mc,26,13,39.38461538461539,12.130942391818103,152,10,0,9,0,1,1,asynchronous
n010_047.bnet,random_mc,27,13,39.38461538461539,11.913395573170575,151,10,0,9,0,1,1,asynchronous
n010_047.bnet,random_mc,28,13,39.38461538461539,12.4871531616634,151,10,0,9,0,1,1,asynchronous
n010_047.bnet,random_mc,29,13,39.38461538461539,13.590372506008473,152,10,0,9,0,1,1,asynchronous
n010_048.bnet,sd_mc,0,11,46.54545454545455,46.42171050932495,33,10,0,9,0,2,2,asynchronous
n010_048.bnet,null_mc,0,3,170.66666666666666,239.94490108263514,5,10,0,9,0,2,2,asynchronous
n010_048.bnet,random_mc,0,11,46.54545454545455,22.121004565236333,94,10,0,9,0,2,2,asynchronous
n010_048.bnet,random_mc,1,11,46.54545454545455,21.877192924320386,92,10,0,9,0,2,2,asynchronous
n010_048.bnet,random_mc,2,11,46.54545454545455,21.939435794368247,93,10,0,9,0,2,2,asynchronous
n010_048.bnet,random_mc,3,11,46.54545454545455,22.11278378249944,96,10,0,9,0,2,2,asynchronous
n010_048.bnet,random_mc,4,11,46.54545454545455,21.823105505044364,95,10,0,9,0,2,2,asynchronous
n010_048.bnet,random_mc,5,11,46.54545454545455,22.880573881723876,93,10,0,9,0,2,2,asynchronous
n010_048.bnet,random_mc,6,11,46.54545454545455,22.354026020805357,95,10,0,9,0,2,2,asynchronous
n010_048.bnet,random_mc,7,11,46.54545454545455,22.02215263346366,93,10,0,9,0,2,2,asynchronous
n010_048.bnet,random_mc,8,11,46.54545454545455,22.001502578289497,94,10,0,9,0,2,2,asynchronous
n010_048.bnet,random_mc,9,11,46.54545454545455,22.23986443861414,94,10,0,9,0,2,2,asynchronous
n010_048.bnet,random_mc,10,11,46.54545454545455,23.062616883620585,91,10,0,9,0,2,2,asynchronous
n010_048.bnet,random_mc,11,11,46.54545454545455,22.785017550868563,95,10,0,9,0,2,2,asynchronous
n010_048.bnet,random_mc,12,11,46.54545454545455,22.349958862535402,94,10,0,9,0,2,2,asynchronous
n010_048.bnet,random_mc,13,11,46.54545454545455,22.20713905016557,96,10,0,9,0,2,2,asynchronous
n010_048.bnet,random_mc,14,11,46.54545454545455,22.50803346025445,96,10,0,9,0,2,2,asynchronous
n010_048.bnet,random_mc,15,11,46.54545454545455,22.749080446405408,93,10,0,9,0,2,2,asynchronous
n010_048.bnet,random_mc,16,11,46.54545454545455,23.02316476296166,94,10,0,9,0,2,2,asynchronous
n010_048.bnet,random_mc,17,11,46.54545454545455,22.00563413956293,92,10,0,9,0,2,2,asynchronous
n010_048.bnet,random_mc,18,11,46.54545454545455,22.41494483745422,98,10,0,9,0,2,2,asynchronous
n010_048.bnet,random_mc,19,11,46.54545454545455,22.785017550868563,95,10,0,9,0,2,2,asynchronous
n010_048.bnet,random_mc,20,11,46.54545454545455,22.979689199431732,96,10,0,9,0,2,2,asynchronous
n010_048.bnet,random_mc,21,11,46.54545454545455,22.252124051276283,95,10,0,9,0,2,2,asynchronous
n010_048.bnet,random_mc,22,11,46.54545454545455,21.83143536847575,96,10,0,9,0,2,2,asynchronous
n010_048.bnet,random_mc,23,11,46.54545454545455,22.301095107084016,92,10,0,9,0,2,2,asynchronous
n010_048.bnet,random_mc,24,11,46.54545454545455,23.3291220127183,95,10,0,9,0,2,2,asynchronous
n010_048.bnet,random_mc,25,11,46.54545454545455,22.358092439218986,92,10,0,9,0,2,2,asynchronous
n010_048.bnet,random_mc,26,11,46.54545454545455,22.354026020805357,93,10,0,9,0,2,2,asynchronous
n010_048.bnet,random_mc,27,11,46.54545454545455,22.423054841607822,98,10,0,9,0,2,2,asynchronous
n010_048.bnet,random_mc,28,11,46.54545454545455,22.13743697229829,94,10,0,9,0,2,2,asynchronous
n010_048.bnet,random_mc,29,11,46.54545454545455,23.584909028535545,93,10,0,9,0,2,2,asynchronous
n010_049.bnet,sd_mc,0,30,17.066666666666666,28.67627745870947,120,10,0,9,0,4,4,asynchronous
n010_049.bnet,null_mc,0,5,102.4,202.79999999999998,9,10,0,9,0,4,4,asynchronous
n010_049.bnet,random_mc,0,30,17.066666666666666,7.442819059708193,653,10,0,9,0,4,4,asynchronous
n010_049.bnet,random_mc,1,30,17.066666666666666,7.388880534665285,651,10,0,9,0,4,4,asynchronous
n010_049.bnet,random_mc,2,30,17.066666666666666,7.597952940686648,661,10,0,9,0,4,4,asynchronous
n010_049.bnet,random_mc,3,30,17.066666666666666,7.873725646449434,652,10,0,9,0,4,4,asynchronous
n010_049.bnet,random_mc,4,30,17.066666666666666,7.57598545111826,669,10,0,9,0,4,4,asynchronous
n010_049.bnet,random_mc,5,30,17.066666666666666,7.92856999856987,657,10,0,9,0,4,4,asynchronous
n010_049.bnet,random_mc,6,30,17.066666666666666,7.329999242079694,663,10,0,9,0,4,4,asynchronous
n010_049.bnet,random_mc,7,30,17.066666666666666,7.2430809896219035,663,10,0,9,0,4,4,asynchronous
n010_049.bnet,random_mc,8,30,17.066666666666666,7.775745766305777,664,10,0,9,0,4,4,asynchronous
n010_049.bnet,random_mc,9,30,17.066666666666666,7.523001764957626,680,10,0,9,0,4,4,asynchronous
n010_049.bnet,random_mc,10,30,17.066666666666666,7.85677344008906,651,10,0,9,0,4,4,asynchronous
n010_049.bnet,random_mc,11,30,17.066666666666666,7.848283605703578,658,10,0,9,0,4,4,asynchronous
n010_049.bnet,random_mc,12,30,17.066666666666666,7.749982078832326,660,10,0,9,0,4,4,asynchronous
n010_049.bnet,random_mc,13,30,17.066666666666666,7.302663136752844,669,10,0,9,0,4,4,asynchronous
n010_049.bnet,random_mc,14,30,17.066666666666666,7.343629136121247,671,10,0,9,0,4,4,asynchronous
n010_049.bnet,random_mc,15,30,17.066666666666666,8.024684140547562,656,10,0,9,0,4,4,asynchronous
n010_049.bnet,random_mc,16,30,17.066666666666666,7.284382075524472,664,10,0,9,0,4,4,asynchronous
n010_049.bnet,random_mc,17,30,17.066666666666666,7.438339121664788,664,10,0,9,0,4,4,asynchronous
n010_049.bnet,random_mc,18,30,17.066666666666666,7.805695925981801,655,10,0,9,0,4,4,asynchronous
n010_049.bnet,random_mc,19,30,17.066666666666666,7.442819059708193,666,10,0,9,0,4,4,asynchronous
n010_049.bnet,random_mc,20,30,17.066666666666666,7.393390441618934,672,10,0,9,0,4,4,asynchronous
n010_049.bnet,random_mc,21,30,17.066666666666666,7.113055289786208,675,10,0,9,0,4,4,asynchronous
n010_049.bnet,random_mc,22,30,17.066666666666666,7.018705167067656,669,10,0,9,0,4,4,asynchronous
n010_049.bnet,random_mc,23,30,17.066666666666666,7.46071191122015,668,10,0,9,0,4,4,asynchronous
n010_049.bnet,random_mc,24,30,17.066666666666666,7.514134828589531,659,10,0,9,0,4,4,asynchronous
n010_049.bnet,random_mc,25,30,17.066666666666666,7.637335195530499,659,10,0,9,0,4,4,asynchronous
n010_049.bnet,random_mc,26,30,17.066666666666666,7.505257416563997,651,10,0,9,0,4,4,asynchronous
n010_049.bnet,random_mc,27,30,17.066666666666666,7.075466219424853,668,10,0,9,0,4,4,asynchronous
n010_049.bnet,random_mc,28,30,17.066666666666666,7.113055289786208,668,10,0,9,0,4,4,asynchronous
n010_049.bnet,random_mc,29,30,17.066666666666666,7.361763073853678,670,10,0,9,0,4,4,asynchronous
n010_050.bnet,sd_mc,0,2,4.0,2.0,3,10,0,3,0,1,1,asynchronous
n010_050.bnet,null_mc,0,2,4.0,2.0,3,10,0,3,0,1,1,asynchronous
n010_050.bnet,random_mc,0,2,4.0,2.0,3,10,0,3,0,1,1,asynchronous
n010_050.bnet,random_mc,1,2,4.0,2.0,3,10,0,3,0,1,1,asynchronous
n010_050.bnet,random_mc,2,2,4.0,2.0,3,10,0,3,0,1,1,asynchronous
n010_050.bnet,random_mc,3,2,4.0,2.0,3,10,0,3,0,1,1,asynchronous
n010_050.bnet,random_mc,4,2,4.0,2.0,3,10,0,3,0,1,1,asynchronous
n010_050.bnet,random_mc,5,2,4.0,2.0,3,10,0,3,0,1,1,asynchronous
n010_050.bnet,random_mc,6,2,4.0,2.0,3,10,0,3,0,1,1,asynchronous
n010_050.bnet,random_mc,7,2,4.0,2.0,3,10,0,3,0,1,1,asynchronous
n010_050.bnet,random_mc,8,2,4.0,2.0,3,10,0,3,0,1,1,asynchronous
n010_050.bnet,random_mc,9,2,4.0,2.0,3,10,0,3,0,1,1,asynchronous
n010_050.bnet,random_mc,10,2,4.0,2.0,3,10,0,3,0,1,1,asynchronous
n010_050.bnet,random_mc,11,2,4.0,2.0,3,10,0,3,0,1,1,asynchronous
n010_050.bnet,random_mc,12,2,4.0,2.0,3,10,0,3,0,1,1,asynchronous
n010_050.bnet,random_mc,13,2,4.0,2.0,3,10,0,3,0,1,1,asynchronous
n010_050.bnet,random_mc,14,2,4.0,2.0,3,10,0,3,0,1,1,asynchronous
n010_050.bnet,random_mc,15,2,4.0,2.0,3,10,0,3,0,1,1,asynchronous
n010_050.bnet,random_mc,16,2,4.0,2.0,3,10,0,3,0,1,1,asynchronous
n010_050.bnet,random_mc,17,2,4.0,2.0,3,10,0,3,0,1,1,asynchronous
n010_050.bnet,random_mc,18,2,4.0,2.0,3,10,0,3,0,1,1,asynchronous
n010_050.bnet,random_mc,19,2,4.0,2.0,3,10,0,3,0,1,1,asynchronous
n010_050.bnet,random_mc,20,2,4.0,2.0,3,10,0,3,0,1,1,asynchronous
n010_050.bnet,random_mc,21,2,4.0,2.0,3,10,0,3,0,1,1,asynchronous
n010_050.bnet,random_mc,22,2,4.0,2.0,3,10,0,3,0,1,1,asynchronous
n010_050.bnet,random_mc,23,2,4.0,2.0,3,10,0,3,0,1,1,asynchronous
n010_050.bnet,random_mc,24,2,4.0,2.0,3,10,0,3,0,1,1,asynchronous
n010_050.bnet,random_mc,25,2,4.0,2.0,3,10,0,3,0,1,1,asynchronous
n010_050.bnet,random_mc,26,2,4.0,2.0,3,10,0,3,0,1,1,asynchronous
n010_050.bnet,random_mc,27,2,4.0,2.0,3,10,0,3,0,1,1,asynchronous
n010_050.bnet,random_mc,28,2,4.0,2.0,3,10,0,3,0,1,1,asynchronous
n010_050.bnet,random_mc,29,2,4.0,2.0,3,10,0,3,0,1,1,asynchronous
n010_051.bnet,sd_mc,0,20,51.2,158.97471497065186,77,10,0,10,0,6,6,asynchronous
n010_051.bnet,null_mc,0,7,146.28571428571428,351.8017762830631,13,10,0,10,0,6,6,asynchronous
n010_051.bnet,random_mc,0,20,51.2,32.31036985241735,247,10,0,10,0,6,6,asynchronous
n010_051.bnet,random_mc,1,20,51.2,32.26856055048009,250,10,0,10,0,6,6,asynchronous
n010_051.bnet,random_mc,2,20,51.2,32.27940519898098,252,10,0,10,0,6,6,asynchronous
n010_051.bnet,random_mc,3,20,51.2,32.20186330012597,251,10,0,10,0,6,6,asynchronous
n010_051.bnet,random_mc,4,20,51.2,32.19720484762614,249,10,0,10,0,6,6,asynchronous
n010_051.bnet,random_mc,5,20,51.2,32.615333817086714,253,10,0,10,0,6,6,asynchronous
n010_051.bnet,random_mc,6,20,51.2,32.322747407978795,254,10,0,10,0,6,6,asynchronous
n010_051.bnet,random_mc,7,20,51.2,32.5616338656401,252,10,0,10,0,6,6,asynchronous
n010_051.bnet,random_mc,8,20,51.2,32.33975881171658,247,10,0,10,0,6,6,asynchronous
n010_051.bnet,random_mc,9,20,51.2,32.575450879458295,250,10,0,10,0,6,6,asynchronous
n010_051.bnet,random_mc,10,20,51.2,33.006968961114865,249,10,0,10,0,6,6,asynchronous
n010_051.bnet,random_mc,11,20,51.2,32.56316937891642,248,10,0,10,0,6,6,asynchronous
n010_051.bnet,random_mc,12,20,51.2,32.668945498745444,251,10,0,10,0,6,6,asynchronous
n010_051.bnet,random_mc,13,20,51.2,32.959975728146404,245,10,0,10,0,6,6,asynchronous
n010_051.bnet,random_mc,14,20,51.2,32.80030487663186,249,10,0,10,0,6,6,asynchronous
n010_051.bnet,random_mc,15,20,51.2,32.4,246,10,0,10,0,6,6,asynchronous
n010_051.bnet,random_mc,16,20,51.2,32.618399715498,249,10,0,10,0,6,6,asynchronous
n010_051.bnet,random_mc,17,20,51.2,32.540129071655514,254,10,0,10,0,6,6,asynchronous
n010_051.bnet,random_mc,18,20,51.2,32.45242671973854,250,10,0,10,0,6,6,asynchronous
n010_051.bnet,random_mc,19,20,51.2,33.2725111766455,248,10,0,10,0,6,6,asynchronous
n010_051.bnet,random_mc,20,20,51.2,32.94328459640902,249,10,0,10,0,6,6,asynchronous
n010_051.bnet,random_mc,21,20,51.2,32.318106380170235,248,10,0,10,0,6,6,asynchronous
n010_051.bnet,random_mc,22,20,51.2,32.47091005808122,252,10,0,10,0,6,6,asynchronous
n010_051.bnet,random_mc,23,20,51.2,32.60306734035925,249,10,0,10,0,6,6,asynchronous
n010_051.bnet,random_mc,24,20,51.2,32.87339349686917,249,10,0,10,0,6,6,asynchronous
n010_051.bnet,random_mc,25,20,51.2,32.86274486405541,248,10,0,10,0,6,6,asynchronous
n010_051.bnet,random_mc,26,20,51.2,32.277856186556136,252,10,0,10,0,6,6,asynchronous
n010_051.bnet,random_mc,27,20,51.2,32.54473843803327,246,10,0,10,0,6,6,asynchronous
n010_051.bnet,random_mc,28,20,51.2,32.27320870319529,246,10,0,10,0,6,6,asynchronous
n010_051.bnet,random_mc,29,20,51.2,33.37903533657017,252,10,0,10,0,6,6,asynchronous
n010_052.bnet,sd_mc,0,2,1.0,0.0,2,10,0,1,1,2,2,asynchronous
n010_052.bnet,null_mc,0,2,1.0,0.0,2,10,0,1,1,2,2,asynchronous
n010_052.bnet,random_mc,0,2,1.0,0.0,2,10,0,1,1,2,2,asynchronous
n010_052.bnet,random_mc,1,2,1.0,0.0,2,10,0,1,1,2,2,asynchronous
n010_052.bnet,random_mc,2,2,1.0,0.0,2,10,0,1,1,2,2,asynchronous
n010_052.bnet,random_mc,3,2,1.0,0.0,2,10,0,1,1,2,2,asynchronous
n010_052.bnet,random_mc,4,2,1.0,0.0,2,10,0,1,1,2,2,asynchronous
n010_052.bnet,random_mc,5,2,1.0,0.0,2,10,0,1,1,2,2,asynchronous
n010_052.bnet,random_mc,6,2,1.0,0.0,2,10,0,1,1,2,2,asynchronous
n010_052.bnet,random_mc,7,2,1.0,0.0,2,10,0,1,1,2,2,asynchronous
n010_052.bnet,random_mc,8,2,1.0,0.0,2,10,0,1,1,2,2,asynchronous
n010_052.bnet,random_mc,9,2,1.0,0.0,2,10,0,1,1,2,2,asynchronous
n010_052.bnet,random_mc,10,2,1.0,0.0,2,10,0,1,1,2,2,asynchronous
n010_052.bnet,random_mc,11,2,1.0,0.0,2,10,0,1,1,2,2,asynchronous
n010_052.bnet,random_mc,12,2,1.0,0.0,2,10,0,1,1,2,2,asynchronous
n010_052.bnet,random_mc,13,2,1.0,0.0,2,10,0,1,1,2,2,asynchronous
n010_052.bnet,random_mc,14,2,1.0,0.0,2,10,0,1,1,2,2,asynchronous
n010_052.bnet,random_mc,15,2,1.0,0.0,2,10,0,1,1,2,2,asynchronous
n010_052.bnet,random_mc,16,2,1.0,0.0,2,10,0,1,1,2,2,asynchronous
n010_052.bnet,random_mc,17,2,1.0,0.0,2,10,0,1,1,2,2,asynchronous
n010_052.bnet,random_mc,18,2,1.0,0.0,2,10,0,1,1,2,2,asynchronous
n010_052.bnet,random_mc,19,2,1.0,0.0,2,10,0,1,1,2,2,asynchronous
n010_052.bnet,random_mc,20,2,1.0,0.0,2,10,0,1,1,2,2,asynchronous
n010_052.bnet,random_mc,21,2,1.0,0.0,2,10,0,1,1,2,2,asynchronous
n010_052.bnet,random_mc,22,2,1.0,0.0,2,10,0,1,1,2,2,asynchronous
n010_052.bnet,random_mc,23,2,1.0,0.0,2,10,0,1,1,2,2,asynchronous
n010_052.bnet,random_mc,24,2,1.0,0.0,2,10,0,1,1,2,2,asynchronous
n010_052.bnet,random_mc,25,2,1.0,0.0,2,10,0,1,1,2,2,asynchronous
n010_052.bnet,random_mc,26,2,1.0,0.0,2,10,0,1,1,2,2,asynchronous
n010_052.bnet,random_mc,27,2,1.0,0.0,2,10,0,1,1,2,2,asynchronous
n010_052.bnet,random_mc,28,2,1.0,0.0,2,10,0,1,1,2,2,asynchronous
n010_052.bnet,random_mc,29,2,1.0,0.0,2,10,0,1,1,2,2,asynchronous
n010_053.bnet,sd_mc,0,3,170.66666666666666,119.9731451432176,5,10,0,9,0,1,1,asynchronous
n010_053.bnet,null_mc,0,2,256.0,255.0,3,10,0,9,0,1,1,asynchronous
n010_053.bnet,random_mc,0,3,170.66666666666666,120.27838080423635,7,10,0,9,0,1,1,asynchronous
n010_053.bnet,random_mc,1,3,170.66666666666666,119.9731451432176,7,10,0,9,0,1,1,asynchronous
n010_053.bnet,random_mc,2,3,170.66666666666666,120.33933503038628,7,10,0,9,0,1,1,asynchronous
n010_053.bnet,random_mc,3,3,170.66666666666666,120.17302341022945,7,10,0,9,0,1,1,asynchronous
n010_053.bnet,random_mc,4,3,170.66666666666666,120.00648130645092,7,10,0,9,0,1,1,asynchronous
n010_053.bnet,random_mc,5,3,170.66666666666666,120.63811816982042,7,10,0,9,0,1,1,asynchronous
n010_053.bnet,random_mc,6,3,170.66666666666666,119.97870181365062,7,10,0,9,0,1,1,asynchronous
n010_053.bnet,random_mc,7,3,170.66666666666666,120.72650450041569,7,10,0,9,0,1,1,asynchronous
n010_053.bnet,random_mc,8,3,170.66666666666666,119.9731451432176,7,10,0,9,0,1,1,asynchronous
n010_053.bnet,random_mc,9,3,170.66666666666666,120.82034412943689,7,10,0,9,0,1,1,asynchronous
n010_053.bnet,random_mc,10,3,170.66666666666666,120.00648130645092,7,10,0,9,0,1,1,asynchronous
n010_053.bnet,random_mc,11,3,170.66666666666666,120.91962436079412,7,10,0,9,0,1,1,asynchronous
n010_053.bnet,random_mc,12,3,170.66666666666666,120.91962436079412,7,10,0,9,0,1,1,asynchronous
n010_053.bnet,random_mc,13,3,170.66666666666666,120.22294105350923,7,10,0,9,0,1,1,asynchronous
n010_053.bnet,random_mc,14,3,170.66666666666666,119.98981438253647,7,10,0,9,0,1,1,asynchronous
n010_053.bnet,random_mc,15,3,170.66666666666666,120.17302341022945,7,10,0,9,0,1,1,asynchronous
n010_053.bnet,random_mc,16,3,170.66666666666666,120.40579535701575,7,10,0,9,0,1,1,asynchronous
n010_053.bnet,random_mc,17,3,170.66666666666666,120.27838080423635,7,10,0,9,0,1,1,asynchronous
n010_053.bnet,random_mc,18,3,170.66666666666666,120.27838080423635,7,10,0,9,0,1,1,asynchronous
n010_053.bnet,random_mc,19,3,170.66666666666666,120.47775267197214,7,10,0,9,0,1,1,asynchronous
n010_053.bnet,random_mc,20,3,170.66666666666666,121.90797986824141,7,10,0,9,0,1,1,asynchronous
n010_053.bnet,random_mc,21,3,170.66666666666666,120.05646819541026,7,10,0,9,0,1,1,asynchronous
n010_053.bnet,random_mc,22,3,170.66666666666666,120.47775267197214,7,10,0,9,0,1,1,asynchronous
n010_053.bnet,random_mc,23,3,170.66666666666666,120.12863475828271,7,10,0,9,0,1,1,asynchronous
n010_053.bnet,random_mc,24,3,170.66666666666666,120.27838080423635,7,10,0,9,0,1,1,asynchronous
n010_053.bnet,random_mc,25,3,170.66666666666666,120.72650450041569,7,10,0,9,0,1,1,asynchronous
n010_053.bnet,random_mc,26,3,170.66666666666666,120.02870027159707,7,10,0,9,0,1,1,asynchronous
n010_053.bnet,random_mc,27,3,170.66666666666666,120.00648130645092,7,10,0,9,0,1,1,asynchronous
n010_053.bnet,random_mc,28,3,170.66666666666666,120.27838080423635,7,10,0,9,0,1,1,asynchronous
n010_053.bnet,random_mc,29,3,170.66666666666666,120.17302341022945,7,10,0,9,0,1,1,asynchronous
n010_054.bnet,sd_mc,0,3,2.6666666666666665,1.247219128924647,5,10,0,3,0,1,1,asynchronous
n010_054.bnet,null_mc,0,2,4.0,3.0,3,10,0,3,0,1,1,asynchronous
n010_054.bnet,random_mc,0,3,2.6666666666666665,2.3570226039551585,6,10,0,3,0,1,1,asynchronous
n010_054.bnet,random_mc,1,3,2.6666666666666665,1.247219128924647,7,10,0,3,0,1,1,asynchronous
n010_054.bnet,random_mc,2,3,2.6666666666666665,1.247219128924647,6,10,0,3,0,1,1,asynchronous
n010_054.bnet,random_mc,3,3,2.6666666666666665,1.247219128924647,6,10,0,3,0,1,1,asynchronous
n010_054.bnet,random_mc,4,3,2.6666666666666665,1.247219128924647,7,10,0,3,0,1,1,asynchronous
n010_054.bnet,random_mc,5,3,2.6666666666666665,1.247219128924647,7,10,0,3,0,1,1,asynchronous
n010_054.bnet,random_mc,6,3,2.6666666666666665,1.247219128924647,5,10,0,3,0,1,1,asynchronous
n010_054.bnet,random_mc,7,3,2.6666666666666665,1.247219128924647,7,10,0,3,0,1,1,asynchronous
n010_054.bnet,random_mc,8,3,2.6666666666666665,1.699673171197595,5,10,0,3,0,1,1,asynchronous
n010_054.bnet,random_mc,9,3,2.6666666666666665,1.247219128924647,7,10,0,3,0,1,1,asynchronous
n010_054.bnet,random_mc,10,3,2.6666666666666665,1.247219128924647,5,10,0,3,0,1,1,asynchronous
n010_054.bnet,random_mc,11,3,2.6666666666666665,1.247219128924647,7,10,0,3,0,1,1,asynchronous
n010_054.bnet,random_mc,12,3,2.6666666666666665,1.699673171197595,6,10,0,3,0,1,1,asynchronous
n010_054.bnet,random_mc,13,3,2.6666666666666665,1.699673171197595,7,10,0,3,0,1,1,asynchronous
n010_054.bnet,random_mc,14,3,2.6666666666666665,1.247219128924647,7,10,0,3,0,1,1,asynchronous
n010_054.bnet,random_mc,15,3,2.6666666666666665,1.247219128924647,7,10,0,3,0,1,1,asynchronous
n010_054.bnet,random_mc,16,3,2.6666666666666665,2.3570226039551585,6,10,0,3,0,1,1,asynchronous
n010_054.bnet,random_mc,17,3,2.6666666666666665,1.699673171197595,7,10,0,3,0,1,1,asynchronous
n010_054.bnet,random_mc,18,3,2.6666666666666665,1.247219128924647,6,10,0,3,0,1,1,asynchronous
n010_054.bnet,random_mc,19,3,2.6666666666666665,1.247219128924647,7,10,0,3,0,1,1,asynchronous
n010_054.bnet,random_mc,20,3,2.6666666666666665,1.247219128924647,6,10,0,3,0,1,1,asynchronous
n010_054.bnet,random_mc,21,3,2.6666666666666665,1.699673171197595,7,10,0,3,0,1,1,asynchronous
n010_054.bnet,random_mc,22,3,2.6666666666666665,1.699673171197595,6,10,0,3,0,1,1,asynchronous
n010_054.bnet,random_mc,23,3,2.6666666666666665,1.699673171197595,5,10,0,3,0,1,1,asynchronous
n010_054.bnet,random_mc,24,3,2.6666666666666665,2.3570226039551585,6,10,0,3,0,1,1,asynchronous
n010_054.bnet,random_mc,25,3,2.6666666666666665,1.247219128924647,6,10,0,3,0,1,1,asynchronous
n010_054.bnet,random_mc,26,3,2.6666666666666665,1.699673171197595,6,10,0,3,0,1,1,asynchronous
n010_054.bnet,random_mc,27,3,2.6666666666666665,1.247219128924647,7,10,0,3,0,1,1,asynchronous
n010_054.bnet,random_mc,28,3,2.6666666666666665,1.699673171197595,6,10,0,3,0,1,1,asynchronous
n010_054.bnet,random_mc,29,3,2.6666666666666665,1.699673171197595,6,10,0,3,0,1,1,asynchronous
n010_055.bnet,sd_mc,0,10,51.2,117.30711828358926,38,10,0,9,0,3,3,asynchronous
n010_055.bnet,null_mc,0,4,128.0,219.9704525612474,7,10,0,9,0,3,3,asynchronous
n010_055.bnet,random_mc,0,10,51.2,33.29504467634786,68,10,0,9,0,3,3,asynchronous
n010_055.bnet,random_mc,1,10,51.2,33.597023677700975,68,10,0,9,0,3,3,asynchronous
n010_055.bnet,random_mc,2,10,51.2,33.065994616826515,69,10,0,9,0,3,3,asynchronous
n010_055.bnet,random_mc,3,10,51.2,33.69807116141813,68,10,0,9,0,3,3,asynchronous
n010_055.bnet,random_mc,4,10,51.2,33.704005696652736,69,10,0,9,0,3,3,asynchronous
n010_055.bnet,random_mc,5,10,51.2,34.14322773259728,65,10,0,9,0,3,3,asynchronous
n010_055.bnet,random_mc,6,10,51.2,33.576182034293296,68,10,0,9,0,3,3,asynchronous
n010_055.bnet,random_mc,7,10,51.2,33.83134641127959,70,10,0,9,0,3,3,asynchronous
n010_055.bnet,random_mc,8,10,51.2,32.959975728146404,66,10,0,9,0,3,3,asynchronous
n010_055.bnet,random_mc,9,10,51.2,34.790228513190314,70,10,0,9,0,3,3,asynchronous
n010_055.bnet,random_mc,10,10,51.2,34.0846006284363,66,10,0,9,0,3,3,asynchronous
n010_055.bnet,random_mc,11,10,51.2,33.74551822094306,67,10,0,9,0,3,3,asynchronous
n010_055.bnet,random_mc,12,10,51.2,33.07808942487459,68,10,0,9,0,3,3,asynchronous
n010_055.bnet,random_mc,13,10,51.2,33.33406665860018,67,10,0,9,0,3,3,asynchronous
n010_055.bnet,random_mc,14,10,51.2,33.222883679777105,68,10,0,9,0,3,3,asynchronous
n010_055.bnet,random_mc,15,10,51.2,33.528495343513406,69,10,0,9,0,3,3,asynchronous
n010_055.bnet,random_mc,16,10,51.2,34.15786878597668,68,10,0,9,0,3,3,asynchronous
n010_055.bnet,random_mc,17,10,51.2,33.52551267318667,67,10,0,9,0,3,3,asynchronous
n010_055.bnet,random_mc,18,10,51.2,33.81656398867277,68,10,0,9,0,3,3,asynchronous
n010_055.bnet,random_mc,19,10,51.2,34.13444008622377,68,10,0,9,0,3,3,asynchronous
n010_055.bnet,random_mc,20,10,51.2,33.3970058538187,67,10,0,9,0,3,3,asynchronous
n010_055.bnet,random_mc,21,10,51.2,33.60595185380114,67,10,0,9,0,3,3,asynchronous
n010_055.bnet,random_mc,22,10,51.2,33.1746891469988,67,10,0,9,0,3,3,asynchronous
n010_055.bnet,random_mc,23,10,51.2,33.0266559009537,69,10,0,9,0,3,3,asynchronous
n010_055.bnet,random_mc,24,10,51.2,33.92874887171645,69,10,0,9,0,3,3,asynchronous
n010_055.bnet,random_mc,25,10,51.2,34.66641025546198,68,10,0,9,0,3,3,asynchronous
n010_055.bnet,random_mc,26,10,51.2,33.76033175192448,66,10,0,9,0,3,3,asynchronous
n010_055.bnet,random_mc,27,10,51.2,32.99636343599094,65,10,0,9,0,3,3,asynchronous
n010_055.bnet,random_mc,28,10,51.2,33.358057497402335,71,10,0,9,0,3,3,asynchronous
n010_055.bnet,random_mc,29,10,51.2,33.81064920997525,70,10,0,9,0,3,3,asynchronous
n010_056.bnet,sd_mc,0,1,32.0,0.0,1,10,0,5,0,1,1,asynchronous
n010_056.bnet,null_mc,0,1,32.0,0.0,1,10,0,5,0,1,1,asynchronous
n010_056.bnet,random_mc,0,1,32.0,0.0,1,10,0,5,0,1,1,asynchronous
n010_056.bnet,random_mc,1,1,32.0,0.0,1,10,0,5,0,1,1,asynchronous
n010_056.bnet,random_mc,2,1,32.0,0.0,1,10,0,5,0,1,1,asynchronous
n010_056.bnet,random_mc,3,1,32.0,0.0,1,10,0,5,0,1,1,asynchronous
n010_056.bnet,random_mc,4,1,32.0,0.0,1,10,0,5,0,1,1,asynchronous
n010_056.bnet,random_mc,5,1,32.0,0.0,1,10,0,5,0,1,1,asynchronous
n010_056.bnet,random_mc,6,1,32.0,0.0,1,10,0,5,0,1,1,asynchronous
n010_056.bnet,random_mc,7,1,32.0,0.0,1,10,0,5,0,1,1,asynchronous
n010_056.bnet,random_mc,8,1,32.0,0.0,1,10,0,5,0,1,1,asynchronous
n010_056.bnet,random_mc,9,1,32.0,0.0,1,10,0,5,0,1,1,asynchronous
n010_056.bnet,random_mc,10,1,32.0,0.0,1,10,0,5,0,1,1,asynchronous
n010_056.bnet,random_mc,11,1,32.0,0.0,1,10,0,5,0,1,1,asynchronous
n010_056.bnet,random_mc,12,1,32.0,0.0,1,10,0,5,0,1,1,asynchronous
n010_056.bnet,random_mc,13,1,32.0,0.0,1,10,0,5,0,1,1,asynchronous
n010_056.bnet,random_mc,14,1,32.0,0.0,1,10,0,5,0,1,1,asynchronous
n010_056.bnet,random_mc,15,1,32.0,0.0,1,10,0,5,0,1,1,asynchronous
n010_056.bnet,random_mc,16,1,32.0,0.0,1,10,0,5,0,1,1,asynchronous
n010_056.bnet,random_mc,17,1,32.0,0.0,1,10,0,5,0,1,1,asynchronous
n010_056.bnet,random_mc,18,1,32.0,0.0,1,10,0,5,0,1,1,asynchronous
n010_056.bnet,random_mc,19,1,32.0,0.0,1,10,0,5,0,1,1,asynchronous
n010_056.bnet,random_mc,20,1,32.0,0.0,1,10,0,5,0,1,1,asynchronous
n010_056.bnet,random_mc,21,1,32.0,0.0,1,10,0,5,0,1,1,asynchronous
n010_056.bnet,random_mc,22,1,32.0,0.0,1,10,0,5,0,1,1,asynchronous
n010_056.bnet,random_mc,23,1,32.0,0.0,1,10,0,5,0,1,1,asynchronous
n010_056.bnet,random_mc,24,1,32.0,0.0,1,10,0,5,0,1,1,asynchronous
n010_056.bnet,random_mc,25,1,32.0,0.0,1,10,0,5,0,1,1,asynchronous
n010_056.bnet,random_mc,26,1,32.0,0.0,1,10,0,5,0,1,1,asynchronous
n010_056.bnet,random_mc,27,1,32.0,0.0,1,10,0,5,0,1,1,asynchronous
n010_056.bnet,random_mc,28,1,32.0,0.0,1,10,0,5,0,1,1,asynchronous
n010_056.bnet,random_mc,29,1,32.0,0.0,1,10,0,5,0,1,1,asynchronous
n010_057.bnet,sd_mc,0,5,204.8,361.7951906811366,14,10,0,10,0,1,1,asynchronous
n010_057.bnet,null_mc,0,2,512.0,511.0,3,10,0,10,0,1,1,asynchronous
n010_057.bnet,random_mc,0,5,204.8,102.41171807952448,21,10,0,10,0,1,1,asynchronous
n010_057.bnet,random_mc,1,5,204.8,102.17318630638862,21,10,0,10,0,1,1,asynchronous
n010_057.bnet,random_mc,2,5,204.8,102.24167447768058,21,10,0,10,0,1,1,asynchronous
n010_057.bnet,random_mc,3,5,204.8,102.2964320003391,21,10,0,10,0,1,1,asynchronous
n010_057.bnet,random_mc,4,5,204.8,103.07356596140448,21,10,0,10,0,1,1,asynchronous
n010_057.bnet,random_mc,5,5,204.8,102.10073457130463,21,10,0,10,0,1,1,asynchronous
n010_057.bnet,random_mc,6,5,204.8,102.9512505994949,21,10,0,10,0,1,1,asynchronous
n010_057.bnet,random_mc,7,5,204.8,102.22015456846071,20,10,0,10,0,1,1,asynchronous
n010_057.bnet,random_mc,8,5,204.8,102.13990405321516,21,10,0,10,0,1,1,asynchronous
n010_057.bnet,random_mc,9,5,204.8,104.87974065566715,21,10,0,10,0,1,1,asynchronous
n010_057.bnet,random_mc,10,5,204.8,102.9259928297998,21,10,0,10,0,1,1,asynchronous
n010_057.bnet,random_mc,11,5,204.8,102.38242036599839,21,10,0,10,0,1,1,asynchronous
n010_057.bnet,random_mc,12,5,204.8,102.26905690383578,21,10,0,10,0,1,1,asynchronous
n010_057.bnet,random_mc,13,5,204.8,102.74512153868912,20,10,0,10,0,1,1,asynchronous
n010_057.bnet,random_mc,14,5,204.8,101.96156138467084,21,10,0,10,0,1,1,asynchronous
n010_057.bnet,random_mc,15,5,204.8,102.76458533950303,21,10,0,10,0,1,1,asynchronous
n010_057.bnet,random_mc,16,5,204.8,102.31598115641563,21,10,0,10,0,1,1,asynchronous
n010_057.bnet,random_mc,17,5,204.8,102.48199841923459,21,10,0,10,0,1,1,asynchronous
n010_057.bnet,random_mc,18,5,204.8,102.53077586754135,20,10,0,10,0,1,1,asynchronous
n010_057.bnet,random_mc,19,5,204.8,103.59613892418965,21,10,0,10,0,1,1,asynchronous
n010_057.bnet,random_mc,20,5,204.8,103.40290131326103,21,10,0,10,0,1,1,asynchronous
n010_057.bnet,random_mc,21,5,204.8,103.14145626274626,21,10,0,10,0,1,1,asynchronous
n010_057.bnet,random_mc,22,5,204.8,102.37069893284894,20,10,0,10,0,1,1,asynchronous
n010_057.bnet,random_mc,23,5,204.8,102.43710265328671,19,10,0,10,0,1,1,asynchronous
n010_057.bnet,random_mc,24,5,204.8,102.71591892204441,21,10,0,10,0,1,1,asynchronous
n010_057.bnet,random_mc,25,5,204.8,102.51126767336359,21,10,0,10,0,1,1,asynchronous
n010_057.bnet,random_mc,26,5,204.8,102.13011309109571,21,10,0,10,0,1,1,asynchronous
n010_057.bnet,random_mc,27,5,204.8,103.82177035670313,20,10,0,10,0,1,1,asynchronous
n010_057.bnet,random_mc,28,5,204.8,102.67696918004543,20,10,0,10,0,1,1,asynchronous
n010_057.bnet,random_mc,29,5,204.8,102.96679076284741,20,10,0,10,0,1,1,asynchronous
n010_058.bnet,sd_mc,0,5,51.2,86.11945192579898,14,10,0,8,0,1,1,asynchronous
n010_058.bnet,null_mc,0,2,128.0,127.0,3,10,0,8,0,1,1,asynchronous
n010_058.bnet,random_mc,0,5,51.2,25.833311827948037,21,10,0,8,0,1,1,asynchronous
n010_058.bnet,random_mc,1,5,51.2,25.26974475533934,21,10,0,8,0,1,1,asynchronous
n010_058.bnet,random_mc,2,5,51.2,25.51391777050322,20,10,0,8,0,1,1,asynchronous
n010_058.bnet,random_mc,3,5,51.2,26.255666055158457,21,10,0,8,0,1,1,asynchronous
n010_058.bnet,random_mc,4,5,51.2,25.253910588263356,21,10,0,8,0,1,1,asynchronous
n010_058.bnet,random_mc,5,5,51.2,27.021472942828265,21,10,0,8,0,1,1,asynchronous
n010_058.bnet,random_mc,6,5,51.2,25.39606268695996,21,10,0,8,0,1,1,asynchronous
n010_058.bnet,random_mc,7,5,51.2,25.364542179980305,21,10,0,8,0,1,1,asynchronous
n010_058.bnet,random_mc,8,5,51.2,25.158696309626222,20,10,0,8,0,1,1,asynchronous
n010_058.bnet,random_mc,9,5,51.2,28.631451238105274,21,10,0,8,0,1,1,asynchronous
n010_058.bnet,random_mc,10,5,51.2,26.731255114565798,21,10,0,8,0,1,1,asynchronous
n010_058.bnet,random_mc,11,5,51.2,26.551082840441744,21,10,0,8,0,1,1,asynchronous
n010_058.bnet,random_mc,12,5,51.2,25.701361831622854,21,10,0,8,0,1,1,asynchronous
n010_058.bnet,random_mc,13,5,51.2,25.979992301769453,20,10,0,8,0,1,1,asynchronous
n010_058.bnet,random_mc,14,5,51.2,25.63123094976127,21,10,0,8,0,1,1,asynchronous
n010_058.bnet,random_mc,15,5,51.2,26.31653472628948,21,10,0,8,0,1,1,asynchronous
n010_058.bnet,random_mc,16,5,51.2,26.24804754643667,20,10,0,8,0,1,1,asynchronous
n010_058.bnet,random_mc,17,5,51.2,25.794573072644564,21,10,0,8,0,1,1,asynchronous
n010_058.bnet,random_mc,18,5,51.2,26.270896444544867,21,10,0,8,0,1,1,asynchronous
n010_058.bnet,random_mc,19,5,51.2,25.86426105652354,20,10,0,8,0,1,1,asynchronous
n010_058.bnet,random_mc,20,5,51.2,25.833311827948037,20,10,0,8,0,1,1,asynchronous
n010_058.bnet,random_mc,21,5,51.2,26.17938119971517,20,10,0,8,0,1,1,asynchronous
n010_058.bnet,random_mc,22,5,51.2,25.895173295423223,21,10,0,8,0,1,1,asynchronous
n010_058.bnet,random_mc,23,5,51.2,25.23806648695577,21,10,0,8,0,1,1,asynchronous
n010_058.bnet,random_mc,24,5,51.2,26.460536653665965,20,10,0,8,0,1,1,asynchronous
n010_058.bnet,random_mc,25,5,51.2,26.354506256046612,21,10,0,8,0,1,1,asynchronous
n010_058.bnet,random_mc,26,5,51.2,26.731255114565798,21,10,0,8,0,1,1,asynchronous
n010_058.bnet,random_mc,27,5,51.2,25.701361831622854,21,10,0,8,0,1,1,asynchronous
n010_058.bnet,random_mc,28,5,51.2,25.887448696231154,20,10,0,8,0,1,1,asynchronous
n010_058.bnet,random_mc,29,5,51.2,25.72469630530164,20,10,0,8,0,1,1,asynchronous
n010_059.bnet,sd_mc,0,14,9.142857142857142,8.253632471802451,30,10,0,7,2,4,4,asynchronous
n010_059.bnet,null_mc,0,5,25.6,49.2,9,10,0,7,2,4,4,asynchronous
n010_059.bnet,random_mc,0,14,9.142857142857142,5.890150893739515,110,10,0,7,2,4,4,asynchronous
n010_059.bnet,random_mc,1,14,9.142857142857142,6.185895741317419,112,10,0,7,2,4,4,asynchronous
n010_059.bnet,random_mc,2,14,9.142857142857142,5.962467644202631,114,10,0,7,2,4,4,asynchronous
n010_059.bnet,random_mc,3,14,9.142857142857142,5.779979521183974,120,10,0,7,2,4,4,asynchronous
n010_059.bnet,random_mc,4,14,9.142857142857142,6.300307734628556,112,10,0,7,2,4,4,asynchronous
n010_059.bnet,random_mc,5,14,9.142857142857142,5.841442371503106,116,10,0,7,2,4,4,asynchronous
n010_059.bnet,random_mc,6,14,9.142857142857142,5.604298641695151,120,10,0,7,2,4,4,asynchronous
n010_059.bnet,random_mc,7,14,9.142857142857142,5.767608353767529,115,10,0,7,2,4,4,asynchronous
n010_059.bnet,random_mc,8,14,9.142857142857142,5.604298641695151,116,10,0,7,2,4,4,asynchronous
n010_059.bnet,random_mc,9,14,9.142857142857142,5.938459911664722,116,10,0,7,2,4,4,asynchronous
n010_059.bnet,random_mc,10,14,9.142857142857142,5.6550501179684245,116,10,0,7,2,4,4,asynchronous
n010_059.bnet,random_mc,11,14,9.142857142857142,5.890150893739515,114,10,0,7,2,4,4,asynchronous
n010_059.bnet,random_mc,12,14,9.142857142857142,5.48839220351387,116,10,0,7,2,4,4,asynchronous
n010_059.bnet,random_mc,13,14,9.142857142857142,5.792324266489512,115,10,0,7,2,4,4,asynchronous
n010_059.bnet,random_mc,14,14,9.142857142857142,6.479165983113466,112,10,0,7,2,4,4,asynchronous
n010_059.bnet,random_mc,15,14,9.142857142857142,5.792324266489512,119,10,0,7,2,4,4,asynchronous
n010_059.bnet,random_mc,16,14,9.142857142857142,6.34549494700366,113,10,0,7,2,4,4,asynchronous
n010_059.bnet,random_mc,17,14,9.142857142857142,5.804642758260012,117,10,0,7,2,4,4,asynchronous
n010_059.bnet,random_mc,18,14,9.142857142857142,5.902265217175314,111,10,0,7,2,4,4,asynchronous
n010_059.bnet,random_mc,19,14,9.142857142857142,6.523114318189071,109,10,0,7,2,4,4,asynchronous
n010_059.bnet,random_mc,20,14,9.142857142857142,6.0810847582265035,115,10,0,7,2,4,4,asynchronous
n010_059.bnet,random_mc,21,14,9.142857142857142,5.8780116032688525,111,10,0,7,2,4,4,asynchronous
n010_059.bnet,random_mc,22,14,9.142857142857142,5.475362256210514,116,10,0,7,2,4,4,asynchronous
n010_059.bnet,random_mc,23,14,9.142857142857142,5.356666645500764,119,10,0,7,2,4,4,asynchronous
n010_059.bnet,random_mc,24,14,9.142857142857142,5.779979521183974,111,10,0,7,2,4,4,asynchronous
n010_059.bnet,random_mc,25,14,9.142857142857142,5.767608353767529,118,10,0,7,2,4,4,asynchronous
n010_059.bnet,random_mc,26,14,9.142857142857142,6.523114318189071,112,10,0,7,2,4,4,asynchronous
n010_059.bnet,random_mc,27,14,9.142857142857142,5.356666645500764,120,10,0,7,2,4,4,asynchronous
n010_059.bnet,random_mc,28,14,9.142857142857142,6.36796831086362,111,10,0,7,2,4,4,asynchronous
n010_059.bnet,random_mc,29,14,9.142857142857142,5.642405045180428,118,10,0,7,2,4,4,asynchronous
n010_060.bnet,sd_mc,0,9,113.77777777777777,151.8089279893773,34,10,0,10,0,2,2,asynchronous
n010_060.bnet,null_mc,0,3,341.3333333333333,480.5970823419089,5,10,0,10,0,2,2,asynchronous
n010_060.bnet,random_mc,0,9,113.77777777777777,60.78336354588003,63,10,0,10,0,2,2,asynchronous
n010_060.bnet,random_mc,1,9,113.77777777777777,60.52323296383845,63,10,0,10,0,2,2,asynchronous
n010_060.bnet,random_mc,2,9,113.77777777777777,60.24722728111003,61,10,0,10,0,2,2,asynchronous
n010_060.bnet,random_mc,3,9,113.77777777777777,60.58745337256583,62,10,0,10,0,2,2,asynchronous
n010_060.bnet,random_mc,4,9,113.77777777777777,60.56727715300065,63,10,0,10,0,2,2,asynchronous
n010_060.bnet,random_mc,5,9,113.77777777777777,60.79981319009637,63,10,0,10,0,2,2,asynchronous
n010_060.bnet,random_mc,6,9,113.77777777777777,60.44791656694175,64,10,0,10,0,2,2,asynchronous
n010_060.bnet,random_mc,7,9,113.77777777777777,60.691895446093184,63,10,0,10,0,2,2,asynchronous
n010_060.bnet,random_mc,8,9,113.77777777777777,60.21033092931216,62,10,0,10,0,2,2,asynchronous
n010_060.bnet,random_mc,9,9,113.77777777777777,61.18056659099408,62,10,0,10,0,2,2,asynchronous
n010_060.bnet,random_mc,10,9,113.77777777777777,61.23865478197715,63,10,0,10,0,2,2,asynchronous
n010_060.bnet,random_mc,11,9,113.77777777777777,61.39992359346997,63,10,0,10,0,2,2,asynchronous
n010_060.bnet,random_mc,12,9,113.77777777777777,60.8892944025426,64,10,0,10,0,2,2,asynchronous
n010_060.bnet,random_mc,13,9,113.77777777777777,60.75776635821553,62,10,0,10,0,2,2,asynchronous
n010_060.bnet,random_mc,14,9,113.77777777777777,60.537917920695286,63,10,0,10,0,2,2,asynchronous
n010_060.bnet,random_mc,15,9,113.77777777777777,60.57094605644557,64,10,0,10,0,2,2,asynchronous
n010_060.bnet,random_mc,16,9,113.77777777777777,60.73581732530517,62,10,0,10,0,2,2,asynchronous
n010_060.bnet,random_mc,17,9,113.77777777777777,61.07332164934171,64,10,0,10,0,2,2,asynchronous
n010_060.bnet,random_mc,18,9,113.77777777777777,61.39811393733303,64,10,0,10,0,2,2,asynchronous
n010_060.bnet,random_mc,19,9,113.77777777777777,61.062404832684216,64,10,0,10,0,2,2,asynchronous
n010_060.bnet,random_mc,20,9,113.77777777777777,61.37458355193002,62,10,0,10,0,2,2,asynchronous
n010_060.bnet,random_mc,21,9,113.77777777777777,60.78701940706635,62,10,0,10,0,2,2,asynchronous
n010_060.bnet,random_mc,22,9,113.77777777777777,60.71203025170506,63,10,0,10,0,2,2,asynchronous
n010_060.bnet,random_mc,23,9,113.77777777777777,60.83452560982817,64,10,0,10,0,2,2,asynchronous
n010_060.bnet,random_mc,24,9,113.77777777777777,61.126058777974514,61,10,0,10,0,2,2,asynchronous
n010_060.bnet,random_mc,25,9,113.77777777777777,61.80934445315202,63,10,0,10,0,2,2,asynchronous
n010_060.bnet,random_mc,26,9,113.77777777777777,60.3817076380252,63,10,0,10,0,2,2,asynchronous
n010_060.bnet,random_mc,27,9,113.77777777777777,60.669922582551884,63,10,0,10,0,2,2,asynchronous
n010_060.bnet,random_mc,28,9,113.77777777777777,60.8546132237917,62,10,0,10,0,2,2,asynchronous
n010_060.bnet,random_mc,29,9,113.77777777777777,61.6221060222489,63,10,0,10,0,2,2,asynchronous
n010_061.bnet,sd_mc,0,9,14.222222222222221,11.801862167356639,23,10,0,7,0,3,3,asynchronous
n010_061.bnet,null_mc,0,4,32.0,52.54046059942756,7,10,0,7,0,3,3,asynchronous
n010_061.bnet,random_mc,0,9,14.222222222222221,9.354473413266307,53,10,0,7,0,3,3,asynchronous
n010_061.bnet,random_mc,1,9,14.222222222222221,9.413675368877838,52,10,0,7,0,3,3,asynchronous
n010_061.bnet,random_mc,2,9,14.222222222222221,9.863262676076511,53,10,0,7,0,3,3,asynchronous
n010_061.bnet,random_mc,3,9,14.222222222222221,9.318771709449669,53,10,0,7,0,3,3,asynchronous
n010_061.bnet,random_mc,4,9,14.222222222222221,10.184713793805322,53,10,0,7,0,3,3,asynchronous
n010_061.bnet,random_mc,5,9,14.222222222222221,9.425471137977109,55,10,0,7,0,3,3,asynchronous
n010_061.bnet,random_mc,6,9,14.222222222222221,9.138171197756485,53,10,0,7,0,3,3,asynchronous
n010_061.bnet,random_mc,7,9,14.222222222222221,9.806775183829433,55,10,0,7,0,3,3,asynchronous
n010_061.bnet,random_mc,8,9,14.222222222222221,9.126004088169363,52,10,0,7,0,3,3,asynchronous
n010_061.bnet,random_mc,9,9,14.222222222222221,9.669858987570924,55,10,0,7,0,3,3,asynchronous
n010_061.bnet,random_mc,10,9,14.222222222222221,9.88576729757121,54,10,0,7,0,3,3,asynchronous
n010_061.bnet,random_mc,11,9,14.222222222222221,9.874521397997281,55,10,0,7,0,3,3,asynchronous
n010_061.bnet,random_mc,12,9,14.222222222222221,9.064923579720507,54,10,0,7,0,3,3,asynchronous
n010_061.bnet,random_mc,13,9,14.222222222222221,10.809232450680275,51,10,0,7,0,3,3,asynchronous
n010_061.bnet,random_mc,14,9,14.222222222222221,9.507631762347291,53,10,0,7,0,3,3,asynchronous
n010_061.bnet,random_mc,15,9,14.222222222222221,9.761349835821067,51,10,0,7,0,3,3,asynchronous
n010_061.bnet,random_mc,16,9,14.222222222222221,9.681342627018651,52,10,0,7,0,3,3,asynchronous
n010_061.bnet,random_mc,17,9,14.222222222222221,9.449018500208577,52,10,0,7,0,3,3,asynchronous
n010_061.bnet,random_mc,18,9,14.222222222222221,9.874521397997281,52,10,0,7,0,3,3,asynchronous
n010_061.bnet,random_mc,19,9,14.222222222222221,9.863262676076511,53,10,0,7,0,3,3,asynchronous
n010_061.bnet,random_mc,20,9,14.222222222222221,9.390039377242932,53,10,0,7,0,3,3,asynchronous
n010_061.bnet,random_mc,21,9,14.222222222222221,9.174575712596896,53,10,0,7,0,3,3,asynchronous
n010_061.bnet,random_mc,22,9,14.222222222222221,9.052658023141635,54,10,0,7,0,3,3,asynchronous
n010_061.bnet,random_mc,23,9,14.222222222222221,9.11382073529328,54,10,0,7,0,3,3,asynchronous
n010_061.bnet,random_mc,24,9,14.222222222222221,9.449018500208577,55,10,0,7,0,3,3,asynchronous
n010_061.bnet,random_mc,25,9,14.222222222222221,9.738557704960192,53,10,0,7,0,3,3,asynchronous
n010_061.bnet,random_mc,26,9,14.222222222222221,9.818098681944232,54,10,0,7,0,3,3,asynchronous
n010_061.bnet,random_mc,27,9,14.222222222222221,9.222891541976503,55,10,0,7,0,3,3,asynchronous
n010_061.bnet,random_mc,28,9,14.222222222222221,10.357796610152372,53,10,0,7,0,3,3,asynchronous
n010_061.bnet,random_mc,29,9,14.222222222222221,9.040375825247997,51,10,0,7,0,3,3,asynchronous
n010_062.bnet,sd_mc,0,5,204.8,347.253452106671,15,10,0,10,0,1,1,asynchronous
n010_062.bnet,null_mc,0,2,512.0,508.0,3,10,0,10,0,1,1,asynchronous
n010_062.bnet,random_mc,0,5,204.8,100.91461737528414,21,10,0,10,0,1,1,asynchronous
n010_062.bnet,random_mc,1,5,204.8,100.65863102585888,21,10,0,10,0,1,1,asynchronous
n010_062.bnet,random_mc,2,5,204.8,100.7321200015169,21,10,0,10,0,1,1,asynchronous
n010_062.bnet,random_mc,3,5,204.8,100.84324469194752,21,10,0,10,0,1,1,asynchronous
n010_062.bnet,random_mc,4,5,204.8,101.49955664927803,21,10,0,10,0,1,1,asynchronous
n010_062.bnet,random_mc,5,5,204.8,100.64074721503215,21,10,0,10,0,1,1,asynchronous
n010_062.bnet,random_mc,6,5,204.8,101.51925925655684,21,10,0,10,0,1,1,asynchronous
n010_062.bnet,random_mc,7,5,204.8,100.70829161494102,21,10,0,10,0,1,1,asynchronous
n010_062.bnet,random_mc,8,5,204.8,100.64670883839173,21,10,0,10,0,1,1,asynchronous
n010_062.bnet,random_mc,9,5,204.8,103.55172620482963,21,10,0,10,0,1,1,asynchronous
n010_062.bnet,random_mc,10,5,204.8,101.40295853672121,21,10,0,10,0,1,1,asynchronous
n010_062.bnet,random_mc,11,5,204.8,100.93839705483737,21,10,0,10,0,1,1,asynchronous
n010_062.bnet,random_mc,12,5,204.8,100.74204683249195,21,10,0,10,0,1,1,asynchronous
n010_062.bnet,random_mc,13,5,204.8,101.26282634807306,21,10,0,10,0,1,1,asynchronous
n010_062.bnet,random_mc,14,5,204.8,100.465715545155,21,10,0,10,0,1,1,asynchronous
n010_062.bnet,random_mc,15,5,204.8,101.20750960279578,21,10,0,10,0,1,1,asynchronous
n010_062.bnet,random_mc,16,5,204.8,100.81150727967517,21,10,0,10,0,1,1,asynchronous
n010_062.bnet,random_mc,17,5,204.8,101.04929490105313,21,10,0,10,0,1,1,asynchronous
n010_062.bnet,random_mc,18,5,204.8,101.03741881105238,21,10,0,10,0,1,1,asynchronous
n010_062.bnet,random_mc,19,5,204.8,102.0341119430164,21,10,0,10,0,1,1,asynchronous
n010_062.bnet,random_mc,20,5,204.8,101.92036106686436,21,10,0,10,0,1,1,asynchronous
n010_062.bnet,random_mc,21,5,204.8,101.67280855764731,21,10,0,10,0,1,1,asynchronous
n010_062.bnet,random_mc,22,5,204.8,100.86505837008175,21,10,0,10,0,1,1,asynchronous
n010_062.bnet,random_mc,23,5,204.8,100.95424706271649,21,10,0,10,0,1,1,asynchronous
n010_062.bnet,random_mc,24,5,204.8,101.20355724973308,21,10,0,10,0,1,1,asynchronous
n010_062.bnet,random_mc,25,5,204.8,101.02554132495406,21,10,0,10,0,1,1,asynchronous
n010_062.bnet,random_mc,26,5,204.8,100.6248478259719,21,10,0,10,0,1,1,asynchronous
n010_062.bnet,random_mc,27,5,204.8,102.34334370148359,21,10,0,10,0,1,1,asynchronous
n010_062.bnet,random_mc,28,5,204.8,101.24702464764088,21,10,0,10,0,1,1,asynchronous
n010_062.bnet,random_mc,29,5,204.8,101.46999556519158,21,10,0,10,0,1,1,asynchronous
n010_063.bnet,sd_mc,0,5,6.4,8.138795979750322,11,10,0,5,0,2,2,asynchronous
n010_063.bnet,null_mc,0,3,10.666666666666666,13.67073110293992,5,10,0,5,0,2,2,asynchronous
n010_063.bnet,random_mc,0,5,6.4,4.715930449020639,17,10,0,5,0,2,2,asynchronous
n010_063.bnet,random_mc,1,5,6.4,4.715930449020639,17,10,0,5,0,2,2,asynchronous
n010_063.bnet,random_mc,2,5,6.4,4.454211490264017,17,10,0,5,0,2,2,asynchronous
n010_063.bnet,random_mc,3,5,6.4,4.715930449020639,16,10,0,5,0,2,2,asynchronous
n010_063.bnet,random_mc,4,5,6.4,5.276362383309167,17,10,0,5,0,2,2,asynchronous
n010_063.bnet,random_mc,5,5,6.4,4.454211490264017,17,10,0,5,0,2,2,asynchronous
n010_063.bnet,random_mc,6,5,6.4,4.715930449020639,15,10,0,5,0,2,2,asynchronous
n010_063.bnet,random_mc,7,5,6.4,5.276362383309167,16,10,0,5,0,2,2,asynchronous
n010_063.bnet,random_mc,8,5,6.4,4.963869458396342,15,10,0,5,0,2,2,asynchronous
n010_063.bnet,random_mc,9,5,6.4,4.454211490264017,16,10,0,5,0,2,2,asynchronous
n010_063.bnet,random_mc,10,5,6.4,4.963869458396342,17,10,0,5,0,2,2,asynchronous
n010_063.bnet,random_mc,11,5,6.4,4.923413450036469,17,10,0,5,0,2,2,asynchronous
n010_063.bnet,random_mc,12,5,6.4,4.454211490264017,17,10,0,5,0,2,2,asynchronous
n010_063.bnet,random_mc,13,5,6.4,4.8,16,10,0,5,0,2,2,asynchronous
n010_063.bnet,random_mc,14,5,6.4,4.963869458396342,17,10,0,5,0,2,2,asynchronous
n010_063.bnet,random_mc,15,5,6.4,4.963869458396342,17,10,0,5,0,2,2,asynchronous
n010_063.bnet,random_mc,16,5,6.4,4.8,16,10,0,5,0,2,2,asynchronous
n010_063.bnet,random_mc,17,5,6.4,4.454211490264017,15,10,0,5,0,2,2,asynchronous
n010_063.bnet,random_mc,18,5,6.4,4.715930449020639,17,10,0,5,0,2,2,asynchronous
n010_063.bnet,random_mc,19,5,6.4,4.454211490264017,17,10,0,5,0,2,2,asynchronous
n010_063.bnet,random_mc,20,5,6.4,4.586937976471886,16,10,0,5,0,2,2,asynchronous
n010_063.bnet,random_mc,21,5,6.4,4.454211490264017,16,10,0,5,0,2,2,asynchronous
n010_063.bnet,random_mc,22,5,6.4,4.5431266766402185,15,10,0,5,0,2,2,asynchronous
n010_063.bnet,random_mc,23,5,6.4,4.586937976471886,17,10,0,5,0,2,2,asynchronous
n010_063.bnet,random_mc,24,5,6.4,4.715930449020639,17,10,0,5,0,2,2,asynchronous
n010_063.bnet,random_mc,25,5,6.4,4.5431266766402185,15,10,0,5,0,2,2,asynchronous
n010_063.bnet,random_mc,26,5,6.4,5.499090833947008,16,10,0,5,0,2,2,asynchronous
n010_063.bnet,random_mc,27,5,6.4,4.454211490264017,16,10,0,5,0,2,2,asynchronous
n010_063.bnet,random_mc,28,5,6.4,5.851495535331117,14,10,0,5,0,2,2,asynchronous
n010_063.bnet,random_mc,29,5,6.4,4.586937976471886,17,10,0,5,0,2,2,asynchronous
n010_064.bnet,sd_mc,0,1,64.0,0.0,1,10,0,6,0,1,1,asynchronous
n010_064.bnet,null_mc,0,1,64.0,0.0,1,10,0,6,0,1,1,asynchronous
n010_064.bnet,random_mc,0,1,64.0,0.0,1,10,0,6,0,1,1,asynchronous
n010_064.bnet,random_mc,1,1,64.0,0.0,1,10,0,6,0,1,1,asynchronous
n010_064.bnet,random_mc,2,1,64.0,0.0,1,10,0,6,0,1,1,asynchronous
n010_064.bnet,random_mc,3,1,64.0,0.0,1,10,0,6,0,1,1,asynchronous
n010_064.bnet,random_mc,4,1,64.0,0.0,1,10,0,6,0,1,1,asynchronous
n010_064.bnet,random_mc,5,1,64.0,0.0,1,10,0,6,0,1,1,asynchronous
n010_064.bnet,random_mc,6,1,64.0,0.0,1,10,0,6,0,1,1,asynchronous
n010_064.bnet,random_mc,7,1,64.0,0.0,1,10,0,6,0,1,1,asynchronous
n010_064.bnet,random_mc,8,1,64.0,0.0,1,10,0,6,0,1,1,asynchronous
n010_064.bnet,random_mc,9,1,64.0,0.0,1,10,0,6,0,1,1,asynchronous
n010_064.bnet,random_mc,10,1,64.0,0.0,1,10,0,6,0,1,1,asynchronous
n010_064.bnet,random_mc,11,1,64.0,0.0,1,10,0,6,0,1,1,asynchronous
n010_064.bnet,random_mc,12,1,64.0,0.0,1,10,0,6,0,1,1,asynchronous
n010_064.bnet,random_mc,13,1,64.0,0.0,1,10,0,6,0,1,1,asynchronous
n010_064.bnet,random_mc,14,1,64.0,0.0,1,10,0,6,0,1,1,asynchronous
n010_064.bnet,random_mc,15,1,64.0,0.0,1,10,0,6,0,1,1,asynchronous
n010_064.bnet,random_mc,16,1,64.0,0.0,1,10,0,6,0,1,1,asynchronous
n010_064.bnet,random_mc,17,1,64.0,0.0,1,10,0,6,0,1,1,asynchronous
n010_064.bnet,random_mc,18,1,64.0,0.0,1,10,0,6,0,1,1,asynchronous
n010_064.bnet,random_mc,19,1,64.0,0.0,1,10,0,6,0,1,1,asynchronous
n010_064.bnet,random_mc,20,1,64.0,0.0,1,10,0,6,0,1,1,asynchronous
n010_064.bnet,random_mc,21,1,64.0,0.0,1,10,0,6,0,1,1,asynchronous
n010_064.bnet,random_mc,22,1,64.0,0.0,1,10,0,6,0,1,1,asynchronous
n010_064.bnet,random_mc,23,1,64.0,0.0,1,10,0,6,0,1,1,asynchronous
n010_064.bnet,random_mc,24,1,64.0,0.0,1,10,0,6,0,1,1,asynchronous
n010_064.bnet,random_mc,25,1,64.0,0.0,1,10,0,6,0,1,1,asynchronous
n010_064.bnet,random_mc,26,1,64.0,0.0,1,10,0,6,0,1,1,asynchronous
n010_064.bnet,random_mc,27,1,64.0,0.0,1,10,0,6,0,1,1,asynchronous
n010_064.bnet,random_mc,28,1,64.0,0.0,1,10,0,6,0,1,1,asynchronous
n010_064.bnet,random_mc,29,1,64.0,0.0,1,10,0,6,0,1,1,asynchronous
n010_065.bnet,sd_mc,0,1,16.0,0.0,1,10,0,4,0,1,1,asynchronous
n010_065.bnet,null_mc,0,1,16.0,0.0,1,10,0,4,0,1,1,asynchronous
n010_065.bnet,random_mc,0,1,16.0,0.0,1,10,0,4,0,1,1,asynchronous
n010_065.bnet,random_mc,1,1,16.0,0.0,1,10,0,4,0,1,1,asynchronous
n010_065.bnet,random_mc,2,1,16.0,0.0,1,10,0,4,0,1,1,asynchronous
n010_065.bnet,random_mc,3,1,16.0,0.0,1,10,0,4,0,1,1,asynchronous
n010_065.bnet,random_mc,4,1,16.0,0.0,1,10,0,4,0,1,1,asynchronous
n010_065.bnet,random_mc,5,1,16.0,0.0,1,10,0,4,0,1,1,asynchronous
n010_065.bnet,random_mc,6,1,16.0,0.0,1,10,0,4,0,1,1,asynchronous
n010_065.bnet,random_mc,7,1,16.0,0.0,1,10,0,4,0,1,1,asynchronous
n010_065.bnet,random_mc,8,1,16.0,0.0,1,10,0,4,0,1,1,asynchronous
n010_065.bnet,random_mc,9,1,16.0,0.0,1,10,0,4,0,1,1,asynchronous
n010_065.bnet,random_mc,10,1,16.0,0.0,1,10,0,4,0,1,1,asynchronous
n010_065.bnet,random_mc,11,1,16.0,0.0,1,10,0,4,0,1,1,asynchronous
n010_065.bnet,random_mc,12,1,16.0,0.0,1,10,0,4,0,1,1,asynchronous
n010_065.bnet,random_mc,13,1,16.0,0.0,1,10,0,4,0,1,1,asynchronous
n010_065.bnet,random_mc,14,1,16.0,0.0,1,10,0,4,0,1,1,asynchronous
n010_065.bnet,random_mc,15,1,16.0,0.0,1,10,0,4,0,1,1,asynchronous
n010_065.bnet,random_mc,16,1,16.0,0.0,1,10,0,4,0,1,1,asynchronous
n010_065.bnet,random_mc,17,1,16.0,0.0,1,10,0,4,0,1,1,asynchronous
n010_065.bnet,random_mc,18,1,16.0,0.0,1,10,0,4,0,1,1,asynchronous
n010_065.bnet,random_mc,19,1,16.0,0.0,1,10,0,4,0,1,1,asynchronous
n010_065.bnet,random_mc,20,1,16.0,0.0,1,10,0,4,0,1,1,asynchronous
n010_065.bnet,random_mc,21,1,16.0,0.0,1,10,0,4,0,1,1,asynchronous
n010_065.bnet,random_mc,22,1,16.0,0.0,1,10,0,4,0,1,1,asynchronous
n010_065.bnet,random_mc,23,1,16.0,0.0,1,10,0,4,0,1,1,asynchronous
n010_065.bnet,random_mc,24,1,16.0,0.0,1,10,0,4,0,1,1,asynchronous
n010_065.bnet,random_mc,25,1,16.0,0.0,1,10,0,4,0,1,1,asynchronous
n010_065.bnet,random_mc,26,1,16.0,0.0,1,10,0,4,0,1,1,asynchronous
n010_065.bnet,random_mc,27,1,16.0,0.0,1,10,0,4,0,1,1,asynchronous
n010_065.bnet,random_mc,28,1,16.0,0.0,1,10,0,4,0,1,1,asynchronous
n010_065.bnet,random_mc,29,1,16.0,0.0,1,10,0,4,0,1,1,asynchronous
n010_066.bnet,sd_mc,0,13,78.76923076923077,36.3363641679619,42,10,0,10,0,1,1,asynchronous
n010_066.bnet,null_mc,0,2,512.0,508.0,3,10,0,10,0,1,1,asynchronous
n010_066.bnet,random_mc,0,13,78.76923076923077,23.038943105279024,157,10,0,10,0,1,1,asynchronous
n010_066.bnet,random_mc,1,13,78.76923076923077,22.583703607669253,156,10,0,10,0,1,1,asynchronous
n010_066.bnet,random_mc,2,13,78.76923076923077,22.41618181360491,157,10,0,10,0,1,1,asynchronous
n010_066.bnet,random_mc,3,13,78.76923076923077,22.268134688051603,157,10,0,10,0,1,1,asynchronous
n010_066.bnet,random_mc,4,13,78.76923076923077,23.18538613388862,156,10,0,10,0,1,1,asynchronous
n010_066.bnet,random_mc,5,13,78.76923076923077,23.625780723457574,157,10,0,10,0,1,1,asynchronous
n010_066.bnet,random_mc,6,13,78.76923076923077,22.66869697369496,157,10,0,10,0,1,1,asynchronous
n010_066.bnet,random_mc,7,13,78.76923076923077,23.537707378567127,157,10,0,10,0,1,1,asynchronous
n010_066.bnet,random_mc,8,13,78.76923076923077,22.96537141053174,156,10,0,10,0,1,1,asynchronous
n010_066.bnet,random_mc,9,13,78.76923076923077,22.73646290789599,157,10,0,10,0,1,1,asynchronous
n010_066.bnet,random_mc,10,13,78.76923076923077,24.35681501900079,156,10,0,10,0,1,1,asynchronous
n010_066.bnet,random_mc,11,13,78.76923076923077,22.70938080026316,156,10,0,10,0,1,1,asynchronous
n010_066.bnet,random_mc,12,13,78.76923076923077,23.531170313678853,156,10,0,10,0,1,1,asynchronous
n010_066.bnet,random_mc,13,13,78.76923076923077,23.531170313678853,156,10,0,10,0,1,1,asynchronous
n010_066.bnet,random_mc,14,13,78.76923076923077,23.826791146341147,155,10,0,10,0,1,1,asynchronous
n010_066.bnet,random_mc,15,13,78.76923076923077,22.70260522547288,157,10,0,10,0,1,1,asynchronous
n010_066.bnet,random_mc,16,13,78.76923076923077,23.842927821486015,157,10,0,10,0,1,1,asynchronous
n010_066.bnet,random_mc,17,13,78.76923076923077,23.105623178897538,156,10,0,10,0,1,1,asynchronous
n010_066.bnet,random_mc,18,13,78.76923076923077,22.436761888108286,157,10,0,10,0,1,1,asynchronous
n010_066.bnet,random_mc,19,13,78.76923076923077,24.223808524017933,156,10,0,10,0,1,1,asynchronous
n010_066.bnet,random_mc,20,13,78.76923076923077,23.846153846153847,156,10,0,10,0,1,1,asynchronous
n010_066.bnet,random_mc,21,13,78.76923076923077,23.19202066412513,157,10,0,10,0,1,1,asynchronous
n010_066.bnet,random_mc,22,13,78.76923076923077,22.99215199267867,157,10,0,10,0,1,1,asynchronous
n010_066.bnet,random_mc,23,13,78.76923076923077,22.763512795544088,156,10,0,10,0,1,1,asynchronous
n010_066.bnet,random_mc,24,13,78.76923076923077,24.670611124462194,156,10,0,10,0,1,1,asynchronous
n010_066.bnet,random_mc,25,13,78.76923076923077,23.3506838844138,157,10,0,10,0,1,1,asynchronous
n010_066.bnet,random_mc,26,13,78.76923076923077,22.85456980445586,155,10,0,10,0,1,1,asynchronous
n010_066.bnet,random_mc,27,13,78.76923076923077,23.550776064801724,157,10,0,10,0,1,1,asynchronous
n010_066.bnet,random_mc,28,13,78.76923076923077,22.678874772500187,155,10,0,10,0,1,1,asynchronous
n010_066.bnet,random_mc,29,13,78.76923076923077,25.22255963999093,156,10,0,10,0,1,1,asynchronous
n010_067.bnet,sd_mc,0,3,5.333333333333333,6.128258770283412,6,10,0,4,0,1,1,asynchronous
n010_067.bnet,null_mc,0,2,8.0,7.0,3,10,0,4,0,1,1,asynchronous
n010_067.bnet,random_mc,0,3,5.333333333333333,3.6817870057290873,7,10,0,4,0,1,1,asynchronous
n010_067.bnet,random_mc,1,3,5.333333333333333,3.0912061651652345,7,10,0,4,0,1,1,asynchronous
n010_067.bnet,random_mc,2,3,5.333333333333333,3.0912061651652345,7,10,0,4,0,1,1,asynchronous
n010_067.bnet,random_mc,3,3,5.333333333333333,3.0912061651652345,7,10,0,4,0,1,1,asynchronous
n010_067.bnet,random_mc,4,3,5.333333333333333,3.0912061651652345,7,10,0,4,0,1,1,asynchronous
n010_067.bnet,random_mc,5,3,5.333333333333333,3.2998316455372216,7,10,0,4,0,1,1,asynchronous
n010_067.bnet,random_mc,6,3,5.333333333333333,3.0912061651652345,6,10,0,4,0,1,1,asynchronous
n010_067.bnet,random_mc,7,3,5.333333333333333,3.6817870057290873,6,10,0,4,0,1,1,asynchronous
n010_067.bnet,random_mc,8,3,5.333333333333333,3.2998316455372216,7,10,0,4,0,1,1,asynchronous
n010_067.bnet,random_mc,9,3,5.333333333333333,3.2998316455372216,7,10,0,4,0,1,1,asynchronous
n010_067.bnet,random_mc,10,3,5.333333333333333,3.0912061651652345,7,10,0,4,0,1,1,asynchronous
n010_067.bnet,random_mc,11,3,5.333333333333333,3.0912061651652345,7,10,0,4,0,1,1,asynchronous
n010_067.bnet,random_mc,12,3,5.333333333333333,3.6817870057290873,7,10,0,4,0,1,1,asynchronous
n010_067.bnet,random_mc,13,3,5.333333333333333,4.189935029992179,7,10,0,4,0,1,1,asynchronous
n010_067.bnet,random_mc,14,3,5.333333333333333,3.6817870057290873,7,10,0,4,0,1,1,asynchronous
n010_067.bnet,random_mc,15,3,5.333333333333333,3.6817870057290873,7,10,0,4,0,1,1,asynchronous
n010_067.bnet,random_mc,16,3,5.333333333333333,3.6817870057290873,7,10,0,4,0,1,1,asynchronous
n010_067.bnet,random_mc,17,3,5.333333333333333,3.6817870057290873,7,10,0,4,0,1,1,asynchronous
n010_067.bnet,random_mc,18,3,5.333333333333333,3.2998316455372216,7,10,0,4,0,1,1,asynchronous
n010_067.bnet,random_mc,19,3,5.333333333333333,3.2998316455372216,7,10,0,4,0,1,1,asynchronous
n010_067.bnet,random_mc,20,3,5.333333333333333,3.0912061651652345,7,10,0,4,0,1,1,asynchronous
n010_067.bnet,random_mc,21,3,5.333333333333333,3.0912061651652345,7,10,0,4,0,1,1,asynchronous
n010_067.bnet,random_mc,22,3,5.333333333333333,3.6817870057290873,6,10,0,4,0,1,1,asynchronous
n010_067.bnet,random_mc,23,3,5.333333333333333,3.0912061651652345,7,10,0,4,0,1,1,asynchronous
n010_067.bnet,random_mc,24,3,5.333333333333333,4.189935029992179,7,10,0,4,0,1,1,asynchronous
n010_067.bnet,random_mc,25,3,5.333333333333333,3.0912061651652345,7,10,0,4,0,1,1,asynchronous
n010_067.bnet,random_mc,26,3,5.333333333333333,4.189935029992179,7,10,0,4,0,1,1,asynchronous
n010_067.bnet,random_mc,27,3,5.333333333333333,3.2998316455372216,6,10,0,4,0,1,1,asynchronous
n010_067.bnet,random_mc,28,3,5.333333333333333,4.784233364802441,7,10,0,4,0,1,1,asynchronous
n010_067.bnet,random_mc,29,3,5.333333333333333,3.0912061651652345,7,10,0,4,0,1,1,asynchronous
n010_068.bnet,sd_mc,0,3,2.6666666666666665,2.3570226039551585,6,10,0,3,0,1,1,asynchronous
n010_068.bnet,null_mc,0,2,4.0,3.0,3,10,0,3,0,1,1,asynchronous
n010_068.bnet,random_mc,0,3,2.6666666666666665,2.3570226039551585,6,10,0,3,0,1,1,asynchronous
n010_068.bnet,random_mc,1,3,2.6666666666666665,1.247219128924647,6,10,0,3,0,1,1,asynchronous
n010_068.bnet,random_mc,2,3,2.6666666666666665,1.247219128924647,7,10,0,3,0,1,1,asynchronous
n010_068.bnet,random_mc,3,3,2.6666666666666665,1.247219128924647,7,10,0,3,0,1,1,asynchronous
n010_068.bnet,random_mc,4,3,2.6666666666666665,1.247219128924647,7,10,0,3,0,1,1,asynchronous
n010_068.bnet,random_mc,5,3,2.6666666666666665,1.247219128924647,6,10,0,3,0,1,1,asynchronous
n010_068.bnet,random_mc,6,3,2.6666666666666665,1.247219128924647,7,10,0,3,0,1,1,asynchronous
n010_068.bnet,random_mc,7,3,2.6666666666666665,1.247219128924647,7,10,0,3,0,1,1,asynchronous
n010_068.bnet,random_mc,8,3,2.6666666666666665,1.699673171197595,7,10,0,3,0,1,1,asynchronous
n010_068.bnet,random_mc,9,3,2.6666666666666665,1.247219128924647,7,10,0,3,0,1,1,asynchronous
n010_068.bnet,random_mc,10,3,2.6666666666666665,1.247219128924647,7,10,0,3,0,1,1,asynchronous
n010_068.bnet,random_mc,11,3,2.6666666666666665,1.247219128924647,7,10,0,3,0,1,1,asynchronous
n010_068.bnet,random_mc,12,3,2.6666666666666665,1.699673171197595,6,10,0,3,0,1,1,asynchronous
n010_068.bnet,random_mc,13,3,2.6666666666666665,1.699673171197595,6,10,0,3,0,1,1,asynchronous
n010_068.bnet,random_mc,14,3,2.6666666666666665,1.247219128924647,6,10,0,3,0,1,1,asynchronous
n010_068.bnet,random_mc,15,3,2.6666666666666665,1.247219128924647,7,10,0,3,0,1,1,asynchronous
n010_068.bnet,random_mc,16,3,2.6666666666666665,2.3570226039551585,6,10,0,3,0,1,1,asynchronous
n010_068.bnet,random_mc,17,3,2.6666666666666665,1.699673171197595,6,10,0,3,0,1,1,asynchronous
n010_068.bnet,random_mc,18,3,2.6666666666666665,1.247219128924647,7,10,0,3,0,1,1,asynchronous
n010_068.bnet,random_mc,19,3,2.6666666666666665,1.247219128924647,7,10,0,3,0,1,1,asynchronous
n010_068.bnet,random_mc,20,3,2.6666666666666665,1.247219128924647,7,10,0,3,0,1,1,asynchronous
n010_068.bnet,random_mc,21,3,2.6666666666666665,1.699673171197595,6,10,0,3,0,1,1,asynchronous
n010_068.bnet,random_mc,22,3,2.6666666666666665,1.699673171197595,6,10,0,3,0,1,1,asynchronous
n010_068.bnet,random_mc,23,3,2.6666666666666665,1.699673171197595,7,10,0,3,0,1,1,asynchronous
n010_068.bnet,random_mc,24,3,2.6666666666666665,2.3570226039551585,6,10,0,3,0,1,1,asynchronous
n010_068.bnet,random_mc,25,3,2.6666666666666665,1.247219128924647,7,10,0,3,0,1,1,asynchronous
n010_068.bnet,random_mc,26,3,2.6666666666666665,1.699673171197595,7,10,0,3,0,1,1,asynchronous
n010_068.bnet,random_mc,27,3,2.6666666666666665,1.247219128924647,7,10,0,3,0,1,1,asynchronous
n010_068.bnet,random_mc,28,3,2.6666666666666665,1.699673171197595,7,10,0,3,0,1,1,asynchronous
n010_068.bnet,random_mc,29,3,2.6666666666666665,1.699673171197595,6,10,0,3,0,1,1,asynchronous
n010_069.bnet,sd_mc,0,8,4.0,6.123724356957945,24,10,0,5,0,2,2,asynchronous
n010_069.bnet,null_mc,0,3,10.666666666666666,13.67073110293992,5,10,0,5,0,2,2,asynchronous
n010_069.bnet,random_mc,0,8,4.0,2.1213203435596424,38,10,0,5,0,2,2,asynchronous
n010_069.bnet,random_mc,1,8,4.0,2.7838821814150108,37,10,0,5,0,2,2,asynchronous
n010_069.bnet,random_mc,2,8,4.0,2.0,43,10,0,5,0,2,2,asynchronous
n010_069.bnet,random_mc,3,8,4.0,2.8284271247461903,35,10,0,5,0,2,2,asynchronous
n010_069.bnet,random_mc,4,8,4.0,2.692582403567252,38,10,0,5,0,2,2,asynchronous
n010_069.bnet,random_mc,5,8,4.0,1.8708286933869707,41,10,0,5,0,2,2,asynchronous
n010_069.bnet,random_mc,6,8,4.0,2.0615528128088303,42,10,0,5,0,2,2,asynchronous
n010_069.bnet,random_mc,7,8,4.0,3.082207001484488,34,10,0,5,0,2,2,asynchronous
n010_069.bnet,random_mc,8,8,4.0,2.8722813232690143,37,10,0,5,0,2,2,asynchronous
n010_069.bnet,random_mc,9,8,4.0,1.8027756377319946,38,10,0,5,0,2,2,asynchronous
n010_069.bnet,random_mc,10,8,4.0,2.23606797749979,36,10,0,5,0,2,2,asynchronous
n010_069.bnet,random_mc,11,8,4.0,2.692582403567252,34,10,0,5,0,2,2,asynchronous
n010_069.bnet,random_mc,12,8,4.0,1.9364916731037085,42,10,0,5,0,2,2,asynchronous
n010_069.bnet,random_mc,13,8,4.0,2.9154759474226504,37,10,0,5,0,2,2,asynchronous
n010_069.bnet,random_mc,14,8,4.0,2.7838821814150108,39,10,0,5,0,2,2,asynchronous
n010_069.bnet,random_mc,15,8,4.0,3.0413812651491097,37,10,0,5,0,2,2,asynchronous
n010_069.bnet,random_mc,16,8,4.0,2.345207879911715,33,10,0,5,0,2,2,asynchronous
n010_069.bnet,random_mc,17,8,4.0,2.1213203435596424,36,10,0,5,0,2,2,asynchronous
n010_069.bnet,random_mc,18,8,4.0,2.9154759474226504,38,10,0,5,0,2,2,asynchronous
n010_069.bnet,random_mc,19,8,4.0,3.0,31,10,0,5,0,2,2,asynchronous
n010_069.bnet,random_mc,20,8,4.0,2.1213203435596424,42,10,0,5,0,2,2,asynchronous
n010_069.bnet,random_mc,21,8,4.0,2.449489742783178,35,10,0,5,0,2,2,asynchronous
n010_069.bnet,random_mc,22,8,4.0,1.9364916731037085,42,10,0,5,0,2,2,asynchronous
n010_069.bnet,random_mc,23,8,4.0,2.179449471770337,41,10,0,5,0,2,2,asynchronous
n010_069.bnet,random_mc,24,8,4.0,3.0,37,10,0,5,0,2,2,asynchronous
n010_069.bnet,random_mc,25,8,4.0,2.23606797749979,40,10,0,5,0,2,2,asynchronous
n010_069.bnet,random_mc,26,8,4.0,2.179449471770337,40,10,0,5,0,2,2,asynchronous
n010_069.bnet,random_mc,27,8,4.0,2.0615528128088303,38,10,0,5,0,2,2,asynchronous
n010_069.bnet,random_mc,28,8,4.0,3.7080992435478315,34,10,0,5,0,2,2,asynchronous
n010_069.bnet,random_mc,29,8,4.0,2.23606797749979,38,10,0,5,0,2,2,asynchronous
n010_070.bnet,sd_mc,0,2,1.0,0.0,2,10,0,1,1,2,2,asynchronous
n010_070.bnet,null_mc,0,2,1.0,0.0,2,10,0,1,1,2,2,asynchronous
n010_070.bnet,random_mc,0,2,1.0,0.0,2,10,0,1,1,2,2,asynchronous
n010_070.bnet,random_mc,1,2,1.0,0.0,2,10,0,1,1,2,2,asynchronous
n010_070.bnet,random_mc,2,2,1.0,0.0,2,10,0,1,1,2,2,asynchronous
n010_070.bnet,random_mc,3,2,1.0,0.0,2,10,0,1,1,2,2,asynchronous
n010_070.bnet,random_mc,4,2,1.0,0.0,2,10,0,1,1,2,2,asynchronous
n010_070.bnet,random_mc,5,2,1.0,0.0,2,10,0,1,1,2,2,asynchronous
n010_070.bnet,random_mc,6,2,1.0,0.0,2,10,0,1,1,2,2,asynchronous
n010_070.bnet,random_mc,7,2,1.0,0.0,2,10,0,1,1,2,2,asynchronous
n010_070.bnet,random_mc,8,2,1.0,0.0,2,10,0,1,1,2,2,asynchronous
n010_070.bnet,random_mc,9,2,1.0,0.0,2,10,0,1,1,2,2,asynchronous
n010_070.bnet,random_mc,10,2,1.0,0.0,2,10,0,1,1,2,2,asynchronous
n010_070.bnet,random_mc,11,2,1.0,0.0,2,10,0,1,1,2,2,asynchronous
n010_070.bnet,random_mc,12,2,1.0,0.0,2,10,0,1,1,2,2,asynchronous
n010_070.bnet,random_mc,13,2,1.0,0.0,2,10,0,1,1,2,2,asynchronous
n010_070.bnet,random_mc,14,2,1.0,0.0,2,10,0,1,1,2,2,asynchronous
n010_070.bnet,random_mc,15,2,1.0,0.0,2,10,0,1,1,2,2,asynchronous
n010_070.bnet,random_mc,16,2,1.0,0.0,2,10,0,1,1,2,2,asynchronous
n010_070.bnet,random_mc,17,2,1.0,0.0,2,10,0,1,1,2,2,asynchronous
n010_070.bnet,random_mc,18,2,1.0,0.0,2,10,0,1,1,2,2,asynchronous
n010_070.bnet,random_mc,19,2,1.0,0.0,2,10,0,1,1,2,2,asynchronous
n010_070.bnet,random_mc,20,2,1.0,0.0,2,10,0,1,1,2,2,asynchronous
n010_070.bnet,random_mc,21,2,1.0,0.0,2,10,0,1,1,2,2,asynchronous
n010_070.bnet,random_mc,22,2,1.0,0.0,2,10,0,1,1,2,2,asynchronous
n010_070.bnet,random_mc,23,2,1.0,0.0,2,10,0,1,1,2,2,asynchronous
n010_070.bnet,random_mc,24,2,1.0,0.0,2,10,0,1,1,2,2,asynchronous
n010_070.bnet,random_mc,25,2,1.0,0.0,2,10,0,1,1,2,2,asynchronous
n010_070.bnet,random_mc,26,2,1.0,0.0,2,10,0,1,1,2,2,asynchronous
n010_070.bnet,random_mc,27,2,1.0,0.0,2,10,0,1,1,2,2,asynchronous
n010_070.bnet,random_mc,28,2,1.0,0.0,2,10,0,1,1,2,2,asynchronous
n010_070.bnet,random_mc,29,2,1.0,0.0,2,10,0,1,1,2,2,asynchronous
n010_071.bnet,sd_mc,0,6,5.333333333333333,6.128258770283412,13,10,0,5,0,2,2,asynchronous
n010_071.bnet,null_mc,0,3,10.666666666666666,13.67073110293992,5,10,0,5,0,2,2,asynchronous
n010_071.bnet,random_mc,0,6,5.333333333333333,3.496029493900505,23,10,0,5,0,2,2,asynchronous
n010_071.bnet,random_mc,1,6,5.333333333333333,4.2295258468165065,24,10,0,5,0,2,2,asynchronous
n010_071.bnet,random_mc,2,6,5.333333333333333,3.197221015541813,24,10,0,5,0,2,2,asynchronous
n010_071.bnet,random_mc,3,6,5.333333333333333,3.7712361663282534,23,10,0,5,0,2,2,asynchronous
n010_071.bnet,random_mc,4,6,5.333333333333333,3.681787005729087,22,10,0,5,0,2,2,asynchronous
n010_071.bnet,random_mc,5,6,5.333333333333333,3.9015666369065416,23,10,0,5,0,2,2,asynchronous
n010_071.bnet,random_mc,6,6,5.333333333333333,3.5901098714230026,23,10,0,5,0,2,2,asynchronous
n010_071.bnet,random_mc,7,6,5.333333333333333,4.4969125210773475,22,10,0,5,0,2,2,asynchronous
n010_071.bnet,random_mc,8,6,5.333333333333333,4.0276819911981905,21,10,0,5,0,2,2,asynchronous
n010_071.bnet,random_mc,9,6,5.333333333333333,3.197221015541813,24,10,0,5,0,2,2,asynchronous
n010_071.bnet,random_mc,10,6,5.333333333333333,3.39934634239519,24,10,0,5,0,2,2,asynchronous
n010_071.bnet,random_mc,11,6,5.333333333333333,3.7712361663282534,23,10,0,5,0,2,2,asynchronous
n010_071.bnet,random_mc,12,6,5.333333333333333,3.0912061651652345,24,10,0,5,0,2,2,asynchronous
n010_071.bnet,random_mc,13,6,5.333333333333333,3.7712361663282534,23,10,0,5,0,2,2,asynchronous
n010_071.bnet,random_mc,14,6,5.333333333333333,3.9015666369065416,23,10,0,5,0,2,2,asynchronous
n010_071.bnet,random_mc,15,6,5.333333333333333,3.2998316455372216,23,10,0,5,0,2,2,asynchronous
n010_071.bnet,random_mc,16,6,5.333333333333333,3.5433819375782165,24,10,0,5,0,2,2,asynchronous
n010_071.bnet,random_mc,17,6,5.333333333333333,3.197221015541813,22,10,0,5,0,2,2,asynchronous
n010_071.bnet,random_mc,18,6,5.333333333333333,4.109609335312651,23,10,0,5,0,2,2,asynchronous
n010_071.bnet,random_mc,19,6,5.333333333333333,3.681787005729087,23,10,0,5,0,2,2,asynchronous
n010_071.bnet,random_mc,20,6,5.333333333333333,3.144660377352201,22,10,0,5,0,2,2,asynchronous
n010_071.bnet,random_mc,21,6,5.333333333333333,3.496029493900505,23,10,0,5,0,2,2,asynchronous
n010_071.bnet,random_mc,22,6,5.333333333333333,3.496029493900505,24,10,0,5,0,2,2,asynchronous
n010_071.bnet,random_mc,23,6,5.333333333333333,3.197221015541813,22,10,0,5,0,2,2,asynchronous
n010_071.bnet,random_mc,24,6,5.333333333333333,3.197221015541813,23,10,0,5,0,2,2,asynchronous
n010_071.bnet,random_mc,25,6,5.333333333333333,3.2998316455372216,22,10,0,5,0,2,2,asynchronous
n010_071.bnet,random_mc,26,6,5.333333333333333,3.681787005729087,21,10,0,5,0,2,2,asynchronous
n010_071.bnet,random_mc,27,6,5.333333333333333,3.144660377352201,23,10,0,5,0,2,2,asynchronous
n010_071.bnet,random_mc,28,6,5.333333333333333,5.557777333511023,24,10,0,5,0,2,2,asynchronous
n010_071.bnet,random_mc,29,6,5.333333333333333,3.496029493900505,24,10,0,5,0,2,2,asynchronous
n010_073.bnet,sd_mc,0,15,17.066666666666666,25.603298398622176,52,10,0,8,0,1,1,asynchronous
n010_073.bnet,null_mc,0,2,128.0,127.0,3,10,0,8,0,1,1,asynchronous
n010_073.bnet,random_mc,0,15,17.066666666666666,5.88179866669674,201,10,0,8,0,1,1,asynchronous
n010_073.bnet,random_mc,1,15,17.066666666666666,5.384752135015646,201,10,0,8,0,1,1,asynchronous
n010_073.bnet,random_mc,2,15,17.066666666666666,5.893122168162552,201,10,0,8,0,1,1,asynchronous
n010_073.bnet,random_mc,3,15,17.066666666666666,6.485539470408165,199,10,0,8,0,1,1,asynchronous
n010_073.bnet,random_mc,4,15,17.066666666666666,6.41318087136866,198,10,0,8,0,1,1,asynchronous
n010_073.bnet,random_mc,5,15,17.066666666666666,5.824850975680742,201,10,0,8,0,1,1,asynchronous
n010_073.bnet,random_mc,6,15,17.066666666666666,5.68584988272544,202,10,0,8,0,1,1,asynchronous
n010_073.bnet,random_mc,7,15,17.066666666666666,6.233957188032512,200,10,0,8,0,1,1,asynchronous
n010_073.bnet,random_mc,8,15,17.066666666666666,5.767341001035245,199,10,0,8,0,1,1,asynchronous
n010_073.bnet,random_mc,9,15,17.066666666666666,6.329472507422891,201,10,0,8,0,1,1,asynchronous
n010_073.bnet,random_mc,10,15,17.066666666666666,6.3609922356675,201,10,0,8,0,1,1,asynchronous
n010_073.bnet,random_mc,11,15,17.066666666666666,6.4027771752229174,200,10,0,8,0,1,1,asynchronous
n010_073.bnet,random_mc,12,15,17.066666666666666,5.567365225630124,203,10,0,8,0,1,1,asynchronous
n010_073.bnet,random_mc,13,15,17.066666666666666,5.347481234708128,201,10,0,8,0,1,1,asynchronous
n010_073.bnet,random_mc,14,15,17.066666666666666,5.88179866669674,199,10,0,8,0,1,1,asynchronous
n010_073.bnet,random_mc,15,15,17.066666666666666,6.126082670752076,202,10,0,8,0,1,1,asynchronous
n010_073.bnet,random_mc,16,15,17.066666666666666,6.495810615739622,198,10,0,8,0,1,1,asynchronous
n010_073.bnet,random_mc,17,15,17.066666666666666,5.507167047483569,202,10,0,8,0,1,1,asynchronous
n010_073.bnet,random_mc,18,15,17.066666666666666,5.9606114526018965,197,10,0,8,0,1,1,asynchronous
n010_073.bnet,random_mc,19,15,17.066666666666666,6.06043636126054,198,10,0,8,0,1,1,asynchronous
n010_073.bnet,random_mc,20,15,17.066666666666666,6.06043636126054,201,10,0,8,0,1,1,asynchronous
n010_073.bnet,random_mc,21,15,17.066666666666666,5.7092517509351035,200,10,0,8,0,1,1,asynchronous
n010_073.bnet,random_mc,22,15,17.066666666666666,5.309948733797301,201,10,0,8,0,1,1,asynchronous
n010_073.bnet,random_mc,23,15,17.066666666666666,5.039400317057136,203,10,0,8,0,1,1,asynchronous
n010_073.bnet,random_mc,24,15,17.066666666666666,5.555377774933243,203,10,0,8,0,1,1,asynchronous
n010_073.bnet,random_mc,25,15,17.066666666666666,5.697562831792399,201,10,0,8,0,1,1,asynchronous
n010_073.bnet,random_mc,26,15,17.066666666666666,6.845598748263166,200,10,0,8,0,1,1,asynchronous
n010_073.bnet,random_mc,27,15,17.066666666666666,5.234076380370806,201,10,0,8,0,1,1,asynchronous
n010_073.bnet,random_mc,28,15,17.066666666666666,5.638754787677467,201,10,0,8,0,1,1,asynchronous
n010_073.bnet,random_mc,29,15,17.066666666666666,5.2973788067517145,201,10,0,8,0,1,1,asynchronous
n010_074.bnet,sd_mc,0,11,93.0909090909091,238.556055751132,34,10,0,10,0,3,3,asynchronous
n010_074.bnet,null_mc,0,4,256.0,429.00407923468515,7,10,0,10,0,3,3,asynchronous
n010_074.bnet,random_mc,0,11,93.0909090909091,52.25715182972922,88,10,0,10,0,3,3,asynchronous
n010_074.bnet,random_mc,1,11,93.0909090909091,52.76440698641556,88,10,0,10,0,3,3,asynchronous
n010_074.bnet,random_mc,2,11,93.0909090909091,52.49840611512029,88,10,0,10,0,3,3,asynchronous
n010_074.bnet,random_mc,3,11,93.0909090909091,52.33016607074485,86,10,0,10,0,3,3,asynchronous
n010_074.bnet,random_mc,4,11,93.0909090909091,52.67473871955658,88,10,0,10,0,3,3,asynchronous
n010_074.bnet,random_mc,5,11,93.0909090909091,52.39613890260261,87,10,0,10,0,3,3,asynchronous
n010_074.bnet,random_mc,6,11,93.0909090909091,52.673012833819705,88,10,0,10,0,3,3,asynchronous
n010_074.bnet,random_mc,7,11,93.0909090909091,52.42389209902215,87,10,0,10,0,3,3,asynchronous
n010_074.bnet,random_mc,8,11,93.0909090909091,52.185777486790656,87,10,0,10,0,3,3,asynchronous
n010_074.bnet,random_mc,9,11,93.0909090909091,53.488239226368165,88,10,0,10,0,3,3,asynchronous
n010_074.bnet,random_mc,10,11,93.0909090909091,53.35550503327067,88,10,0,10,0,3,3,asynchronous
n010_074.bnet,random_mc,11,11,93.0909090909091,52.52091279663498,89,10,0,10,0,3,3,asynchronous
n010_074.bnet,random_mc,12,11,93.0909090909091,52.43949681724912,87,10,0,10,0,3,3,asynchronous
n010_074.bnet,random_mc,13,11,93.0909090909091,52.65057117095786,88,10,0,10,0,3,3,asynchronous
n010_074.bnet,random_mc,14,11,93.0909090909091,52.883155155243465,89,10,0,10,0,3,3,asynchronous
n010_074.bnet,random_mc,15,11,93.0909090909091,52.62466505262363,89,10,0,10,0,3,3,asynchronous
n010_074.bnet,random_mc,16,11,93.0909090909091,52.45682994867744,88,10,0,10,0,3,3,asynchronous
n010_074.bnet,random_mc,17,11,93.0909090909091,52.993060515598806,89,10,0,10,0,3,3,asynchronous
n010_074.bnet,random_mc,18,11,93.0909090909091,52.359690507895905,89,10,0,10,0,3,3,asynchronous
n010_074.bnet,random_mc,19,11,93.0909090909091,54.0260114884985,89,10,0,10,0,3,3,asynchronous
n010_074.bnet,random_mc,20,11,93.0909090909091,53.44743304569035,88,10,0,10,0,3,3,asynchronous
n010_074.bnet,random_mc,21,11,93.0909090909091,52.65057117095786,88,10,0,10,0,3,3,asynchronous
n010_074.bnet,random_mc,22,11,93.0909090909091,52.26758868023549,87,10,0,10,0,3,3,asynchronous
n010_074.bnet,random_mc,23,11,93.0909090909091,52.403078579679836,88,10,0,10,0,3,3,asynchronous
n010_074.bnet,random_mc,24,11,93.0909090909091,53.089041063026706,89,10,0,10,0,3,3,asynchronous
n010_074.bnet,random_mc,25,11,93.0909090909091,52.984482368905205,87,10,0,10,0,3,3,asynchronous
n010_074.bnet,random_mc,26,11,93.0909090909091,52.49494269226763,89,10,0,10,0,3,3,asynchronous
n010_074.bnet,random_mc,27,11,93.0909090909091,53.200229913130244,89,10,0,10,0,3,3,asynchronous
n010_074.bnet,random_mc,28,11,93.0909090909091,52.55205998116974,88,10,0,10,0,3,3,asynchronous
n010_074.bnet,random_mc,29,11,93.0909090909091,53.2019386958007,88,10,0,10,0,3,3,asynchronous
n010_075.bnet,sd_mc,0,1,32.0,0.0,1,10,0,5,0,1,1,asynchronous
n010_075.bnet,null_mc,0,1,32.0,0.0,1,10,0,5,0,1,1,asynchronous
n010_075.bnet,random_mc,0,1,32.0,0.0,1,10,0,5,0,1,1,asynchronous
n010_075.bnet,random_mc,1,1,32.0,0.0,1,10,0,5,0,1,1,asynchronous
n010_075.bnet,random_mc,2,1,32.0,0.0,1,10,0,5,0,1,1,asynchronous
n010_075.bnet,random_mc,3,1,32.0,0.0,1,10,0,5,0,1,1,asynchronous
n010_075.bnet,random_mc,4,1,32.0,0.0,1,10,0,5,0,1,1,asynchronous
n010_075.bnet,random_mc,5,1,32.0,0.0,1,10,0,5,0,1,1,asynchronous
n010_075.bnet,random_mc,6,1,32.0,0.0,1,10,0,5,0,1,1,asynchronous
n010_075.bnet,random_mc,7,1,32.0,0.0,1,10,0,5,0,1,1,asynchronous
n010_075.bnet,random_mc,8,1,32.0,0.0,1,10,0,5,0,1,1,asynchronous
n010_075.bnet,random_mc,9,1,32.0,0.0,1,10,0,5,0,1,1,asynchronous
n010_075.bnet,random_mc,10,1,32.0,0.0,1,10,0,5,0,1,1,asynchronous
n010_075.bnet,random_mc,11,1,32.0,0.0,1,10,0,5,0,1,1,asynchronous
n010_075.bnet,random_mc,12,1,32.0,0.0,1,10,0,5,0,1,1,asynchronous
n010_075.bnet,random_mc,13,1,32.0,0.0,1,10,0,5,0,1,1,asynchronous
n010_075.bnet,random_mc,14,1,32.0,0.0,1,10,0,5,0,1,1,asynchronous
n010_075.bnet,random_mc,15,1,32.0,0.0,1,10,0,5,0,1,1,asynchronous
n010_075.bnet,random_mc,16,1,32.0,0.0,1,10,0,5,0,1,1,asynchronous
n010_075.bnet,random_mc,17,1,32.0,0.0,1,10,0,5,0,1,1,asynchronous
n010_075.bnet,random_mc,18,1,32.0,0.0,1,10,0,5,0,1,1,asynchronous
n010_075.bnet,random_mc,19,1,32.0,0.0,1,10,0,5,0,1,1,asynchronous
n010_075.bnet,random_mc,20,1,32.0,0.0,1,10,0,5,0,1,1,asynchronous
n010_075.bnet,random_mc,21,1,32.0,0.0,1,10,0,5,0,1,1,asynchronous
n010_075.bnet,random_mc,22,1,32.0,0.0,1,10,0,5,0,1,1,asynchronous
n010_075.bnet,random_mc,23,1,32.0,0.0,1,10,0,5,0,1,1,asynchronous
n010_075.bnet,random_mc,24,1,32.0,0.0,1,10,0,5,0,1,1,asynchronous
n010_075.bnet,random_mc,25,1,32.0,0.0,1,10,0,5,0,1,1,asynchronous
n010_075.bnet,random_mc,26,1,32.0,0.0,1,10,0,5,0,1,1,asynchronous
n010_075.bnet,random_mc,27,1,32.0,0.0,1,10,0,5,0,1,1,asynchronous
n010_075.bnet,random_mc,28,1,32.0,0.0,1,10,0,5,0,1,1,asynchronous
n010_075.bnet,random_mc,29,1,32.0,0.0,1,10,0,5,0,1,1,asynchronous
n010_076.bnet,sd_mc,0,10,1.6,0.9165151389911681,25,10,0,4,0,3,3,asynchronous
n010_076.bnet,null_mc,0,4,4.0,5.196152422706632,7,10,0,4,0,3,3,asynchronous
n010_076.bnet,random_mc,0,10,1.6,0.66332495807108,35,10,0,4,0,3,3,asynchronous
n010_076.bnet,random_mc,1,10,1.6,1.0198039027185568,31,10,0,4,0,3,3,asynchronous
n010_076.bnet,random_mc,2,10,1.6,0.8,31,10,0,4,0,3,3,asynchronous
n010_076.bnet,random_mc,3,10,1.6,1.2,27,10,0,4,0,3,3,asynchronous
n010_076.bnet,random_mc,4,10,1.6,0.9165151389911679,32,10,0,4,0,3,3,asynchronous
n010_076.bnet,random_mc,5,10,1.6,0.8,30,10,0,4,0,3,3,asynchronous
n010_076.bnet,random_mc,6,10,1.6,0.8,29,10,0,4,0,3,3,asynchronous
n010_076.bnet,random_mc,7,10,1.6,1.0198039027185568,28,10,0,4,0,3,3,asynchronous
n010_076.bnet,random_mc,8,10,1.6,1.4966629547095764,28,10,0,4,0,3,3,asynchronous
n010_076.bnet,random_mc,9,10,1.6,0.8,33,10,0,4,0,3,3,asynchronous
n010_076.bnet,random_mc,10,10,1.6,0.9165151389911679,32,10,0,4,0,3,3,asynchronous
n010_076.bnet,random_mc,11,10,1.6,0.66332495807108,33,10,0,4,0,3,3,asynchronous
n010_076.bnet,random_mc,12,10,1.6,0.66332495807108,34,10,0,4,0,3,3,asynchronous
n010_076.bnet,random_mc,13,10,1.6,1.0198039027185568,33,10,0,4,0,3,3,asynchronous
n010_076.bnet,random_mc,14,10,1.6,0.9165151389911681,33,10,0,4,0,3,3,asynchronous
n010_076.bnet,random_mc,15,10,1.6,0.66332495807108,35,10,0,4,0,3,3,asynchronous
n010_076.bnet,random_mc,16,10,1.6,0.66332495807108,33,10,0,4,0,3,3,asynchronous
n010_076.bnet,random_mc,17,10,1.6,0.66332495807108,32,10,0,4,0,3,3,asynchronous
n010_076.bnet,random_mc,18,10,1.6,0.8,31,10,0,4,0,3,3,asynchronous
n010_076.bnet,random_mc,19,10,1.6,0.9165151389911681,31,10,0,4,0,3,3,asynchronous
n010_076.bnet,random_mc,20,10,1.6,0.8,31,10,0,4,0,3,3,asynchronous
n010_076.bnet,random_mc,21,10,1.6,0.66332495807108,31,10,0,4,0,3,3,asynchronous
n010_076.bnet,random_mc,22,10,1.6,0.9165151389911679,30,10,0,4,0,3,3,asynchronous
n010_076.bnet,random_mc,23,10,1.6,0.66332495807108,29,10,0,4,0,3,3,asynchronous
n010_076.bnet,random_mc,24,10,1.6,0.9165151389911679,30,10,0,4,0,3,3,asynchronous
n010_076.bnet,random_mc,25,10,1.6,0.8,31,10,0,4,0,3,3,asynchronous
n010_076.bnet,random_mc,26,10,1.6,0.8,33,10,0,4,0,3,3,asynchronous
n010_076.bnet,random_mc,27,10,1.6,1.2,30,10,0,4,0,3,3,asynchronous
n010_076.bnet,random_mc,28,10,1.6,0.9165151389911681,31,10,0,4,0,3,3,asynchronous
n010_076.bnet,random_mc,29,10,1.6,0.66332495807108,31,10,0,4,0,3,3,asynchronous
n010_077.bnet,sd_mc,0,5,51.2,51.38248728895868,9,10,0,8,1,2,2,asynchronous
n010_077.bnet,null_mc,0,3,85.33333333333333,119.26534376013103,5,10,0,8,1,2,2,asynchronous
n010_077.bnet,random_mc,0,5,51.2,41.33956942204406,16,10,0,8,1,2,2,asynchronous
n010_077.bnet,random_mc,1,5,51.2,41.14559514698992,17,10,0,8,1,2,2,asynchronous
n010_077.bnet,random_mc,2,5,51.2,41.19417434540957,17,10,0,8,1,2,2,asynchronous
n010_077.bnet,random_mc,3,5,51.2,41.69604297772152,16,10,0,8,1,2,2,asynchronous
n010_077.bnet,random_mc,4,5,51.2,42.03522332520669,17,10,0,8,1,2,2,asynchronous
n010_077.bnet,random_mc,5,5,51.2,41.638443774953934,16,10,0,8,1,2,2,asynchronous
n010_077.bnet,random_mc,6,5,51.2,41.54226763189511,17,10,0,8,1,2,2,asynchronous
n010_077.bnet,random_mc,7,5,51.2,41.11155555315318,17,10,0,8,1,2,2,asynchronous
n010_077.bnet,random_mc,8,5,51.2,41.18446308985951,16,10,0,8,1,2,2,asynchronous
n010_077.bnet,random_mc,9,5,51.2,42.011427016943856,17,10,0,8,1,2,2,asynchronous
n010_077.bnet,random_mc,10,5,51.2,41.532637768386444,17,10,0,8,1,2,2,asynchronous
n010_077.bnet,random_mc,11,5,51.2,41.85881030320857,16,10,0,8,1,2,2,asynchronous
n010_077.bnet,random_mc,12,5,51.2,41.096958524932234,16,10,0,8,1,2,2,asynchronous
n010_077.bnet,random_mc,13,5,51.2,41.135872422983816,16,10,0,8,1,2,2,asynchronous
n010_077.bnet,random_mc,14,5,51.2,41.252393869931964,17,10,0,8,1,2,2,asynchronous
n010_077.bnet,random_mc,15,5,51.2,41.31053134492463,17,10,0,8,1,2,2,asynchronous
n010_077.bnet,random_mc,16,5,51.2,41.66725332920326,17,10,0,8,1,2,2,asynchronous
n010_077.bnet,random_mc,17,5,51.2,40.999512192220045,16,10,0,8,1,2,2,asynchronous
n010_077.bnet,random_mc,18,5,51.2,41.26208913760912,17,10,0,8,1,2,2,asynchronous
n010_077.bnet,random_mc,19,5,51.2,41.165033705804255,17,10,0,8,1,2,2,asynchronous
n010_077.bnet,random_mc,20,5,51.2,42.11603020228759,17,10,0,8,1,2,2,asynchronous
n010_077.bnet,random_mc,21,5,51.2,41.30568968072075,16,10,0,8,1,2,2,asynchronous
n010_077.bnet,random_mc,22,5,51.2,41.20388331213455,17,10,0,8,1,2,2,asynchronous
n010_077.bnet,random_mc,23,5,51.2,41.009267245343466,16,10,0,8,1,2,2,asynchronous
n010_077.bnet,random_mc,24,5,51.2,41.20388331213455,17,10,0,8,1,2,2,asynchronous
n010_077.bnet,random_mc,25,5,51.2,41.11155555315318,16,10,0,8,1,2,2,asynchronous
n010_077.bnet,random_mc,26,5,51.2,42.22511101228746,17,10,0,8,1,2,2,asynchronous
n010_077.bnet,random_mc,27,5,51.2,41.14559514698992,16,10,0,8,1,2,2,asynchronous
n010_077.bnet,random_mc,28,5,51.2,41.252393869931964,17,10,0,8,1,2,2,asynchronous
n010_077.bnet,random_mc,29,5,51.2,41.42656152759966,16,10,0,8,1,2,2,asynchronous
n010_078.bnet,sd_mc,0,3,170.66666666666666,158.6050300449376,6,10,0,9,0,1,1,asynchronous
n010_078.bnet,null_mc,0,2,256.0,252.0,3,10,0,9,0,1,1,asynchronous
n010_078.bnet,random_mc,0,3,170.66666666666666,118.19287438570717,7,10,0,9,0,1,1,asynchronous
n010_078.bnet,random_mc,1,3,170.66666666666666,117.85113019775793,7,10,0,9,0,1,1,asynchronous
n010_078.bnet,random_mc,2,3,170.66666666666666,118.32816890138862,7,10,0,9,0,1,1,asynchronous
n010_078.bnet,random_mc,3,3,170.66666666666666,118.08001053899382,7,10,0,9,0,1,1,asynchronous
n010_078.bnet,random_mc,4,3,170.66666666666666,117.86244336325102,7,10,0,9,0,1,1,asynchronous
n010_078.bnet,random_mc,5,3,170.66666666666666,118.6657303333846,7,10,0,9,0,1,1,asynchronous
n010_078.bnet,random_mc,6,3,170.66666666666666,117.85395859094236,7,10,0,9,0,1,1,asynchronous
n010_078.bnet,random_mc,7,3,170.66666666666666,118.6657303333846,7,10,0,9,0,1,1,asynchronous
n010_078.bnet,random_mc,8,3,170.66666666666666,117.85395859094236,7,10,0,9,0,1,1,asynchronous
n010_078.bnet,random_mc,9,3,170.66666666666666,118.76400502209788,7,10,0,9,0,1,1,asynchronous
n010_078.bnet,random_mc,10,3,170.66666666666666,117.89637634616068,7,10,0,9,0,1,1,asynchronous
n010_078.bnet,random_mc,11,3,170.66666666666666,118.76400502209788,7,10,0,9,0,1,1,asynchronous
n010_078.bnet,random_mc,12,3,170.66666666666666,118.97712198383164,7,10,0,9,0,1,1,asynchronous
n010_078.bnet,random_mc,13,3,170.66666666666666,118.03201072402162,7,10,0,9,0,1,1,asynchronous
n010_078.bnet,random_mc,14,3,170.66666666666666,117.89637634616068,7,10,0,9,0,1,1,asynchronous
n010_078.bnet,random_mc,15,3,170.66666666666666,118.08001053899382,7,10,0,9,0,1,1,asynchronous
n010_078.bnet,random_mc,16,3,170.66666666666666,118.32816890138862,7,10,0,9,0,1,1,asynchronous
n010_078.bnet,random_mc,17,3,170.66666666666666,118.19287438570717,7,10,0,9,0,1,1,asynchronous
n010_078.bnet,random_mc,18,3,170.66666666666666,118.19287438570717,7,10,0,9,0,1,1,asynchronous
n010_078.bnet,random_mc,19,3,170.66666666666666,118.48581724784148,7,10,0,9,0,1,1,asynchronous
n010_078.bnet,random_mc,20,3,170.66666666666666,119.89532471655802,7,10,0,9,0,1,1,asynchronous
n010_078.bnet,random_mc,21,3,170.66666666666666,117.92181967539152,7,10,0,9,0,1,1,asynchronous
n010_078.bnet,random_mc,22,3,170.66666666666666,118.40420412956439,7,10,0,9,0,1,1,asynchronous
n010_078.bnet,random_mc,23,3,170.66666666666666,118.03201072402162,7,10,0,9,0,1,1,asynchronous
n010_078.bnet,random_mc,24,3,170.66666666666666,118.133634311129,7,10,0,9,0,1,1,asynchronous
n010_078.bnet,random_mc,25,3,170.66666666666666,118.6657303333846,7,10,0,9,0,1,1,asynchronous
n010_078.bnet,random_mc,26,3,170.66666666666666,117.92181967539152,7,10,0,9,0,1,1,asynchronous
n010_078.bnet,random_mc,27,3,170.66666666666666,117.86244336325102,7,10,0,9,0,1,1,asynchronous
n010_078.bnet,random_mc,28,3,170.66666666666666,118.19287438570717,7,10,0,9,0,1,1,asynchronous
n010_078.bnet,random_mc,29,3,170.66666666666666,118.03201072402162,7,10,0,9,0,1,1,asynchronous
n010_079.bnet,sd_mc,0,1,8.0,0.0,1,10,0,3,0,1,1,asynchronous
n010_079.bnet,null_mc,0,1,8.0,0.0,1,10,0,3,0,1,1,asynchronous
n010_079.bnet,random_mc,0,1,8.0,0.0,1,10,0,3,0,1,1,asynchronous
n010_079.bnet,random_mc,1,1,8.0,0.0,1,10,0,3,0,1,1,asynchronous
n010_079.bnet,random_mc,2,1,8.0,0.0,1,10,0,3,0,1,1,asynchronous
n010_079.bnet,random_mc,3,1,8.0,0.0,1,10,0,3,0,1,1,asynchronous
n010_079.bnet,random_mc,4,1,8.0,0.0,1,10,0,3,0,1,1,asynchronous
n010_079.bnet,random_mc,5,1,8.0,0.0,1,10,0,3,0,1,1,asynchronous
n010_079.bnet,random_mc,6,1,8.0,0.0,1,10,0,3,0,1,1,asynchronous
n010_079.bnet,random_mc,7,1,8.0,0.0,1,10,0,3,0,1,1,asynchronous
n010_079.bnet,random_mc,8,1,8.0,0.0,1,10,0,3,0,1,1,asynchronous
n010_079.bnet,random_mc,9,1,8.0,0.0,1,10,0,3,0,1,1,asynchronous
n010_079.bnet,random_mc,10,1,8.0,0.0,1,10,0,3,0,1,1,asynchronous
n010_079.bnet,random_mc,11,1,8.0,0.0,1,10,0,3,0,1,1,asynchronous
n010_079.bnet,random_mc,12,1,8.0,0.0,1,10,0,3,0,1,1,asynchronous
n010_079.bnet,random_mc,13,1,8.0,0.0,1,10,0,3,0,1,1,asynchronous
n010_079.bnet,random_mc,14,1,8.0,0.0,1,10,0,3,0,1,1,asynchronous
n010_079.bnet,random_mc,15,1,8.0,0.0,1,10,0,3,0,1,1,asynchronous
n010_079.bnet,random_mc,16,1,8.0,0.0,1,10,0,3,0,1,1,asynchronous
n010_079.bnet,random_mc,17,1,8.0,0.0,1,10,0,3,0,1,1,asynchronous
n010_079.bnet,random_mc,18,1,8.0,0.0,1,10,0,3,0,1,1,asynchronous
n010_079.bnet,random_mc,19,1,8.0,0.0,1,10,0,3,0,1,1,asynchronous
n010_079.bnet,random_mc,20,1,8.0,0.0,1,10,0,3,0,1,1,asynchronous
n010_079.bnet,random_mc,21,1,8.0,0.0,1,10,0,3,0,1,1,asynchronous
n010_079.bnet,random_mc,22,1,8.0,0.0,1,10,0,3,0,1,1,asynchronous
n010_079.bnet,random_mc,23,1,8.0,0.0,1,10,0,3,0,1,1,asynchronous
n010_079.bnet,random_mc,24,1,8.0,0.0,1,10,0,3,0,1,1,asynchronous
n010_079.bnet,random_mc,25,1,8.0,0.0,1,10,0,3,0,1,1,asynchronous
n010_079.bnet,random_mc,26,1,8.0,0.0,1,10,0,3,0,1,1,asynchronous
n010_079.bnet,random_mc,27,1,8.0,0.0,1,10,0,3,0,1,1,asynchronous
n010_079.bnet,random_mc,28,1,8.0,0.0,1,10,0,3,0,1,1,asynchronous
n010_079.bnet,random_mc,29,1,8.0,0.0,1,10,0,3,0,1,1,asynchronous
n010_080.bnet,sd_mc,0,17,30.11764705882353,52.04396597554482,56,10,0,9,0,3,3,asynchronous
n010_080.bnet,null_mc,0,4,128.0,215.94791038581502,7,10,0,9,0,3,3,asynchronous
n010_080.bnet,random_mc,0,17,30.11764705882353,13.252668334832784,224,10,0,9,0,3,3,asynchronous
n010_080.bnet,random_mc,1,17,30.11764705882353,13.145709892634741,224,10,0,9,0,3,3,asynchronous
n010_080.bnet,random_mc,2,17,30.11764705882353,12.997204916447936,223,10,0,9,0,3,3,asynchronous
n010_080.bnet,random_mc,3,17,30.11764705882353,13.706513492158633,223,10,0,9,0,3,3,asynchronous
n010_080.bnet,random_mc,4,17,30.11764705882353,13.672137200896515,223,10,0,9,0,3,3,asynchronous
n010_080.bnet,random_mc,5,17,30.11764705882353,14.257639244159918,223,10,0,9,0,3,3,asynchronous
n010_080.bnet,random_mc,6,17,30.11764705882353,13.49022457817327,221,10,0,9,0,3,3,asynchronous
n010_080.bnet,random_mc,7,17,30.11764705882353,13.616090623796264,225,10,0,9,0,3,3,asynchronous
n010_080.bnet,random_mc,8,17,30.11764705882353,13.594472721709911,223,10,0,9,0,3,3,asynchronous
n010_080.bnet,random_mc,9,17,30.11764705882353,14.376788289548239,221,10,0,9,0,3,3,asynchronous
n010_080.bnet,random_mc,10,17,30.11764705882353,14.079114080338906,220,10,0,9,0,3,3,asynchronous
n010_080.bnet,random_mc,11,17,30.11764705882353,13.736522177119335,223,10,0,9,0,3,3,asynchronous
n010_080.bnet,random_mc,12,17,30.11764705882353,13.239345785068421,225,10,0,9,0,3,3,asynchronous
n010_080.bnet,random_mc,13,17,30.11764705882353,13.221561503140046,221,10,0,9,0,3,3,asynchronous
n010_080.bnet,random_mc,14,17,30.11764705882353,13.654916601900002,222,10,0,9,0,3,3,asynchronous
n010_080.bnet,random_mc,15,17,30.11764705882353,13.821902282209997,224,10,0,9,0,3,3,asynchronous
n010_080.bnet,random_mc,16,17,30.11764705882353,13.834663851190333,223,10,0,9,0,3,3,asynchronous
n010_080.bnet,random_mc,17,17,30.11764705882353,13.67643896264528,223,10,0,9,0,3,3,asynchronous
n010_080.bnet,random_mc,18,17,30.11764705882353,13.367574257227501,224,10,0,9,0,3,3,asynchronous
n010_080.bnet,random_mc,19,17,30.11764705882353,14.360412712982773,223,10,0,9,0,3,3,asynchronous
n010_080.bnet,random_mc,20,17,30.11764705882353,13.498942672935435,224,10,0,9,0,3,3,asynchronous
n010_080.bnet,random_mc,21,17,30.11764705882353,13.212660385541884,224,10,0,9,0,3,3,asynchronous
n010_080.bnet,random_mc,22,17,30.11764705882353,12.965485190627218,222,10,0,9,0,3,3,asynchronous
n010_080.bnet,random_mc,23,17,30.11764705882353,12.93368767276406,224,10,0,9,0,3,3,asynchronous
n010_080.bnet,random_mc,24,17,30.11764705882353,13.877117656908002,224,10,0,9,0,3,3,asynchronous
n010_080.bnet,random_mc,25,17,30.11764705882353,13.95320900447246,221,10,0,9,0,3,3,asynchronous
n010_080.bnet,random_mc,26,17,30.11764705882353,13.546791905623119,223,10,0,9,0,3,3,asynchronous
n010_080.bnet,random_mc,27,17,30.11764705882353,13.015295765960623,222,10,0,9,0,3,3,asynchronous
n010_080.bnet,random_mc,28,17,30.11764705882353,13.208207577292397,222,10,0,9,0,3,3,asynchronous
n010_080.bnet,random_mc,29,17,30.11764705882353,13.965850589883953,224,10,0,9,0,3,3,asynchronous
n010_082.bnet,sd_mc,0,3,341.3333333333333,219.1214782311908,6,10,0,10,0,1,1,asynchronous
n010_082.bnet,null_mc,0,2,512.0,480.0,3,10,0,10,0,1,1,asynchronous
n010_082.bnet,random_mc,0,3,341.3333333333333,218.74541265031263,7,10,0,10,0,1,1,asynchronous
n010_082.bnet,random_mc,1,3,341.3333333333333,219.0743151434133,7,10,0,10,0,1,1,asynchronous
n010_082.bnet,random_mc,2,3,341.3333333333333,218.76979275535783,7,10,0,10,0,1,1,asynchronous
n010_082.bnet,random_mc,3,3,341.3333333333333,218.73779331021473,7,10,0,10,0,1,1,asynchronous
n010_082.bnet,random_mc,4,3,341.3333333333333,218.91601636751528,7,10,0,10,0,1,1,asynchronous
n010_082.bnet,random_mc,5,3,341.3333333333333,218.7332215787584,7,10,0,10,0,1,1,asynchronous
n010_082.bnet,random_mc,6,3,341.3333333333333,219.22489720730982,7,10,0,10,0,1,1,asynchronous
n010_082.bnet,random_mc,7,3,341.3333333333333,218.91601636751528,7,10,0,10,0,1,1,asynchronous
n010_082.bnet,random_mc,8,3,341.3333333333333,218.8551017352704,7,10,0,10,0,1,1,asynchronous
n010_082.bnet,random_mc,9,3,341.3333333333333,220.59062133785793,7,10,0,10,0,1,1,asynchronous
n010_082.bnet,random_mc,10,3,341.3333333333333,218.80635781947063,7,10,0,10,0,1,1,asynchronous
n010_082.bnet,random_mc,11,3,341.3333333333333,218.95103460718232,7,10,0,10,0,1,1,asynchronous
n010_082.bnet,random_mc,12,3,341.3333333333333,218.8840382993292,7,10,0,10,0,1,1,asynchronous
n010_082.bnet,random_mc,13,3,341.3333333333333,218.76979275535783,7,10,0,10,0,1,1,asynchronous
n010_082.bnet,random_mc,14,3,341.3333333333333,218.80635781947063,7,10,0,10,0,1,1,asynchronous
n010_082.bnet,random_mc,15,3,341.3333333333333,218.76979275535783,7,10,0,10,0,1,1,asynchronous
n010_082.bnet,random_mc,16,3,341.3333333333333,218.75607928060472,7,10,0,10,0,1,1,asynchronous
n010_082.bnet,random_mc,17,3,341.3333333333333,218.91601636751528,7,10,0,10,0,1,1,asynchronous
n010_082.bnet,random_mc,18,3,341.3333333333333,218.98909155988162,7,10,0,10,0,1,1,asynchronous
n010_082.bnet,random_mc,19,3,341.3333333333333,220.09896763855016,7,10,0,10,0,1,1,asynchronous
n010_082.bnet,random_mc,20,3,341.3333333333333,219.83984069216288,7,10,0,10,0,1,1,asynchronous
n010_082.bnet,random_mc,21,3,341.3333333333333,218.7332215787584,7,10,0,10,0,1,1,asynchronous
n010_082.bnet,random_mc,22,3,341.3333333333333,219.1214782311908,7,10,0,10,0,1,1,asynchronous
n010_082.bnet,random_mc,23,3,341.3333333333333,219.4027245855337,7,10,0,10,0,1,1,asynchronous
n010_082.bnet,random_mc,24,3,341.3333333333333,219.1214782311908,7,10,0,10,0,1,1,asynchronous
n010_082.bnet,random_mc,25,3,341.3333333333333,219.17167294662468,7,10,0,10,0,1,1,asynchronous
n010_082.bnet,random_mc,26,3,341.3333333333333,218.91601636751528,7,10,0,10,0,1,1,asynchronous
n010_082.bnet,random_mc,27,3,341.3333333333333,219.0743151434133,7,10,0,10,0,1,1,asynchronous
n010_082.bnet,random_mc,28,3,341.3333333333333,218.95103460718232,7,10,0,10,0,1,1,asynchronous
n010_082.bnet,random_mc,29,3,341.3333333333333,218.8551017352704,7,10,0,10,0,1,1,asynchronous
n010_083.bnet,sd_mc,0,6,10.666666666666666,16.87865186822955,14,10,0,6,0,3,3,asynchronous
n010_083.bnet,null_mc,0,4,16.0,25.98076211353316,7,10,0,6,0,3,3,asynchronous
n010_083.bnet,random_mc,0,6,10.666666666666666,9.910712498212337,21,10,0,6,0,3,3,asynchronous
n010_083.bnet,random_mc,1,6,10.666666666666666,9.775252199076787,21,10,0,6,0,3,3,asynchronous
n010_083.bnet,random_mc,2,6,10.666666666666666,9.689627902499089,20,10,0,6,0,3,3,asynchronous
n010_083.bnet,random_mc,3,6,10.666666666666666,9.758187445536299,21,10,0,6,0,3,3,asynchronous
n010_083.bnet,random_mc,4,6,10.666666666666666,10.094002619817815,20,10,0,6,0,3,3,asynchronous
n010_083.bnet,random_mc,5,6,10.666666666666666,10.593499054713803,19,10,0,6,0,3,3,asynchronous
n010_083.bnet,random_mc,6,6,10.666666666666666,10.077477638553983,20,10,0,6,0,3,3,asynchronous
n010_083.bnet,random_mc,7,6,10.666666666666666,10.79608982713443,19,10,0,6,0,3,3,asynchronous
n010_083.bnet,random_mc,8,6,10.666666666666666,9.877021593352703,20,10,0,6,0,3,3,asynchronous
n010_083.bnet,random_mc,9,6,10.666666666666666,9.961035198322623,21,10,0,6,0,3,3,asynchronous
n010_083.bnet,random_mc,10,6,10.666666666666666,10.110500592068734,19,10,0,6,0,3,3,asynchronous
n010_083.bnet,random_mc,11,6,10.666666666666666,9.877021593352703,21,10,0,6,0,3,3,asynchronous
n010_083.bnet,random_mc,12,6,10.666666666666666,9.741092797468305,21,10,0,6,0,3,3,asynchronous
n010_083.bnet,random_mc,13,6,10.666666666666666,9.877021593352703,21,10,0,6,0,3,3,asynchronous
n010_083.bnet,random_mc,14,6,10.666666666666666,9.877021593352703,20,10,0,6,0,3,3,asynchronous
n010_083.bnet,random_mc,15,6,10.666666666666666,9.826268648655784,20,10,0,6,0,3,3,asynchronous
n010_083.bnet,random_mc,16,6,10.666666666666666,10.077477638553983,19,10,0,6,0,3,3,asynchronous
n010_083.bnet,random_mc,17,6,10.666666666666666,9.961035198322623,20,10,0,6,0,3,3,asynchronous
n010_083.bnet,random_mc,18,6,10.666666666666666,9.775252199076787,19,10,0,6,0,3,3,asynchronous
n010_083.bnet,random_mc,19,6,10.666666666666666,9.706813185707357,20,10,0,6,0,3,3,asynchronous
n010_083.bnet,random_mc,20,6,10.666666666666666,10.110500592068734,21,10,0,6,0,3,3,asynchronous
n010_083.bnet,random_mc,21,6,10.666666666666666,10.077477638553983,19,10,0,6,0,3,3,asynchronous
n010_083.bnet,random_mc,22,6,10.666666666666666,9.706813185707357,21,10,0,6,0,3,3,asynchronous
n010_083.bnet,random_mc,23,6,10.666666666666666,9.672412085697939,21,10,0,6,0,3,3,asynchronous
n010_083.bnet,random_mc,24,6,10.666666666666666,9.775252199076787,20,10,0,6,0,3,3,asynchronous
n010_083.bnet,random_mc,25,6,10.666666666666666,9.877021593352703,21,10,0,6,0,3,3,asynchronous
n010_083.bnet,random_mc,26,6,10.666666666666666,10.208928554075703,20,10,0,6,0,3,3,asynchronous
n010_083.bnet,random_mc,27,6,10.666666666666666,9.672412085697939,20,10,0,6,0,3,3,asynchronous
n010_083.bnet,random_mc,28,6,10.666666666666666,10.593499054713803,19,10,0,6,0,3,3,asynchronous
n010_083.bnet,random_mc,29,6,10.666666666666666,9.944289260117532,20,10,0,6,0,3,3,asynchronous
n010_084.bnet,sd_mc,0,5,102.4,111.47484021069506,12,10,0,9,0,1,1,asynchronous
n010_084.bnet,null_mc,0,2,256.0,255.0,3,10,0,9,0,1,1,asynchronous
n010_084.bnet,random_mc,0,5,102.4,52.32437290594126,21,10,0,9,0,1,1,asynchronous
n010_084.bnet,random_mc,1,5,102.4,50.7369687703158,20,10,0,9,0,1,1,asynchronous
n010_084.bnet,random_mc,2,5,102.4,50.98862618270863,21,10,0,9,0,1,1,asynchronous
n010_084.bnet,random_mc,3,5,102.4,51.33653669658677,20,10,0,9,0,1,1,asynchronous
n010_084.bnet,random_mc,4,5,102.4,51.20781190404448,20,10,0,9,0,1,1,asynchronous
n010_084.bnet,random_mc,5,5,102.4,51.476596624097056,21,10,0,9,0,1,1,asynchronous
n010_084.bnet,random_mc,6,5,102.4,51.086593153194315,20,10,0,9,0,1,1,asynchronous
n010_084.bnet,random_mc,7,5,102.4,51.270264286426304,21,10,0,9,0,1,1,asynchronous
n010_084.bnet,random_mc,8,5,102.4,50.78424952679718,21,10,0,9,0,1,1,asynchronous
n010_084.bnet,random_mc,9,5,102.4,51.817371604511166,21,10,0,9,0,1,1,asynchronous
n010_084.bnet,random_mc,10,5,102.4,52.38931188706338,20,10,0,9,0,1,1,asynchronous
n010_084.bnet,random_mc,11,5,102.4,51.89836220922583,20,10,0,9,0,1,1,asynchronous
n010_084.bnet,random_mc,12,5,102.4,51.639519749896984,20,10,0,9,0,1,1,asynchronous
n010_084.bnet,random_mc,13,5,102.4,51.429952362412315,20,10,0,9,0,1,1,asynchronous
n010_084.bnet,random_mc,14,5,102.4,50.85508824100102,20,10,0,9,0,1,1,asynchronous
n010_084.bnet,random_mc,15,5,102.4,51.04351085103767,21,10,0,9,0,1,1,asynchronous
n010_084.bnet,random_mc,16,5,102.4,51.1022504396822,21,10,0,9,0,1,1,asynchronous
n010_084.bnet,random_mc,17,5,102.4,50.98862618270863,20,10,0,9,0,1,1,asynchronous
n010_084.bnet,random_mc,18,5,102.4,52.57604017040462,21,10,0,9,0,1,1,asynchronous
n010_084.bnet,random_mc,19,5,102.4,51.17264894452895,20,10,0,9,0,1,1,asynchronous
n010_084.bnet,random_mc,20,5,102.4,52.438916846174465,21,10,0,9,0,1,1,asynchronous
n010_084.bnet,random_mc,21,5,102.4,52.029222558097096,21,10,0,9,0,1,1,asynchronous
n010_084.bnet,random_mc,22,5,102.4,51.62015110400201,21,10,0,9,0,1,1,asynchronous
n010_084.bnet,random_mc,23,5,102.4,51.03567379784459,20,10,0,9,0,1,1,asynchronous
n010_084.bnet,random_mc,24,5,102.4,52.659661981444586,21,10,0,9,0,1,1,asynchronous
n010_084.bnet,random_mc,25,5,102.4,52.2478707700132,21,10,0,9,0,1,1,asynchronous
n010_084.bnet,random_mc,26,5,102.4,51.42217420529786,21,10,0,9,0,1,1,asynchronous
n010_084.bnet,random_mc,27,5,102.4,51.56975858000501,21,10,0,9,0,1,1,asynchronous
n010_084.bnet,random_mc,28,5,102.4,51.137461806390036,21,10,0,9,0,1,1,asynchronous
n010_084.bnet,random_mc,29,5,102.4,52.85678764359408,21,10,0,9,0,1,1,asynchronous
n010_085.bnet,sd_mc,0,10,12.8,18.38912722235615,21,10,0,7,1,4,4,asynchronous
n010_085.bnet,null_mc,0,5,25.6,49.2,9,10,0,7,1,4,4,asynchronous
n010_085.bnet,random_mc,0,10,12.8,10.107423014794621,53,10,0,7,1,4,4,asynchronous
n010_085.bnet,random_mc,1,10,12.8,10.09752444909147,52,10,0,7,1,4,4,asynchronous
n010_085.bnet,random_mc,2,10,12.8,10.543244282477762,54,10,0,7,1,4,4,asynchronous
n010_085.bnet,random_mc,3,10,12.8,9.99799979995999,57,10,0,7,1,4,4,asynchronous
n010_085.bnet,random_mc,4,10,12.8,10.740577265678041,55,10,0,7,1,4,4,asynchronous
n010_085.bnet,random_mc,5,10,12.8,10.057832768544126,54,10,0,7,1,4,4,asynchronous
n010_085.bnet,random_mc,6,10,12.8,9.83666610188635,56,10,0,7,1,4,4,asynchronous
n010_085.bnet,random_mc,7,10,12.8,10.380751417888783,53,10,0,7,1,4,4,asynchronous
n010_085.bnet,random_mc,8,10,12.8,9.83666610188635,56,10,0,7,1,4,4,asynchronous
n010_085.bnet,random_mc,9,10,12.8,10.361467077590895,54,10,0,7,1,4,4,asynchronous
n010_085.bnet,random_mc,10,10,12.8,10.447966309287182,53,10,0,7,1,4,4,asynchronous
n010_085.bnet,random_mc,11,10,12.8,10.39038016628843,55,10,0,7,1,4,4,asynchronous
n010_085.bnet,random_mc,12,10,12.8,9.795917517006766,54,10,0,7,1,4,4,asynchronous
n010_085.bnet,random_mc,13,10,12.8,11.22319027727856,54,10,0,7,1,4,4,asynchronous
n010_085.bnet,random_mc,14,10,12.8,10.166612021711067,53,10,0,7,1,4,4,asynchronous
n010_085.bnet,random_mc,15,10,12.8,10.447966309287182,50,10,0,7,1,4,4,asynchronous
n010_085.bnet,random_mc,16,10,12.8,10.254754994635416,55,10,0,7,1,4,4,asynchronous
n010_085.bnet,random_mc,17,10,12.8,10.137060717979349,53,10,0,7,1,4,4,asynchronous
n010_085.bnet,random_mc,18,10,12.8,10.467091286503619,55,10,0,7,1,4,4,asynchronous
n010_085.bnet,random_mc,19,10,12.8,10.505236789335116,54,10,0,7,1,4,4,asynchronous
n010_085.bnet,random_mc,20,10,12.8,10.087616170334792,56,10,0,7,1,4,4,asynchronous
n010_085.bnet,random_mc,21,10,12.8,9.856977224281286,55,10,0,7,1,4,4,asynchronous
n010_085.bnet,random_mc,22,10,12.8,9.754998718605759,54,10,0,7,1,4,4,asynchronous
n010_085.bnet,random_mc,23,10,12.8,9.81631295344642,54,10,0,7,1,4,4,asynchronous
n010_085.bnet,random_mc,24,10,12.8,10.047885349664377,51,10,0,7,1,4,4,asynchronous
n010_085.bnet,random_mc,25,10,12.8,10.409610943738484,55,10,0,7,1,4,4,asynchronous
n010_085.bnet,random_mc,26,10,12.8,10.409610943738484,54,10,0,7,1,4,4,asynchronous
n010_085.bnet,random_mc,27,10,12.8,9.88736567544662,56,10,0,7,1,4,4,asynchronous
n010_085.bnet,random_mc,28,10,12.8,10.88852607105296,54,10,0,7,1,4,4,asynchronous
n010_085.bnet,random_mc,29,10,12.8,9.754998718605759,54,10,0,7,1,4,4,asynchronous
n010_086.bnet,sd_mc,0,3,21.333333333333332,19.70335560817553,6,10,0,6,0,1,1,asynchronous
n010_086.bnet,null_mc,0,2,32.0,31.0,3,10,0,6,0,1,1,asynchronous
n010_086.bnet,random_mc,0,3,21.333333333333332,14.522013940527977,7,10,0,6,0,1,1,asynchronous
n010_086.bnet,random_mc,1,3,21.333333333333332,14.42990721460891,7,10,0,6,0,1,1,asynchronous
n010_086.bnet,random_mc,2,3,21.333333333333332,15.96524001977073,7,10,0,6,0,1,1,asynchronous
n010_086.bnet,random_mc,3,3,21.333333333333332,14.42990721460891,7,10,0,6,0,1,1,asynchronous
n010_086.bnet,random_mc,4,3,21.333333333333332,14.42990721460891,7,10,0,6,0,1,1,asynchronous
n010_086.bnet,random_mc,5,3,21.333333333333332,14.65908895153068,7,10,0,6,0,1,1,asynchronous
n010_086.bnet,random_mc,6,3,21.333333333333332,14.38363267359428,7,10,0,6,0,1,1,asynchronous
n010_086.bnet,random_mc,7,3,21.333333333333332,14.83988619303471,7,10,0,6,0,1,1,asynchronous
n010_086.bnet,random_mc,8,3,21.333333333333332,14.38363267359428,7,10,0,6,0,1,1,asynchronous
n010_086.bnet,random_mc,9,3,21.333333333333332,15.627610892974724,7,10,0,6,0,1,1,asynchronous
n010_086.bnet,random_mc,10,3,21.333333333333332,14.42990721460891,7,10,0,6,0,1,1,asynchronous
n010_086.bnet,random_mc,11,3,21.333333333333332,14.522013940527977,7,10,0,6,0,1,1,asynchronous
n010_086.bnet,random_mc,12,3,21.333333333333332,14.42990721460891,7,10,0,6,0,1,1,asynchronous
n010_086.bnet,random_mc,13,3,21.333333333333332,14.522013940527977,7,10,0,6,0,1,1,asynchronous
n010_086.bnet,random_mc,14,3,21.333333333333332,14.522013940527977,7,10,0,6,0,1,1,asynchronous
n010_086.bnet,random_mc,15,3,21.333333333333332,14.38363267359428,7,10,0,6,0,1,1,asynchronous
n010_086.bnet,random_mc,16,3,21.333333333333332,15.3260852434302,7,10,0,6,0,1,1,asynchronous
n010_086.bnet,random_mc,17,3,21.333333333333332,14.42990721460891,7,10,0,6,0,1,1,asynchronous
n010_086.bnet,random_mc,18,3,21.333333333333332,14.42990721460891,7,10,0,6,0,1,1,asynchronous
n010_086.bnet,random_mc,19,3,21.333333333333332,14.38363267359428,7,10,0,6,0,1,1,asynchronous
n010_086.bnet,random_mc,20,3,21.333333333333332,14.65908895153068,7,10,0,6,0,1,1,asynchronous
n010_086.bnet,random_mc,21,3,21.333333333333332,14.42990721460891,7,10,0,6,0,1,1,asynchronous
n010_086.bnet,random_mc,22,3,21.333333333333332,14.42990721460891,7,10,0,6,0,1,1,asynchronous
n010_086.bnet,random_mc,23,3,21.333333333333332,14.38363267359428,7,10,0,6,0,1,1,asynchronous
n010_086.bnet,random_mc,24,3,21.333333333333332,14.42990721460891,7,10,0,6,0,1,1,asynchronous
n010_086.bnet,random_mc,25,3,21.333333333333332,14.522013940527977,7,10,0,6,0,1,1,asynchronous
n010_086.bnet,random_mc,26,3,21.333333333333332,15.627610892974724,7,10,0,6,0,1,1,asynchronous
n010_086.bnet,random_mc,27,3,21.333333333333332,14.38363267359428,7,10,0,6,0,1,1,asynchronous
n010_086.bnet,random_mc,28,3,21.333333333333332,15.3260852434302,7,10,0,6,0,1,1,asynchronous
n010_086.bnet,random_mc,29,3,21.333333333333332,14.83988619303471,7,10,0,6,0,1,1,asynchronous
n010_088.bnet,sd_mc,0,1,64.0,0.0,1,10,0,6,0,1,1,asynchronous
n010_088.bnet,null_mc,0,1,64.0,0.0,1,10,0,6,0,1,1,asynchronous
n010_088.bnet,random_mc,0,1,64.0,0.0,1,10,0,6,0,1,1,asynchronous
n010_088.bnet,random_mc,1,1,64.0,0.0,1,10,0,6,0,1,1,asynchronous
n010_088.bnet,random_mc,2,1,64.0,0.0,1,10,0,6,0,1,1,asynchronous
n010_088.bnet,random_mc,3,1,64.0,0.0,1,10,0,6,0,1,1,asynchronous
n010_088.bnet,random_mc,4,1,64.0,0.0,1,10,0,6,0,1,1,asynchronous
n010_088.bnet,random_mc,5,1,64.0,0.0,1,10,0,6,0,1,1,asynchronous
n010_088.bnet,random_mc,6,1,64.0,0.0,1,10,0,6,0,1,1,asynchronous
n010_088.bnet,random_mc,7,1,64.0,0.0,1,10,0,6,0,1,1,asynchronous
n010_088.bnet,random_mc,8,1,64.0,0.0,1,10,0,6,0,1,1,asynchronous
n010_088.bnet,random_mc,9,1,64.0,0.0,1,10,0,6,0,1,1,asynchronous
n010_088.bnet,random_mc,10,1,64.0,0.0,1,10,0,6,0,1,1,asynchronous
n010_088.bnet,random_mc,11,1,64.0,0.0,1,10,0,6,0,1,1,asynchronous
n010_088.bnet,random_mc,12,1,64.0,0.0,1,10,0,6,0,1,1,asynchronous
n010_088.bnet,random_mc,13,1,64.0,0.0,1,10,0,6,0,1,1,asynchronous
n010_088.bnet,random_mc,14,1,64.0,0.0,1,10,0,6,0,1,1,asynchronous
n010_088.bnet,random_mc,15,1,64.0,0.0,1,10,0,6,0,1,1,asynchronous
n010_088.bnet,random_mc,16,1,64.0,0.0,1,10,0,6,0,1,1,asynchronous
n010_088.bnet,random_mc,17,1,64.0,0.0,1,10,0,6,0,1,1,asynchronous
n010_088.bnet,random_mc,18,1,64.0,0.0,1,10,0,6,0,1,1,asynchronous
n010_088.bnet,random_mc,19,1,64.0,0.0,1,10,0,6,0,1,1,asynchronous
n010_088.bnet,random_mc,20,1,64.0,0.0,1,10,0,6,0,1,1,asynchronous
n010_088.bnet,random_mc,21,1,64.0,0.0,1,10,0,6,0,1,1,asynchronous
n010_088.bnet,random_mc,22,1,64.0,0.0,1,10,0,6,0,1,1,asynchronous
n010_088.bnet,random_mc,23,1,64.0,0.0,1,10,0,6,0,1,1,asynchronous
n010_088.bnet,random_mc,24,1,64.0,0.0,1,10,0,6,0,1,1,asynchronous
n010_088.bnet,random_mc,25,1,64.0,0.0,1,10,0,6,0,1,1,asynchronous
n010_088.bnet,random_mc,26,1,64.0,0.0,1,10,0,6,0,1,1,asynchronous
n010_088.bnet,random_mc,27,1,64.0,0.0,1,10,0,6,0,1,1,asynchronous
n010_088.bnet,random_mc,28,1,64.0,0.0,1,10,0,6,0,1,1,asynchronous
n010_088.bnet,random_mc,29,1,64.0,0.0,1,10,0,6,0,1,1,asynchronous
n010_089.bnet,sd_mc,0,1,1024.0,0.0,1,10,0,10,0,1,1,asynchronous
n010_089.bnet,null_mc,0,1,1024.0,0.0,1,10,0,10,0,1,1,asynchronous
n010_089.bnet,random_mc,0,1,1024.0,0.0,1,10,0,10,0,1,1,asynchronous
n010_089.bnet,random_mc,1,1,1024.0,0.0,1,10,0,10,0,1,1,asynchronous
n010_089.bnet,random_mc,2,1,1024.0,0.0,1,10,0,10,0,1,1,asynchronous
n010_089.bnet,random_mc,3,1,1024.0,0.0,1,10,0,10,0,1,1,asynchronous
n010_089.bnet,random_mc,4,1,1024.0,0.0,1,10,0,10,0,1,1,asynchronous
n010_089.bnet,random_mc,5,1,1024.0,0.0,1,10,0,10,0,1,1,asynchronous
n010_089.bnet,random_mc,6,1,1024.0,0.0,1,10,0,10,0,1,1,asynchronous
n010_089.bnet,random_mc,7,1,1024.0,0.0,1,10,0,10,0,1,1,asynchronous
n010_089.bnet,random_mc,8,1,1024.0,0.0,1,10,0,10,0,1,1,asynchronous
n010_089.bnet,random_mc,9,1,1024.0,0.0,1,10,0,10,0,1,1,asynchronous
n010_089.bnet,random_mc,10,1,1024.0,0.0,1,10,0,10,0,1,1,asynchronous
n010_089.bnet,random_mc,11,1,1024.0,0.0,1,10,0,10,0,1,1,asynchronous
n010_089.bnet,random_mc,12,1,1024.0,0.0,1,10,0,10,0,1,1,asynchronous
n010_089.bnet,random_mc,13,1,1024.0,0.0,1,10,0,10,0,1,1,asynchronous
n010_089.bnet,random_mc,14,1,1024.0,0.0,1,10,0,10,0,1,1,asynchronous
n010_089.bnet,random_mc,15,1,1024.0,0.0,1,10,0,10,0,1,1,asynchronous
n010_089.bnet,random_mc,16,1,1024.0,0.0,1,10,0,10,0,1,1,asynchronous
n010_089.bnet,random_mc,17,1,1024.0,0.0,1,10,0,10,0,1,1,asynchronous
n010_089.bnet,random_mc,18,1,1024.0,0.0,1,10,0,10,0,1,1,asynchronous
n010_089.bnet,random_mc,19,1,1024.0,0.0,1,10,0,10,0,1,1,asynchronous
n010_089.bnet,random_mc,20,1,1024.0,0.0,1,10,0,10,0,1,1,asynchronous
n010_089.bnet,random_mc,21,1,1024.0,0.0,1,10,0,10,0,1,1,asynchronous
n010_089.bnet,random_mc,22,1,1024.0,0.0,1,10,0,10,0,1,1,asynchronous
n010_089.bnet,random_mc,23,1,1024.0,0.0,1,10,0,10,0,1,1,asynchronous
n010_089.bnet,random_mc,24,1,1024.0,0.0,1,10,0,10,0,1,1,asynchronous
n010_089.bnet,random_mc,25,1,1024.0,0.0,1,10,0,10,0,1,1,asynchronous
n010_089.bnet,random_mc,26,1,1024.0,0.0,1,10,0,10,0,1,1,asynchronous
n010_089.bnet,random_mc,27,1,1024.0,0.0,1,10,0,10,0,1,1,asynchronous
n010_089.bnet,random_mc,28,1,1024.0,0.0,1,10,0,10,0,1,1,asynchronous
n010_089.bnet,random_mc,29,1,1024.0,0.0,1,10,0,10,0,1,1,asynchronous
n010_090.bnet,sd_mc,0,4,32.0,37.90118731649445,10,10,0,7,0,1,1,asynchronous
n010_090.bnet,null_mc,0,2,64.0,63.0,3,10,0,7,0,1,1,asynchronous
n010_090.bnet,random_mc,0,4,32.0,18.069310999592652,13,10,0,7,0,1,1,asynchronous
n010_090.bnet,random_mc,1,4,32.0,18.12456896039186,13,10,0,7,0,1,1,asynchronous
n010_090.bnet,random_mc,2,4,32.0,19.519221295943137,13,10,0,7,0,1,1,asynchronous
n010_090.bnet,random_mc,3,4,32.0,18.371173070873837,13,10,0,7,0,1,1,asynchronous
n010_090.bnet,random_mc,4,4,32.0,18.57417562100671,13,10,0,7,0,1,1,asynchronous
n010_090.bnet,random_mc,5,4,32.0,18.641351882307248,13,10,0,7,0,1,1,asynchronous
n010_090.bnet,random_mc,6,4,32.0,18.411952639521967,13,10,0,7,0,1,1,asynchronous
n010_090.bnet,random_mc,7,4,32.0,18.179658962697843,13,10,0,7,0,1,1,asynchronous
n010_090.bnet,random_mc,8,4,32.0,18.207141456033124,13,10,0,7,0,1,1,asynchronous
n010_090.bnet,random_mc,9,4,32.0,19.313207915827967,12,10,0,7,0,1,1,asynchronous
n010_090.bnet,random_mc,10,4,32.0,19.58315602756614,13,10,0,7,0,1,1,asynchronous
n010_090.bnet,random_mc,11,4,32.0,18.371173070873837,13,10,0,7,0,1,1,asynchronous
n010_090.bnet,random_mc,12,4,32.0,17.95828499606797,13,10,0,7,0,1,1,asynchronous
n010_090.bnet,random_mc,13,4,32.0,18.479718612576328,13,10,0,7,0,1,1,asynchronous
n010_090.bnet,random_mc,14,4,32.0,18.57417562100671,12,10,0,7,0,1,1,asynchronous
n010_090.bnet,random_mc,15,4,32.0,19.403607911932255,13,10,0,7,0,1,1,asynchronous
n010_090.bnet,random_mc,16,4,32.0,18.138357147217054,13,10,0,7,0,1,1,asynchronous
n010_090.bnet,random_mc,17,4,32.0,18.179658962697843,13,10,0,7,0,1,1,asynchronous
n010_090.bnet,random_mc,18,4,32.0,18.207141456033124,13,10,0,7,0,1,1,asynchronous
n010_090.bnet,random_mc,19,4,32.0,18.506755523321747,13,10,0,7,0,1,1,asynchronous
n010_090.bnet,random_mc,20,4,32.0,18.371173070873837,12,10,0,7,0,1,1,asynchronous
n010_090.bnet,random_mc,21,4,32.0,18.138357147217054,13,10,0,7,0,1,1,asynchronous
n010_090.bnet,random_mc,22,4,32.0,17.95828499606797,13,10,0,7,0,1,1,asynchronous
n010_090.bnet,random_mc,23,4,32.0,18.138357147217054,13,10,0,7,0,1,1,asynchronous
n010_090.bnet,random_mc,24,4,32.0,18.041618552668716,13,10,0,7,0,1,1,asynchronous
n010_090.bnet,random_mc,25,4,32.0,17.95828499606797,13,10,0,7,0,1,1,asynchronous
n010_090.bnet,random_mc,26,4,32.0,19.45507645834372,12,10,0,7,0,1,1,asynchronous
n010_090.bnet,random_mc,27,4,32.0,18.041618552668716,13,10,0,7,0,1,1,asynchronous
n010_090.bnet,random_mc,28,4,32.0,18.261982367749674,12,10,0,7,0,1,1,asynchronous
n010_090.bnet,random_mc,29,4,32.0,17.916472867168917,13,10,0,7,0,1,1,asynchronous
n010_091.bnet,sd_mc,0,68,15.058823529411764,26.683263289792492,293,10,0,10,0,2,2,asynchronous
n010_091.bnet,null_mc,0,3,341.3333333333333,481.3040157276434,5,10,0,10,0,2,2,asynchronous
n010_091.bnet,random_mc,0,68,15.058823529411764,4.865491792267544,2726,10,0,10,0,2,2,asynchronous
n010_091.bnet,random_mc,1,68,15.058823529411764,4.48488426285574,2770,10,0,10,0,2,2,asynchronous
n010_091.bnet,random_mc,2,68,15.058823529411764,4.652268115222612,2727,10,0,10,0,2,2,asynchronous
n010_091.bnet,random_mc,3,68,15.058823529411764,4.582198139800105,2759,10,0,10,0,2,2,asynchronous
n010_091.bnet,random_mc,4,68,15.058823529411764,4.761618462311196,2709,10,0,10,0,2,2,asynchronous
n010_091.bnet,random_mc,5,68,15.058823529411764,4.770874728468615,2773,10,0,10,0,2,2,asynchronous
n010_091.bnet,random_mc,6,68,15.058823529411764,4.736846658165723,2728,10,0,10,0,2,2,asynchronous
n010_091.bnet,random_mc,7,68,15.058823529411764,4.822991361669693,2747,10,0,10,0,2,2,asynchronous
n010_091.bnet,random_mc,8,68,15.058823529411764,4.6014139544951655,2755,10,0,10,0,2,2,asynchronous
n010_091.bnet,random_mc,9,68,15.058823529411764,4.8835930388248086,2705,10,0,10,0,2,2,asynchronous
n010_091.bnet,random_mc,10,68,15.058823529411764,5.072655508708886,2737,10,0,10,0,2,2,asynchronous
n010_091.bnet,random_mc,11,68,15.058823529411764,4.6300881485103265,2743,10,0,10,0,2,2,asynchronous
n010_091.bnet,random_mc,12,68,15.058823529411764,5.028981749762705,2727,10,0,10,0,2,2,asynchronous
n010_091.bnet,random_mc,13,68,15.058823529411764,4.6300881485103265,2785,10,0,10,0,2,2,asynchronous
n010_091.bnet,random_mc,14,68,15.058823529411764,4.385411486968424,2780,10,0,10,0,2,2,asynchronous
n010_091.bnet,random_mc,15,68,15.058823529411764,4.533802302901981,2760,10,0,10,0,2,2,asynchronous
n010_091.bnet,random_mc,16,68,15.058823529411764,4.530557532698754,2744,10,0,10,0,2,2,asynchronous
n010_091.bnet,random_mc,17,68,15.058823529411764,4.696313801461664,2735,10,0,10,0,2,2,asynchronous
n010_091.bnet,random_mc,18,68,15.058823529411764,4.559677339400933,2755,10,0,10,0,2,2,asynchronous
n010_091.bnet,random_mc,19,68,15.058823529411764,4.488162053214762,2755,10,0,10,0,2,2,asynchronous
n010_091.bnet,random_mc,20,68,15.058823529411764,4.664895033625139,2741,10,0,10,0,2,2,asynchronous
n010_091.bnet,random_mc,21,68,15.058823529411764,4.2422328781418335,2758,10,0,10,0,2,2,asynchronous
n010_091.bnet,random_mc,22,68,15.058823529411764,4.595017611632307,2737,10,0,10,0,2,2,asynchronous
n010_091.bnet,random_mc,23,68,15.058823529411764,4.398804493138804,2767,10,0,10,0,2,2,asynchronous
n010_091.bnet,random_mc,24,68,15.058823529411764,4.892618548689013,2717,10,0,10,0,2,2,asynchronous
n010_091.bnet,random_mc,25,68,15.058823529411764,4.221382380708036,2755,10,0,10,0,2,2,asynchronous
n010_091.bnet,random_mc,26,68,15.058823529411764,4.1652708157883485,2796,10,0,10,0,2,2,asynchronous
n010_091.bnet,random_mc,27,68,15.058823529411764,4.517555146123829,2759,10,0,10,0,2,2,asynchronous
n010_091.bnet,random_mc,28,68,15.058823529411764,4.645941786818383,2773,10,0,10,0,2,2,asynchronous
n010_091.bnet,random_mc,29,68,15.058823529411764,4.718182454583595,2722,10,0,10,0,2,2,asynchronous
n010_092.bnet,sd_mc,0,3,341.3333333333333,240.65235414505207,6,10,0,10,0,1,1,asynchronous
n010_092.bnet,null_mc,0,2,512.0,511.0,3,10,0,10,0,1,1,asynchronous
n010_092.bnet,random_mc,0,3,341.3333333333333,240.66066474510444,7,10,0,10,0,1,1,asynchronous
n010_092.bnet,random_mc,1,3,341.3333333333333,240.86833655662497,7,10,0,10,0,1,1,asynchronous
n010_092.bnet,random_mc,2,3,341.3333333333333,240.66066474510444,7,10,0,10,0,1,1,asynchronous
n010_092.bnet,random_mc,3,3,341.3333333333333,240.68005502926266,7,10,0,10,0,1,1,asynchronous
n010_092.bnet,random_mc,4,3,341.3333333333333,240.72990858821197,7,10,0,10,0,1,1,asynchronous
n010_092.bnet,random_mc,5,3,341.3333333333333,240.65512437695753,7,10,0,10,0,1,1,asynchronous
n010_092.bnet,random_mc,6,3,341.3333333333333,241.23340472570453,7,10,0,10,0,1,1,asynchronous
n010_092.bnet,random_mc,7,3,341.3333333333333,240.94305459082145,7,10,0,10,0,1,1,asynchronous
n010_092.bnet,random_mc,8,3,341.3333333333333,240.80466957450992,7,10,0,10,0,1,1,asynchronous
n010_092.bnet,random_mc,9,3,341.3333333333333,242.49032053992497,7,10,0,10,0,1,1,asynchronous
n010_092.bnet,random_mc,10,3,341.3333333333333,240.6939042758573,7,10,0,10,0,1,1,asynchronous
n010_092.bnet,random_mc,11,3,341.3333333333333,240.6939042758573,7,10,0,10,0,1,1,asynchronous
n010_092.bnet,random_mc,12,3,341.3333333333333,240.86833655662497,7,10,0,10,0,1,1,asynchronous
n010_092.bnet,random_mc,13,3,341.3333333333333,240.7520624118422,7,10,0,10,0,1,1,asynchronous
n010_092.bnet,random_mc,14,3,341.3333333333333,240.68005502926266,7,10,0,10,0,1,1,asynchronous
n010_092.bnet,random_mc,15,3,341.3333333333333,240.71052231997578,7,10,0,10,0,1,1,asynchronous
n010_092.bnet,random_mc,16,3,341.3333333333333,240.71052231997578,7,10,0,10,0,1,1,asynchronous
n010_092.bnet,random_mc,17,3,341.3333333333333,240.83512110063091,7,10,0,10,0,1,1,asynchronous
n010_092.bnet,random_mc,18,3,341.3333333333333,240.83512110063091,7,10,0,10,0,1,1,asynchronous
n010_092.bnet,random_mc,19,3,341.3333333333333,242.29504511832036,7,10,0,10,0,1,1,asynchronous
n010_092.bnet,random_mc,20,3,341.3333333333333,241.69723944545905,7,10,0,10,0,1,1,asynchronous
n010_092.bnet,random_mc,21,3,341.3333333333333,240.65235414505207,7,10,0,10,0,1,1,asynchronous
n010_092.bnet,random_mc,22,3,341.3333333333333,240.98455459957503,7,10,0,10,0,1,1,asynchronous
n010_092.bnet,random_mc,23,3,341.3333333333333,241.07582947188124,7,10,0,10,0,1,1,asynchronous
n010_092.bnet,random_mc,24,3,341.3333333333333,240.98455459957503,7,10,0,10,0,1,1,asynchronous
n010_092.bnet,random_mc,25,3,341.3333333333333,240.83512110063091,7,10,0,10,0,1,1,asynchronous
n010_092.bnet,random_mc,26,3,341.3333333333333,240.7520624118422,7,10,0,10,0,1,1,asynchronous
n010_092.bnet,random_mc,27,3,341.3333333333333,240.80466957450992,7,10,0,10,0,1,1,asynchronous
n010_092.bnet,random_mc,28,3,341.3333333333333,240.77698302694043,7,10,0,10,0,1,1,asynchronous
n010_092.bnet,random_mc,29,3,341.3333333333333,240.6939042758573,7,10,0,10,0,1,1,asynchronous
n010_094.bnet,sd_mc,0,12,85.33333333333333,224.37406762418476,51,10,0,10,0,2,2,asynchronous
n010_094.bnet,null_mc,0,3,341.3333333333333,480.5970823419089,5,10,0,10,0,2,2,asynchronous
n010_094.bnet,random_mc,0,12,85.33333333333333,38.369548110737796,115,10,0,10,0,2,2,asynchronous
n010_094.bnet,random_mc,1,12,85.33333333333333,38.341303519253955,115,10,0,10,0,2,2,asynchronous
n010_094.bnet,random_mc,2,12,85.33333333333333,37.92609772819883,117,10,0,10,0,2,2,asynchronous
n010_094.bnet,random_mc,3,12,85.33333333333333,38.051135185285716,117,10,0,10,0,2,2,asynchronous
n010_094.bnet,random_mc,4,12,85.33333333333333,38.247730506382844,117,10,0,10,0,2,2,asynchronous
n010_094.bnet,random_mc,5,12,85.33333333333333,38.2760441471628,114,10,0,10,0,2,2,asynchronous
n010_094.bnet,random_mc,6,12,85.33333333333333,38.169213888799035,116,10,0,10,0,2,2,asynchronous
n010_094.bnet,random_mc,7,12,85.33333333333333,39.058360891818744,115,10,0,10,0,2,2,asynchronous
n010_094.bnet,random_mc,8,12,85.33333333333333,38.027037165095514,117,10,0,10,0,2,2,asynchronous
n010_094.bnet,random_mc,9,12,85.33333333333333,38.38040588054738,116,10,0,10,0,2,2,asynchronous
n010_094.bnet,random_mc,10,12,85.33333333333333,39.51230469388266,117,10,0,10,0,2,2,asynchronous
n010_094.bnet,random_mc,11,12,85.33333333333333,38.110220268175944,117,10,0,10,0,2,2,asynchronous
n010_094.bnet,random_mc,12,12,85.33333333333333,38.347823348340846,118,10,0,10,0,2,2,asynchronous
n010_094.bnet,random_mc,13,12,85.33333333333333,38.45199026780741,117,10,0,10,0,2,2,asynchronous
n010_094.bnet,random_mc,14,12,85.33333333333333,38.93013685508382,115,10,0,10,0,2,2,asynchronous
n010_094.bnet,random_mc,15,12,85.33333333333333,38.282575090444944,116,10,0,10,0,2,2,asynchronous
n010_094.bnet,random_mc,16,12,85.33333333333333,38.575323142594094,113,10,0,10,0,2,2,asynchronous
n010_094.bnet,random_mc,17,12,85.33333333333333,38.51478792475545,115,10,0,10,0,2,2,asynchronous
n010_094.bnet,random_mc,18,12,85.33333333333333,38.01169410706249,112,10,0,10,0,2,2,asynchronous
n010_094.bnet,random_mc,19,12,85.33333333333333,39.42996604388878,115,10,0,10,0,2,2,asynchronous
n010_094.bnet,random_mc,20,12,85.33333333333333,39.61972011791883,115,10,0,10,0,2,2,asynchronous
n010_094.bnet,random_mc,21,12,85.33333333333333,38.477987935383986,115,10,0,10,0,2,2,asynchronous
n010_094.bnet,random_mc,22,12,85.33333333333333,38.53209340565631,115,10,0,10,0,2,2,asynchronous
n010_094.bnet,random_mc,23,12,85.33333333333333,38.29780962695155,118,10,0,10,0,2,2,asynchronous
n010_094.bnet,random_mc,24,12,85.33333333333333,39.20317447463775,115,10,0,10,0,2,2,asynchronous
n010_094.bnet,random_mc,25,12,85.33333333333333,38.477987935383986,117,10,0,10,0,2,2,asynchronous
n010_094.bnet,random_mc,26,12,85.33333333333333,38.43681684126417,116,10,0,10,0,2,2,asynchronous
n010_094.bnet,random_mc,27,12,85.33333333333333,38.84441901855257,119,10,0,10,0,2,2,asynchronous
n010_094.bnet,random_mc,28,12,85.33333333333333,38.2106733198403,116,10,0,10,0,2,2,asynchronous
n010_094.bnet,random_mc,29,12,85.33333333333333,39.529173474227306,115,10,0,10,0,2,2,asynchronous
n010_095.bnet,sd_mc,0,3,2.6666666666666665,2.3570226039551585,6,10,0,3,0,1,1,asynchronous
n010_095.bnet,null_mc,0,2,4.0,3.0,3,10,0,3,0,1,1,asynchronous
n010_095.bnet,random_mc,0,3,2.6666666666666665,2.3570226039551585,5,10,0,3,0,1,1,asynchronous
n010_095.bnet,random_mc,1,3,2.6666666666666665,1.247219128924647,7,10,0,3,0,1,1,asynchronous
n010_095.bnet,random_mc,2,3,2.6666666666666665,1.247219128924647,7,10,0,3,0,1,1,asynchronous
n010_095.bnet,random_mc,3,3,2.6666666666666665,1.247219128924647,7,10,0,3,0,1,1,asynchronous
n010_095.bnet,random_mc,4,3,2.6666666666666665,1.247219128924647,6,10,0,3,0,1,1,asynchronous
n010_095.bnet,random_mc,5,3,2.6666666666666665,1.247219128924647,7,10,0,3,0,1,1,asynchronous
n010_095.bnet,random_mc,6,3,2.6666666666666665,1.247219128924647,7,10,0,3,0,1,1,asynchronous
n010_095.bnet,random_mc,7,3,2.6666666666666665,1.247219128924647,7,10,0,3,0,1,1,asynchronous
n010_095.bnet,random_mc,8,3,2.6666666666666665,1.699673171197595,6,10,0,3,0,1,1,asynchronous
n010_095.bnet,random_mc,9,3,2.6666666666666665,1.247219128924647,7,10,0,3,0,1,1,asynchronous
n010_095.bnet,random_mc,10,3,2.6666666666666665,1.247219128924647,7,10,0,3,0,1,1,asynchronous
n010_095.bnet,random_mc,11,3,2.6666666666666665,1.247219128924647,6,10,0,3,0,1,1,asynchronous
n010_095.bnet,random_mc,12,3,2.6666666666666665,1.699673171197595,7,10,0,3,0,1,1,asynchronous
n010_095.bnet,random_mc,13,3,2.6666666666666665,1.699673171197595,7,10,0,3,0,1,1,asynchronous
n010_095.bnet,random_mc,14,3,2.6666666666666665,1.247219128924647,7,10,0,3,0,1,1,asynchronous
n010_095.bnet,random_mc,15,3,2.6666666666666665,1.247219128924647,7,10,0,3,0,1,1,asynchronous
n010_095.bnet,random_mc,16,3,2.6666666666666665,2.3570226039551585,7,10,0,3,0,1,1,asynchronous
n010_095.bnet,random_mc,17,3,2.6666666666666665,1.699673171197595,6,10,0,3,0,1,1,asynchronous
n010_095.bnet,random_mc,18,3,2.6666666666666665,1.247219128924647,7,10,0,3,0,1,1,asynchronous
n010_095.bnet,random_mc,19,3,2.6666666666666665,1.247219128924647,7,10,0,3,0,1,1,asynchronous
n010_095.bnet,random_mc,20,3,2.6666666666666665,1.247219128924647,6,10,0,3,0,1,1,asynchronous
n010_095.bnet,random_mc,21,3,2.6666666666666665,1.699673171197595,7,10,0,3,0,1,1,asynchronous
n010_095.bnet,random_mc,22,3,2.6666666666666665,1.699673171197595,6,10,0,3,0,1,1,asynchronous
n010_095.bnet,random_mc,23,3,2.6666666666666665,1.699673171197595,6,10,0,3,0,1,1,asynchronous
n010_095.bnet,random_mc,24,3,2.6666666666666665,2.3570226039551585,6,10,0,3,0,1,1,asynchronous
n010_095.bnet,random_mc,25,3,2.6666666666666665,1.247219128924647,7,10,0,3,0,1,1,asynchronous
n010_095.bnet,random_mc,26,3,2.6666666666666665,1.699673171197595,7,10,0,3,0,1,1,asynchronous
n010_095.bnet,random_mc,27,3,2.6666666666666665,1.247219128924647,7,10,0,3,0,1,1,asynchronous
n010_095.bnet,random_mc,28,3,2.6666666666666665,1.699673171197595,7,10,0,3,0,1,1,asynchronous
n010_095.bnet,random_mc,29,3,2.6666666666666665,1.699673171197595,7,10,0,3,0,1,1,asynchronous
n010_096.bnet,sd_mc,0,6,10.666666666666666,9.428090415820634,15,10,0,6,0,1,1,asynchronous
n010_096.bnet,null_mc,0,2,32.0,28.0,3,10,0,6,0,1,1,asynchronous
n010_096.bnet,random_mc,0,6,10.666666666666666,3.197221015541813,30,10,0,6,0,1,1,asynchronous
n010_096.bnet,random_mc,1,6,10.666666666666666,3.815174380753199,30,10,0,6,0,1,1,asynchronous
n010_096.bnet,random_mc,2,6,10.666666666666666,3.858612300930075,31,10,0,6,0,1,1,asynchronous
n010_096.bnet,random_mc,3,6,10.666666666666666,4.6067583203617515,31,10,0,6,0,1,1,asynchronous
n010_096.bnet,random_mc,4,6,10.666666666666666,4.268749491621899,31,10,0,6,0,1,1,asynchronous
n010_096.bnet,random_mc,5,6,10.666666666666666,4.818944098266987,30,10,0,6,0,1,1,asynchronous
n010_096.bnet,random_mc,6,6,10.666666666666666,4.068851871911234,31,10,0,6,0,1,1,asynchronous
n010_096.bnet,random_mc,7,6,10.666666666666666,5.497474167490214,29,10,0,6,0,1,1,asynchronous
n010_096.bnet,random_mc,8,6,10.666666666666666,4.853406592853679,30,10,0,6,0,1,1,asynchronous
n010_096.bnet,random_mc,9,6,10.666666666666666,3.8586123009300755,31,10,0,6,0,1,1,asynchronous
n010_096.bnet,random_mc,10,6,10.666666666666666,3.9440531887330774,31,10,0,6,0,1,1,asynchronous
n010_096.bnet,random_mc,11,6,10.666666666666666,4.149966532662911,31,10,0,6,0,1,1,asynchronous
n010_096.bnet,random_mc,12,6,10.666666666666666,3.9440531887330774,31,10,0,6,0,1,1,asynchronous
n010_096.bnet,random_mc,13,6,10.666666666666666,4.921607686744467,31,10,0,6,0,1,1,asynchronous
n010_096.bnet,random_mc,14,6,10.666666666666666,3.72677996249965,31,10,0,6,0,1,1,asynchronous
n010_096.bnet,random_mc,15,6,10.666666666666666,3.5433819375782165,31,10,0,6,0,1,1,asynchronous
n010_096.bnet,random_mc,16,6,10.666666666666666,4.6067583203617515,31,10,0,6,0,1,1,asynchronous
n010_096.bnet,random_mc,17,6,10.666666666666666,3.2489314482696545,31,10,0,6,0,1,1,asynchronous
n010_096.bnet,random_mc,18,6,10.666666666666666,5.120763831912406,30,10,0,6,0,1,1,asynchronous
n010_096.bnet,random_mc,19,6,10.666666666666666,3.5433819375782165,31,10,0,6,0,1,1,asynchronous
n010_096.bnet,random_mc,20,6,10.666666666666666,4.027681991198191,31,10,0,6,0,1,1,asynchronous
n010_096.bnet,random_mc,21,6,10.666666666666666,4.384315479321968,30,10,0,6,0,1,1,asynchronous
n010_096.bnet,random_mc,22,6,10.666666666666666,3.815174380753199,31,10,0,6,0,1,1,asynchronous
n010_096.bnet,random_mc,23,6,10.666666666666666,3.197221015541813,31,10,0,6,0,1,1,asynchronous
n010_096.bnet,random_mc,24,6,10.666666666666666,3.7712361663282534,29,10,0,6,0,1,1,asynchronous
n010_096.bnet,random_mc,25,6,10.666666666666666,4.749268949591669,31,10,0,6,0,1,1,asynchronous
n010_096.bnet,random_mc,26,6,10.666666666666666,4.642796092394707,30,10,0,6,0,1,1,asynchronous
n010_096.bnet,random_mc,27,6,10.666666666666666,3.2489314482696545,31,10,0,6,0,1,1,asynchronous
n010_096.bnet,random_mc,28,6,10.666666666666666,5.527707983925667,31,10,0,6,0,1,1,asynchronous
n010_096.bnet,random_mc,29,6,10.666666666666666,3.9440531887330774,31,10,0,6,0,1,1,asynchronous
n010_097.bnet,sd_mc,0,3,2.6666666666666665,1.247219128924647,4,10,0,3,1,2,2,asynchronous
n010_097.bnet,null_mc,0,3,2.6666666666666665,1.247219128924647,4,10,0,3,1,2,2,asynchronous
n010_097.bnet,random_mc,0,3,2.6666666666666665,1.247219128924647,4,10,0,3,1,2,2,asynchronous
n010_097.bnet,random_mc,1,3,2.6666666666666665,1.247219128924647,4,10,0,3,1,2,2,asynchronous
n010_097.bnet,random_mc,2,3,2.6666666666666665,1.247219128924647,4,10,0,3,1,2,2,asynchronous
n010_097.bnet,random_mc,3,3,2.6666666666666665,1.247219128924647,4,10,0,3,1,2,2,asynchronous
n010_097.bnet,random_mc,4,3,2.6666666666666665,1.247219128924647,4,10,0,3,1,2,2,asynchronous
n010_097.bnet,random_mc,5,3,2.6666666666666665,1.247219128924647,4,10,0,3,1,2,2,asynchronous
n010_097.bnet,random_mc,6,3,2.6666666666666665,1.247219128924647,4,10,0,3,1,2,2,asynchronous
n010_097.bnet,random_mc,7,3,2.6666666666666665,1.247219128924647,4,10,0,3,1,2,2,asynchronous
n010_097.bnet,random_mc,8,3,2.6666666666666665,1.247219128924647,4,10,0,3,1,2,2,asynchronous
n010_097.bnet,random_mc,9,3,2.6666666666666665,1.247219128924647,4,10,0,3,1,2,2,asynchronous
n010_097.bnet,random_mc,10,3,2.6666666666666665,1.247219128924647,4,10,0,3,1,2,2,asynchronous
n010_097.bnet,random_mc,11,3,2.6666666666666665,1.247219128924647,4,10,0,3,1,2,2,asynchronous
n010_097.bnet,random_mc,12,3,2.6666666666666665,1.247219128924647,4,10,0,3,1,2,2,asynchronous
n010_097.bnet,random_mc,13,3,2.6666666666666665,1.247219128924647,4,10,0,3,1,2,2,asynchronous
n010_097.bnet,random_mc,14,3,2.6666666666666665,1.247219128924647,4,10,0,3,1,2,2,asynchronous
n010_097.bnet,random_mc,15,3,2.6666666666666665,1.247219128924647,4,10,0,3,1,2,2,asynchronous
n010_097.bnet,random_mc,16,3,2.6666666666666665,1.247219128924647,4,10,0,3,1,2,2,asynchronous
n010_097.bnet,random_mc,17,3,2.6666666666666665,1.247219128924647,4,10,0,3,1,2,2,asynchronous
n010_097.bnet,random_mc,18,3,2.6666666666666665,1.247219128924647,4,10,0,3,1,2,2,asynchronous
n010_097.bnet,random_mc,19,3,2.6666666666666665,1.247219128924647,4,10,0,3,1,2,2,asynchronous
n010_097.bnet,random_mc,20,3,2.6666666666666665,1.247219128924647,4,10,0,3,1,2,2,asynchronous
n010_097.bnet,random_mc,21,3,2.6666666666666665,1.247219128924647,4,10,0,3,1,2,2,asynchronous
n010_097.bnet,random_mc,22,3,2.6666666666666665,1.247219128924647,4,10,0,3,1,2,2,asynchronous
n010_097.bnet,random_mc,23,3,2.6666666666666665,1.247219128924647,4,10,0,3,1,2,2,asynchronous
n010_097.bnet,random_mc,24,3,2.6666666666666665,1.247219128924647,4,10,0,3,1,2,2,asynchronous
n010_097.bnet,random_mc,25,3,2.6666666666666665,1.247219128924647,4,10,0,3,1,2,2,asynchronous
n010_097.bnet,random_mc,26,3,2.6666666666666665,1.247219128924647,4,10,0,3,1,2,2,asynchronous
n010_097.bnet,random_mc,27,3,2.6666666666666665,1.247219128924647,4,10,0,3,1,2,2,asynchronous
n010_097.bnet,random_mc,28,3,2.6666666666666665,1.247219128924647,4,10,0,3,1,2,2,asynchronous
n010_097.bnet,random_mc,29,3,2.6666666666666665,1.247219128924647,4,10,0,3,1,2,2,asynchronous
n010_098.bnet,sd_mc,0,6,5.333333333333333,6.774133810967192,14,10,0,5,0,2,2,asynchronous
n010_098.bnet,null_mc,0,3,10.666666666666666,12.970050972229147,5,10,0,5,0,2,2,asynchronous
n010_098.bnet,random_mc,0,6,5.333333333333333,3.299831645537222,25,10,0,5,0,2,2,asynchronous
n010_098.bnet,random_mc,1,6,5.333333333333333,3.8586123009300755,24,10,0,5,0,2,2,asynchronous
n010_098.bnet,random_mc,2,6,5.333333333333333,2.8087165910587863,26,10,0,5,0,2,2,asynchronous
n010_098.bnet,random_mc,3,6,5.333333333333333,3.4480268109295333,24,10,0,5,0,2,2,asynchronous
n010_098.bnet,random_mc,4,6,5.333333333333333,3.590109871423003,24,10,0,5,0,2,2,asynchronous
n010_098.bnet,random_mc,5,6,5.333333333333333,3.448026810929534,25,10,0,5,0,2,2,asynchronous
n010_098.bnet,random_mc,6,6,5.333333333333333,3.197221015541813,25,10,0,5,0,2,2,asynchronous
n010_098.bnet,random_mc,7,6,5.333333333333333,4.027681991198191,25,10,0,5,0,2,2,asynchronous
n010_098.bnet,random_mc,8,6,5.333333333333333,3.815174380753199,25,10,0,5,0,2,2,asynchronous
n010_098.bnet,random_mc,9,6,5.333333333333333,2.9814239699997196,26,10,0,5,0,2,2,asynchronous
n010_098.bnet,random_mc,10,6,5.333333333333333,3.1446603773522015,26,10,0,5,0,2,2,asynchronous
n010_098.bnet,random_mc,11,6,5.333333333333333,3.39934634239519,23,10,0,5,0,2,2,asynchronous
n010_098.bnet,random_mc,12,6,5.333333333333333,2.748737083745107,24,10,0,5,0,2,2,asynchronous
n010_098.bnet,random_mc,13,6,5.333333333333333,3.448026810929534,25,10,0,5,0,2,2,asynchronous
n010_098.bnet,random_mc,14,6,5.333333333333333,3.72677996249965,24,10,0,5,0,2,2,asynchronous
n010_098.bnet,random_mc,15,6,5.333333333333333,3.0912061651652345,26,10,0,5,0,2,2,asynchronous
n010_098.bnet,random_mc,16,6,5.333333333333333,3.0912061651652345,25,10,0,5,0,2,2,asynchronous
n010_098.bnet,random_mc,17,6,5.333333333333333,2.8087165910587863,25,10,0,5,0,2,2,asynchronous
n010_098.bnet,random_mc,18,6,5.333333333333333,3.815174380753199,24,10,0,5,0,2,2,asynchronous
n010_098.bnet,random_mc,19,6,5.333333333333333,3.448026810929534,22,10,0,5,0,2,2,asynchronous
n010_098.bnet,random_mc,20,6,5.333333333333333,2.8087165910587863,26,10,0,5,0,2,2,asynchronous
n010_098.bnet,random_mc,21,6,5.333333333333333,3.1446603773522015,25,10,0,5,0,2,2,asynchronous
n010_098.bnet,random_mc,22,6,5.333333333333333,3.1446603773522015,24,10,0,5,0,2,2,asynchronous
n010_098.bnet,random_mc,23,6,5.333333333333333,2.8674417556808756,25,10,0,5,0,2,2,asynchronous
n010_098.bnet,random_mc,24,6,5.333333333333333,2.8674417556808756,26,10,0,5,0,2,2,asynchronous
n010_098.bnet,random_mc,25,6,5.333333333333333,3.0912061651652345,25,10,0,5,0,2,2,asynchronous
n010_098.bnet,random_mc,26,6,5.333333333333333,3.590109871423003,25,10,0,5,0,2,2,asynchronous
n010_098.bnet,random_mc,27,6,5.333333333333333,2.8674417556808756,25,10,0,5,0,2,2,asynchronous
n010_098.bnet,random_mc,28,6,5.333333333333333,5.467073155618909,21,10,0,5,0,2,2,asynchronous
n010_098.bnet,random_mc,29,6,5.333333333333333,3.0368111930481,24,10,0,5,0,2,2,asynchronous
n010_099.bnet,sd_mc,0,6,170.66666666666666,296.88082158034763,17,10,0,10,0,2,2,asynchronous
n010_099.bnet,null_mc,0,3,341.3333333333333,436.78319055975084,5,10,0,10,0,2,2,asynchronous
n010_099.bnet,random_mc,0,6,170.66666666666666,99.39427660696677,26,10,0,10,0,2,2,asynchronous
n010_099.bnet,random_mc,1,6,170.66666666666666,99.23988893361154,25,10,0,10,0,2,2,asynchronous
n010_099.bnet,random_mc,2,6,170.66666666666666,99.46467826430758,26,10,0,10,0,2,2,asynchronous
n010_099.bnet,random_mc,3,6,170.66666666666666,99.5785563707814,26,10,0,10,0,2,2,asynchronous
n010_099.bnet,random_mc,4,6,170.66666666666666,100.06442369238374,26,10,0,10,0,2,2,asynchronous
n010_099.bnet,random_mc,5,6,170.66666666666666,99.0516139304263,26,10,0,10,0,2,2,asynchronous
n010_099.bnet,random_mc,6,6,170.66666666666666,99.52833209136426,26,10,0,10,0,2,2,asynchronous
n010_099.bnet,random_mc,7,6,170.66666666666666,99.11216989967589,26,10,0,10,0,2,2,asynchronous
n010_099.bnet,random_mc,8,6,170.66666666666666,99.15924341964069,26,10,0,10,0,2,2,asynchronous
n010_099.bnet,random_mc,9,6,170.66666666666666,100.98624768859482,26,10,0,10,0,2,2,asynchronous
n010_099.bnet,random_mc,10,6,170.66666666666666,99.71570699855778,26,10,0,10,0,2,2,asynchronous
n010_099.bnet,random_mc,11,6,170.66666666666666,99.33557044460738,26,10,0,10,0,2,2,asynchronous
n010_099.bnet,random_mc,12,6,170.66666666666666,99.10207980775287,26,10,0,10,0,2,2,asynchronous
n010_099.bnet,random_mc,13,6,170.66666666666666,99.71069261730268,26,10,0,10,0,2,2,asynchronous
n010_099.bnet,random_mc,14,6,170.66666666666666,99.1794109457984,26,10,0,10,0,2,2,asynchronous
n010_099.bnet,random_mc,15,6,170.66666666666666,99.37750695649841,26,10,0,10,0,2,2,asynchronous
n010_099.bnet,random_mc,16,6,170.66666666666666,99.14075291669359,26,10,0,10,0,2,2,asynchronous
n010_099.bnet,random_mc,17,6,170.66666666666666,99.50488541886887,26,10,0,10,0,2,2,asynchronous
n010_099.bnet,random_mc,18,6,170.66666666666666,99.42445485001274,26,10,0,10,0,2,2,asynchronous
n010_099.bnet,random_mc,19,6,170.66666666666666,100.00944399849891,26,10,0,10,0,2,2,asynchronous
n010_099.bnet,random_mc,20,6,170.66666666666666,100.39200942084761,26,10,0,10,0,2,2,asynchronous
n010_099.bnet,random_mc,21,6,170.66666666666666,99.99944444290122,26,10,0,10,0,2,2,asynchronous
n010_099.bnet,random_mc,22,6,170.66666666666666,99.46467826430758,26,10,0,10,0,2,2,asynchronous
n010_099.bnet,random_mc,23,6,170.66666666666666,99.3171127695972,26,10,0,10,0,2,2,asynchronous
n010_099.bnet,random_mc,24,6,170.66666666666666,99.76583694943987,26,10,0,10,0,2,2,asynchronous
n010_099.bnet,random_mc,25,6,170.66666666666666,99.42445485001274,26,10,0,10,0,2,2,asynchronous
n010_099.bnet,random_mc,26,6,170.66666666666666,99.32885895963076,26,10,0,10,0,2,2,asynchronous
n010_099.bnet,random_mc,27,6,170.66666666666666,100.53468168857064,26,10,0,10,0,2,2,asynchronous
n010_099.bnet,random_mc,28,6,170.66666666666666,99.43451222901544,26,10,0,10,0,2,2,asynchronous
n010_099.bnet,random_mc,29,6,170.66666666666666,100.03777064466978,26,10,0,10,0,2,2,asynchronous
