model,method,run,rmsd,kld,n_states,n_attractors,update_scheme
n010_000.bnet,sd_mc,,0.01568697158060496,0.0007385943724255231,1024,2,asynchronous
n010_000.bnet,null_mc,,0.2991985580333666,0.19163572775249968,1024,2,asynchronous
n010_000.bnet,ref,,0.2991985580333666,0.19163572775249968,1024,2,asynchronous
n010_000.bnet,random_mc,0,0.29640452886797114,0.1883074283982681,1024,2,asynchronous
n010_000.bnet,random_mc,1,0.30345381634791224,0.1967647350752429,1024,2,asynchronous
n010_000.bnet,random_mc,2,0.2992745568160616,0.1917266942096088,1024,2,asynchronous
n010_000.bnet,random_mc,3,0.298145004470232,0.19037705901396978,1024,2,asynchronous
n010_000.bnet,random_mc,4,0.30095378416847196,0.1937425425716245,1024,2,asynchronous
n010_000.bnet,random_mc,5,0.29637740644626165,0.18827527202109892,1024,2,asynchronous
n010_000.bnet,random_mc,6,0.2995579324690178,0.1920660833783626,1024,2,asynchronous
n010_000.bnet,random_mc,7,0.29930386008971555,0.19176177482507992,1024,2,asynchronous
n010_000.bnet,random_mc,8,0.2998899451229451,0.19246413239398677,1024,2,asynchronous
n010_000.bnet,random_mc,9,0.2947202001937583,0.18631602457804075,1024,2,asynchronous
n010_000.bnet,random_mc,10,0.3006355114154816,0.1933595996938145,1024,2,asynchronous
n010_000.bnet,random_mc,11,0.30483390870936267,0.198443886923824,1024,2,asynchronous
n010_000.bnet,random_mc,12,0.3004787055192077,0.19317108179339704,1024,2,asynchronous
n010_000.bnet,random_mc,13,0.29384646221943644,0.18528741883597516,1024,2,asynchronous
n010_000.bnet,random_mc,14,0.3047014071366747,0.19828233810526208,1024,2,asynchronous
n010_000.bnet,random_mc,15,0.295450081729231,0.1871775918214911,1024,2,asynchronous
n010_000.bnet,random_mc,16,0.2989006775920296,0.19127940358181045,1024,2,asynchronous
n010_000.bnet,random_mc,17,0.2989620168431722,0.19135274850277562,1024,2,asynchronous
n010_000.bnet,random_mc,18,0.2956093109933974,0.18736582986255376,1024,2,asynchronous
n010_000.bnet,random_mc,19,0.30230431036182503,0.19537201379734795,1024,2,asynchronous
n010_000.bnet,random_mc,20,0.2977438466298311,0.18989896501140918,1024,2,asynchronous
n010_000.bnet,random_mc,21,0.29985839533897624,0.19242628846372378,1024,2,asynchronous
n010_000.bnet,random_mc,22,0.2999739182571718,0.19256487750839715,1024,2,asynchronous
n010_000.bnet,random_mc,23,0.3003883888190826,0.19306254446458715,1024,2,asynchronous
n010_000.bnet,random_mc,24,0.29724842377644717,0.18930941259236694,1024,2,asynchronous
n010_000.bnet,random_mc,25,0.3014119550257051,0.19429452415864215,1024,2,asynchronous
n010_000.bnet,random_mc,26,0.300504277810952,0.19320181902330116,1024,2,asynchronous
n010_000.bnet,random_mc,27,0.29831240153698785,0.1905767502075769,1024,2,asynchronous
n010_000.bnet,random_mc,28,0.29627325627555107,0.1881518186086278,1024,2,asynchronous
n010_000.bnet,random_mc,29,0.2970497012233958,0.18907320773930344,1024,2,asynchronous
n010_001.bnet,sd_mc,,0.025674494883054663,0.008841299054521051,64,5,asynchronous
n010_001.bnet,null_mc,,0.07938224485746867,0.06773281688271263,64,5,asynchronous
n010_001.bnet,ref,,0.04544699866327808,0.026206781139997023,64,5,asynchronous
n010_001.bnet,random_mc,0,0.0748528079552742,0.0594250891275441,64,5,asynchronous
n010_001.bnet,random_mc,1,0.06675764903346786,0.04880115196124937,64,5,asynchronous
n010_001.bnet,random_mc,2,0.07157191696289993,0.052746039856152546,64,5,asynchronous
n010_001.bnet,random_mc,3,0.09033887117853406,0.088952976057208,64,5,asynchronous
n010_001.bnet,random_mc,4,0.06862399197562691,0.05007519738229241,64,5,asynchronous
n010_001.bnet,random_mc,5,0.07734782696452347,0.06145912515209401,64,5,asynchronous
n010_001.bnet,random_mc,6,0.08252305453360394,0.07272740268680851,64,5,asynchronous
n010_001.bnet,random_mc,7,0.07390536995547253,0.06265096894130183,64,5,asynchronous
n010_001.bnet,random_mc,8,0.07822008746015158,0.06552351116320015,64,5,asynchronous
n010_001.bnet,random_mc,9,0.08784122172542529,0.0834748275739143,64,5,asynchronous
n010_001.bnet,random_mc,10,0.09204510847673945,0.09075002295243371,64,5,asynchronous
n010_001.bnet,random_mc,11,0.08903484234276043,0.08466238503878262,64,5,asynchronous
n010_001.bnet,random_mc,12,0.08043900037076387,0.06943057591657013,64,5,asynchronous
n010_001.bnet,random_mc,13,0.08075214264914077,0.07524827493723053,64,5,asynchronous
n010_001.bnet,random_mc,14,0.06408197913151156,0.04532212566512006,64,5,asynchronous
n010_001.bnet,random_mc,15,0.0817158058065194,0.07237235181577421,64,5,asynchronous
n010_001.bnet,random_mc,16,0.06629762788080948,0.0467117084500759,64,5,asynchronous
n010_001.bnet,random_mc,17,0.09401653077652174,0.09571040619800848,64,5,asynchronous
n010_001.bnet,random_mc,18,0.07684103420649094,0.06942300069165082,64,5,asynchronous
n010_001.bnet,random_mc,19,0.08236624100716095,0.07614038831427196,64,5,asynchronous
n010_001.bnet,random_mc,20,0.07874848400238253,0.06990312828154337,64,5,asynchronous
n010_001.bnet,random_mc,21,0.0823166110155208,0.07212361408729069,64,5,asynchronous
n010_001.bnet,random_mc,22,0.07257447135026786,0.05360497975004676,64,5,asynchronous
n010_001.bnet,random_mc,23,0.08026863850729789,0.07212313484217717,64,5,asynchronous
n010_001.bnet,random_mc,24,0.07847535986507283,0.06653592469738921,64,5,asynchronous
n010_001.bnet,random_mc,25,0.05771740787437531,0.03766768518225255,64,5,asynchronous
n010_001.bnet,random_mc,26,0.08753947203386825,0.08596276929799168,64,5,asynchronous
n010_001.bnet,random_mc,27,0.08119614635605509,0.07253173448882237,64,5,asynchronous
n010_001.bnet,random_mc,28,0.08389025619438502,0.07541120488967279,64,5,asynchronous
n010_001.bnet,random_mc,29,0.08281709013650551,0.07539840667493386,64,5,asynchronous
n010_004.bnet,sd_mc,,0.030193836663445328,0.007893086480931077,512,4,asynchronous
n010_004.bnet,null_mc,,0.11216193151186163,0.13620435098690525,512,4,asynchronous
n010_004.bnet,ref,,0.12408776605129096,0.15877550770257204,512,4,asynchronous
n010_004.bnet,random_mc,0,0.10921975686846638,0.13103422271179904,512,4,asynchronous
n010_004.bnet,random_mc,1,0.10828750360471437,0.1309717741902867,512,4,asynchronous
n010_004.bnet,random_mc,2,0.10722003071580188,0.1285840447950426,512,4,asynchronous
n010_004.bnet,random_mc,3,0.11101224067261194,0.1345113584570185,512,4,asynchronous
n010_004.bnet,random_mc,4,0.11033389052629092,0.1329395260462096,512,4,asynchronous
n010_004.bnet,random_mc,5,0.11289220475416152,0.13746210305454254,512,4,asynchronous
n010_004.bnet,random_mc,6,0.10923210973996178,0.13078091531952749,512,4,asynchronous
n010_004.bnet,random_mc,7,0.11594221979616157,0.14341724635748354,512,4,asynchronous
n010_004.bnet,random_mc,8,0.10925146834464668,0.13091950654231235,512,4,asynchronous
n010_004.bnet,random_mc,9,0.11344291211875941,0.1387581910753926,512,4,asynchronous
n010_004.bnet,random_mc,10,0.12039550332384212,0.15174820046013723,512,4,asynchronous
n010_004.bnet,random_mc,11,0.11028793240512406,0.13357579877676118,512,4,asynchronous
n010_004.bnet,random_mc,12,0.10732923657432232,0.12767525025434984,512,4,asynchronous
n010_004.bnet,random_mc,13,0.11473173970342425,0.14120989191439381,512,4,asynchronous
n010_004.bnet,random_mc,14,0.10597573613226943,0.12476836936310472,512,4,asynchronous
n010_004.bnet,random_mc,15,0.11086730103405922,0.13381675744329014,512,4,asynchronous
n010_004.bnet,random_mc,16,0.10938636080576415,0.13070652502842744,512,4,asynchronous
n010_004.bnet,random_mc,17,0.11113047895462987,0.13463660992288493,512,4,asynchronous
n010_004.bnet,random_mc,18,0.11077399001766337,0.13480212474163678,512,4,asynchronous
n010_004.bnet,random_mc,19,0.10590344529903127,0.12386200787260705,512,4,asynchronous
n010_004.bnet,random_mc,20,0.11504098636907953,0.14098013147402896,512,4,asynchronous
n010_004.bnet,random_mc,21,0.12271739344321059,0.1561082192667421,512,4,asynchronous
n010_004.bnet,random_mc,22,0.10981984011641567,0.13229021721711437,512,4,asynchronous
n010_004.bnet,random_mc,23,0.1136458205924016,0.13861227258595576,512,4,asynchronous
n010_004.bnet,random_mc,24,0.10987976721034176,0.13281097892214755,512,4,asynchronous
n010_004.bnet,random_mc,25,0.10534562101501538,0.12506236265391119,512,4,asynchronous
n010_004.bnet,random_mc,26,0.1154849329266765,0.14208479602287732,512,4,asynchronous
n010_004.bnet,random_mc,27,0.0970755339678471,0.10952754172670784,512,4,asynchronous
n010_004.bnet,random_mc,28,0.11882584527778804,0.14864286687203165,512,4,asynchronous
n010_004.bnet,random_mc,29,0.12282583851639502,0.15765552817840361,512,4,asynchronous
n010_006.bnet,sd_mc,,0.04945219357429215,0.005036830533287989,1024,2,asynchronous
n010_006.bnet,null_mc,,0.11712926440262209,0.027695163206216705,1024,2,asynchronous
n010_006.bnet,ref,,0.11712926440262209,0.027695163206216705,1024,2,asynchronous
n010_006.bnet,random_mc,0,0.13122579090310055,0.03469895915679776,1024,2,asynchronous
n010_006.bnet,random_mc,1,0.1253653754262865,0.031689956228727126,1024,2,asynchronous
n010_006.bnet,random_mc,2,0.12083983798101908,0.029461199607573124,1024,2,asynchronous
n010_006.bnet,random_mc,3,0.12643985377227435,0.03223124165326101,1024,2,asynchronous
n010_006.bnet,random_mc,4,0.12265745278381548,0.030346444776878076,1024,2,asynchronous
n010_006.bnet,random_mc,5,0.1152066044894427,0.026801753097929495,1024,2,asynchronous
n010_006.bnet,random_mc,6,0.13086882985252052,0.03451169890654422,1024,2,asynchronous
n010_006.bnet,random_mc,7,0.1131219999248671,0.025849768612831003,1024,2,asynchronous
n010_006.bnet,random_mc,8,0.10415457796008815,0.021951734682475493,1024,2,asynchronous
n010_006.bnet,random_mc,9,0.133162704471693,0.03572408668979163,1024,2,asynchronous
n010_006.bnet,random_mc,10,0.12139586786805234,0.02973059736471083,1024,2,asynchronous
n010_006.bnet,random_mc,11,0.11208870348529881,0.025384311520676883,1024,2,asynchronous
n010_006.bnet,random_mc,12,0.07479392327220594,0.01141020240265736,1024,2,asynchronous
n010_006.bnet,random_mc,13,0.11696439218909288,0.027617972124749035,1024,2,asynchronous
n010_006.bnet,random_mc,14,0.11246944451547275,0.025555324621323178,1024,2,asynchronous
n010_006.bnet,random_mc,15,0.12160495654141368,0.029832222573286063,1024,2,asynchronous
n010_006.bnet,random_mc,16,0.1141818634417108,0.02633161423189216,1024,2,asynchronous
n010_006.bnet,random_mc,17,0.12571182490949984,0.03186397659397858,1024,2,asynchronous
n010_006.bnet,random_mc,18,0.10650298533900426,0.022941707070943257,1024,2,asynchronous
n010_006.bnet,random_mc,19,0.12181717758665261,0.029935549850995835,1024,2,asynchronous
n010_006.bnet,random_mc,20,0.12344990376861842,0.030736555670091065,1024,2,asynchronous
n010_006.bnet,random_mc,21,0.1064543854226907,0.022920998253730465,1024,2,asynchronous
n010_006.bnet,random_mc,22,0.12363505436737471,0.030828066582258465,1024,2,asynchronous
n010_006.bnet,random_mc,23,0.11505700958176249,0.026732859469758175,1024,2,asynchronous
n010_006.bnet,random_mc,24,0.09114243629058816,0.016861368262681795,1024,2,asynchronous
n010_006.bnet,random_mc,25,0.12294507751057543,0.030487745685972623,1024,2,asynchronous
n010_006.bnet,random_mc,26,0.1138542424258231,0.026182189600005526,1024,2,asynchronous
n010_006.bnet,random_mc,27,0.12066052933247656,0.029374588855384368,1024,2,asynchronous
n010_006.bnet,random_mc,28,0.12241162328311725,0.030225940273911123,1024,2,asynchronous
n010_006.bnet,random_mc,29,0.11545441589398564,0.026916075442633483,1024,2,asynchronous
n010_007.bnet,sd_mc,,0.017072399360886642,0.000592481932403157,512,2,asynchronous
n010_007.bnet,null_mc,,0.012463314320619895,0.00031625935931493994,512,2,asynchronous
n010_007.bnet,ref,,0.07471917369561998,0.011207844757134502,512,2,asynchronous
n010_007.bnet,random_mc,0,0.007538456545009176,0.00011662485821914426,512,2,asynchronous
n010_007.bnet,random_mc,1,0.003968978396829054,3.2278497765414124e-05,512,2,asynchronous
n010_007.bnet,random_mc,2,0.020179710310261056,0.0008269367471051906,512,2,asynchronous
n010_007.bnet,random_mc,3,0.01205605564601872,0.00029597132764094293,512,2,asynchronous
n010_007.bnet,random_mc,4,0.009193957978033157,0.00017230367504214757,512,2,asynchronous
n010_007.bnet,random_mc,5,0.02396773919179368,0.0011651437700285865,512,2,asynchronous
n010_007.bnet,random_mc,6,0.027863403853615104,0.0015728559903851191,512,2,asynchronous
n010_007.bnet,random_mc,7,0.012957483650555796,0.00034177615598414077,512,2,asynchronous
n010_007.bnet,random_mc,8,0.011306384093175581,0.0002627892346384903,512,2,asynchronous
n010_007.bnet,random_mc,9,0.0012425026560598518,3.1565644298240953e-06,512,2,asynchronous
n010_007.bnet,random_mc,10,0.009901042263706195,0.00019977386842584544,512,2,asynchronous
n010_007.bnet,random_mc,11,0.004411453403819127,3.9884214050049833e-05,512,2,asynchronous
n010_007.bnet,random_mc,12,0.002648107734521926,1.436101514248585e-05,512,2,asynchronous
n010_007.bnet,random_mc,13,0.008575489817504472,0.00014993626175543312,512,2,asynchronous
n010_007.bnet,random_mc,14,0.007913105940957732,0.00012769970547421398,512,2,asynchronous
n010_007.bnet,random_mc,15,0.0025112062428988557,1.2913789712256773e-05,512,2,asynchronous
n010_007.bnet,random_mc,16,0.009551153378543148,0.00018592771107077584,512,2,asynchronous
n010_007.bnet,random_mc,17,0.002528703667133869,1.3094472322089813e-05,512,2,asynchronous
n010_007.bnet,random_mc,18,0.012945060840562768,0.0003411226174945825,512,2,asynchronous
n010_007.bnet,random_mc,19,0.04343670633386432,0.0038070424364210695,512,2,asynchronous
n010_007.bnet,random_mc,20,0.014837957283730968,0.00044788243571762705,512,2,asynchronous
n010_007.bnet,random_mc,21,0.027105899626925334,0.0014888271626356392,512,2,asynchronous
n010_007.bnet,random_mc,22,0.010249379847983603,0.0002140508045901622,512,2,asynchronous
n010_007.bnet,random_mc,23,0.0004918620520797667,4.950082594184189e-07,512,2,asynchronous
n010_007.bnet,random_mc,24,0.009340215654568884,0.00017781972740947213,512,2,asynchronous
n010_007.bnet,random_mc,25,0.04825148939815249,0.004882520975172437,512,2,asynchronous
n010_007.bnet,random_mc,26,0.009665880183856002,0.000191919938712138,512,2,asynchronous
n010_007.bnet,random_mc,27,0.01660965101115139,0.000560885948042409,512,2,asynchronous
n010_007.bnet,random_mc,28,0.008161287251059884,0.00013582290966577572,512,2,asynchronous
n010_007.bnet,random_mc,29,0.013456068565759316,0.0003685197013163499,512,2,asynchronous
n010_008.bnet,sd_mc,,0.031145393829118365,0.0061961857082608145,256,3,asynchronous
n010_008.bnet,null_mc,,0.16013812754762097,0.17335552360283585,256,3,asynchronous
n010_008.bnet,ref,,0.22802811835152131,0.21820924934983396,256,3,asynchronous
n010_008.bnet,random_mc,0,0.1593680914572843,0.17112039090044528,256,3,asynchronous
n010_008.bnet,random_mc,1,0.15995615738500735,0.17299411740599874,256,3,asynchronous
n010_008.bnet,random_mc,2,0.15777512623685952,0.1665695853668081,256,3,asynchronous
n010_008.bnet,random_mc,3,0.16137467059792548,0.17719456158418062,256,3,asynchronous
n010_008.bnet,random_mc,4,0.15815660046617985,0.1672782258396534,256,3,asynchronous
n010_008.bnet,random_mc,5,0.16029519977265452,0.1742413376850834,256,3,asynchronous
n010_008.bnet,random_mc,6,0.16017690393374995,0.1736102734909901,256,3,asynchronous
n010_008.bnet,random_mc,7,0.15983278711088372,0.1726761068524018,256,3,asynchronous
n010_008.bnet,random_mc,8,0.157507339444979,0.1651367091875167,256,3,asynchronous
n010_008.bnet,random_mc,9,0.15918839005510327,0.17102243472349432,256,3,asynchronous
n010_008.bnet,random_mc,10,0.1592915269266336,0.1709199301223624,256,3,asynchronous
n010_008.bnet,random_mc,11,0.16013871208470457,0.17316535285847845,256,3,asynchronous
n010_008.bnet,random_mc,12,0.15968901787231493,0.1718532025491163,256,3,asynchronous
n010_008.bnet,random_mc,13,0.15954949567647794,0.17144942862697118,256,3,asynchronous
n010_008.bnet,random_mc,14,0.1600036483012428,0.17340729042861924,256,3,asynchronous
n010_008.bnet,random_mc,15,0.1581634499223615,0.16831404948314382,256,3,asynchronous
n010_008.bnet,random_mc,16,0.16020338419585206,0.17351241152870117,256,3,asynchronous
n010_008.bnet,random_mc,17,0.16020651085973656,0.1739243858413241,256,3,asynchronous
n010_008.bnet,random_mc,18,0.1598648413081915,0.17247755824968952,256,3,asynchronous
n010_008.bnet,random_mc,19,0.1605076827395775,0.17434286406042018,256,3,asynchronous
n010_008.bnet,random_mc,20,0.1604183220871702,0.17420166997439554,256,3,asynchronous
n010_008.bnet,random_mc,21,0.16019008442027596,0.17354512744465456,256,3,asynchronous
n010_008.bnet,random_mc,22,0.15925890204388754,0.16987686697895296,256,3,asynchronous
n010_008.bnet,random_mc,23,0.16229456395265374,0.18072290198465693,256,3,asynchronous
n010_008.bnet,random_mc,24,0.1603572919303741,0.17398757915796342,256,3,asynchronous
n010_008.bnet,random_mc,25,0.15856573171217994,0.168953412744475,256,3,asynchronous
n010_008.bnet,random_mc,26,0.15773430001597583,0.16669434087680912,256,3,asynchronous
n010_008.bnet,random_mc,27,0.15986202350687337,0.17295467085039637,256,3,asynchronous
n010_008.bnet,random_mc,28,0.16077112113482148,0.17525521946780614,256,3,asynchronous
n010_008.bnet,random_mc,29,0.1591796782538178,0.1707131741088847,256,3,asynchronous
n010_009.bnet,sd_mc,,0.0016743299550659452,8.515520230912774e-06,256,2,asynchronous
n010_009.bnet,null_mc,,0.16903764415496728,0.19880558307345073,256,2,asynchronous
n010_009.bnet,ref,,0.2933409966217318,0.18365085493884084,256,2,asynchronous
n010_009.bnet,random_mc,0,0.1681199612916687,0.19458198799812432,256,2,asynchronous
n010_009.bnet,random_mc,1,0.1693394415455279,0.20022133151652888,256,2,asynchronous
n010_009.bnet,random_mc,2,0.1690348278225318,0.1987924348325354,256,2,asynchronous
n010_009.bnet,random_mc,3,0.16908921059904947,0.1990465306595688,256,2,asynchronous
n010_009.bnet,random_mc,4,0.1689176372673463,0.19824635321677186,256,2,asynchronous
n010_009.bnet,random_mc,5,0.16782814084457529,0.19326387530058495,256,2,asynchronous
n010_009.bnet,random_mc,6,0.17000971883352553,0.20341458258001868,256,2,asynchronous
n010_009.bnet,random_mc,7,0.16921357156167857,0.1996292284817815,256,2,asynchronous
n010_009.bnet,random_mc,8,0.1697373044054385,0.2021085364581489,256,2,asynchronous
n010_009.bnet,random_mc,9,0.16907334153146164,0.1989723397392147,256,2,asynchronous
n010_009.bnet,random_mc,10,0.1681904169908336,0.19490200660245813,256,2,asynchronous
n010_009.bnet,random_mc,11,0.16903241631659954,0.19878117747752957,256,2,asynchronous
n010_009.bnet,random_mc,12,0.16894053833267547,0.1983529090723106,256,2,asynchronous
n010_009.bnet,random_mc,13,0.1687545473233762,0.19748972365635364,256,2,asynchronous
n010_009.bnet,random_mc,14,0.1690611726299301,0.19891547290545328,256,2,asynchronous
n010_009.bnet,random_mc,15,0.16669395130262932,0.18825086233451238,256,2,asynchronous
n010_009.bnet,random_mc,16,0.169043478298146,0.19883282387682485,256,2,asynchronous
n010_009.bnet,random_mc,17,0.16942286859394934,0.2006150813474728,256,2,asynchronous
n010_009.bnet,random_mc,18,0.1690150629204674,0.19870019379319726,256,2,asynchronous
n010_009.bnet,random_mc,19,0.16912696541761435,0.19922319077826992,256,2,asynchronous
n010_009.bnet,random_mc,20,0.16818927058741723,0.19489679391937556,256,2,asynchronous
n010_009.bnet,random_mc,21,0.1690140419146077,0.19869543040680132,256,2,asynchronous
n010_009.bnet,random_mc,22,0.16957019065893728,0.20131294672386948,256,2,asynchronous
n010_009.bnet,random_mc,23,0.16897472051969747,0.1985120971892006,256,2,asynchronous
n010_009.bnet,random_mc,24,0.17017432097242222,0.2042092942861079,256,2,asynchronous
n010_009.bnet,random_mc,25,0.16921087802051207,0.19961658356025228,256,2,asynchronous
n010_009.bnet,random_mc,26,0.17026498391405734,0.2046488258611339,256,2,asynchronous
n010_009.bnet,random_mc,27,0.16859498843542284,0.19675320068628208,256,2,asynchronous
n010_009.bnet,random_mc,28,0.16870125956348425,0.1972433394612241,256,2,asynchronous
n010_009.bnet,random_mc,29,0.16983645093071573,0.20258255987779245,256,2,asynchronous
n010_011.bnet,sd_mc,,0.07018480209524483,0.03866108368039643,512,3,asynchronous
n010_011.bnet,null_mc,,0.3583007374189152,0.7633031039505134,512,3,asynchronous
n010_011.bnet,ref,,0.11334522312651306,0.06323922297037848,512,3,asynchronous
n010_011.bnet,random_mc,0,0.3554299591636031,0.7415985622848251,512,3,asynchronous
n010_011.bnet,random_mc,1,0.35764032716662814,0.7626637275804491,512,3,asynchronous
n010_011.bnet,random_mc,2,0.36112826812309545,0.7854254777426007,512,3,asynchronous
n010_011.bnet,random_mc,3,0.3566656343010932,0.7671141256699117,512,3,asynchronous
n010_011.bnet,random_mc,4,0.3568314132655797,0.7632224413323165,512,3,asynchronous
n010_011.bnet,random_mc,5,0.3592950708217356,0.7709899808500018,512,3,asynchronous
n010_011.bnet,random_mc,6,0.3589265176495547,0.7710765982973212,512,3,asynchronous
n010_011.bnet,random_mc,7,0.35425661596988556,0.7330571687018075,512,3,asynchronous
n010_011.bnet,random_mc,8,0.3537715231982713,0.728378257538542,512,3,asynchronous
n010_011.bnet,random_mc,9,0.35961750255620106,0.7703174512456392,512,3,asynchronous
n010_011.bnet,random_mc,10,0.35968530395344794,0.7650508835545595,512,3,asynchronous
n010_011.bnet,random_mc,11,0.3578701998829246,0.7587264908273128,512,3,asynchronous
n010_011.bnet,random_mc,12,0.35795689750658427,0.7627071059164698,512,3,asynchronous
n010_011.bnet,random_mc,13,0.35817389681418815,0.7763002465627988,512,3,asynchronous
n010_011.bnet,random_mc,14,0.35577160101897143,0.7512021818192566,512,3,asynchronous
n010_011.bnet,random_mc,15,0.3574125707304316,0.7681081687242156,512,3,asynchronous
n010_011.bnet,random_mc,16,0.3552855650292177,0.7466708261243205,512,3,asynchronous
n010_011.bnet,random_mc,17,0.358055551738558,0.7676987348508996,512,3,asynchronous
n010_011.bnet,random_mc,18,0.35006985941976004,0.6987033133243343,512,3,asynchronous
n010_011.bnet,random_mc,19,0.3608356656242302,0.7834627718556278,512,3,asynchronous
n010_011.bnet,random_mc,20,0.35946941969716745,0.7748327281790929,512,3,asynchronous
n010_011.bnet,random_mc,21,0.35886447898429785,0.7653377474134806,512,3,asynchronous
n010_011.bnet,random_mc,22,0.3572172495767814,0.7499489047607005,512,3,asynchronous
n010_011.bnet,random_mc,23,0.35589880152932096,0.7512509051199574,512,3,asynchronous
n010_011.bnet,random_mc,24,0.35434280265050244,0.7254962987199923,512,3,asynchronous
n010_011.bnet,random_mc,25,0.3574503773177631,0.7580836871848826,512,3,asynchronous
n010_011.bnet,random_mc,26,0.354847167815267,0.7473068525022992,512,3,asynchronous
n010_011.bnet,random_mc,27,0.35646155083199665,0.7482866991390127,512,3,asynchronous
n010_011.bnet,random_mc,28,0.359524331440545,0.7758824103887441,512,3,asynchronous
n010_011.bnet,random_mc,29,0.3619994906821953,0.8023457852217384,512,3,asynchronous
n010_013.bnet,sd_mc,,0.0017010345435994007,2.478256103892549e-05,16,3,asynchronous
n010_013.bnet,null_mc,,0.11659766684780555,0.0767023576191183,16,3,asynchronous
n010_013.bnet,ref,,0.16159828164194578,0.1363313814939938,16,3,asynchronous
n010_013.bnet,random_mc,0,0.055830257597771084,0.021149072128286144,16,3,asynchronous
n010_013.bnet,random_mc,1,0.14245059706649246,0.11160385004307324,16,3,asynchronous
n010_013.bnet,random_mc,2,0.11362746644930195,0.06344965488361783,16,3,asynchronous
n010_013.bnet,random_mc,3,0.1343334725022716,0.09769584270266736,16,3,asynchronous
n010_013.bnet,random_mc,4,0.09474500621363251,0.05529936964353334,16,3,asynchronous
n010_013.bnet,random_mc,5,0.1114841205163359,0.07408571101832093,16,3,asynchronous
n010_013.bnet,random_mc,6,0.10287293830344882,0.06349851245077452,16,3,asynchronous
n010_013.bnet,random_mc,7,0.06177238498144859,0.023346465393897363,16,3,asynchronous
n010_013.bnet,random_mc,8,0.13416833813168313,0.0962626561504072,16,3,asynchronous
n010_013.bnet,random_mc,9,0.0798399730479432,0.0277037538514325,16,3,asynchronous
n010_013.bnet,random_mc,10,0.08227562800660491,0.03712693987017905,16,3,asynchronous
n010_013.bnet,random_mc,11,0.1176129420867025,0.07826217296627057,16,3,asynchronous
n010_013.bnet,random_mc,12,0.1903552428736264,0.19087706489357628,16,3,asynchronous
n010_013.bnet,random_mc,13,0.11242281302693367,0.06154572831074752,16,3,asynchronous
n010_013.bnet,random_mc,14,0.08177775363717478,0.024197609592701834,16,3,asynchronous
n010_013.bnet,random_mc,15,0.11602081275812348,0.06761151603912251,16,3,asynchronous
n010_013.bnet,random_mc,16,0.12665685229369142,0.08194624576471754,16,3,asynchronous
n010_013.bnet,random_mc,17,0.10700498183526844,0.04724523957960381,16,3,asynchronous
n010_013.bnet,random_mc,18,0.13403324833453859,0.09471145954788834,16,3,asynchronous
n010_013.bnet,random_mc,19,0.1468118873415285,0.10921745585990791,16,3,asynchronous
n010_013.bnet,random_mc,20,0.13390800544095338,0.0880349681433409,16,3,asynchronous
n010_013.bnet,random_mc,21,0.08812631354030022,0.04234228828428492,16,3,asynchronous
n010_013.bnet,random_mc,22,0.14511432374517177,0.10632132099310221,16,3,asynchronous
n010_013.bnet,random_mc,23,0.13366747664279202,0.0951776933185354,16,3,asynchronous
n010_013.bnet,random_mc,24,0.0966329905747248,0.03937566950391799,16,3,asynchronous
n010_013.bnet,random_mc,25,0.1524992764955537,0.12190810776646296,16,3,asynchronous
n010_013.bnet,random_mc,26,0.12135049427306616,0.056684493411403844,16,3,asynchronous
n010_013.bnet,random_mc,27,0.13518480499071606,0.0973104717862503,16,3,asynchronous
n010_013.bnet,random_mc,28,0.125250474996945,0.06518780441762759,16,3,asynchronous
n010_013.bnet,random_mc,29,0.15176191789864604,0.12037228275944963,16,3,asynchronous
n010_015.bnet,sd_mc,,0.11167313613708711,0.15194449380280795,1024,6,asynchronous
n010_015.bnet,null_mc,,0.1615086228313392,0.33848767477056835,1024,6,asynchronous
n010_015.bnet,ref,,0.18325988075160685,0.4759868121310136,1024,6,asynchronous
n010_015.bnet,random_mc,0,0.1622943031939507,0.3413212064881412,1024,6,asynchronous
n010_015.bnet,random_mc,1,0.15994106911658137,0.3298394028528222,1024,6,asynchronous
n010_015.bnet,random_mc,2,0.1610638434896889,0.3367111249266139,1024,6,asynchronous
n010_015.bnet,random_mc,3,0.16126046360635882,0.337159991134257,1024,6,asynchronous
n010_015.bnet,random_mc,4,0.16112413204220996,0.33671844206578205,1024,6,asynchronous
n010_015.bnet,random_mc,5,0.16178551052328793,0.338807594160498,1024,6,asynchronous
n010_015.bnet,random_mc,6,0.16382197029284795,0.3489905542149036,1024,6,asynchronous
n010_015.bnet,random_mc,7,0.16074273958236865,0.33384907247808066,1024,6,asynchronous
n010_015.bnet,random_mc,8,0.15916514639304555,0.32733389103013755,1024,6,asynchronous
n010_015.bnet,random_mc,9,0.16233998421046633,0.34302660143935365,1024,6,asynchronous
n010_015.bnet,random_mc,10,0.16122404234705,0.3388223629277097,1024,6,asynchronous
n010_015.bnet,random_mc,11,0.16131229625987828,0.33537343319029655,1024,6,asynchronous
n010_015.bnet,random_mc,12,0.16079853793985158,0.3367663177021099,1024,6,asynchronous
n010_015.bnet,random_mc,13,0.16045145959405957,0.33329994564230875,1024,6,asynchronous
n010_015.bnet,random_mc,14,0.15742149971687602,0.31922312061662894,1024,6,asynchronous
n010_015.bnet,random_mc,15,0.15812928954781652,0.32245220917327444,1024,6,asynchronous
n010_015.bnet,random_mc,16,0.15876574721511658,0.3273511420476304,1024,6,asynchronous
n010_015.bnet,random_mc,17,0.15921526315382925,0.3288265701807617,1024,6,asynchronous
n010_015.bnet,random_mc,18,0.15951733473723728,0.32946605981838545,1024,6,asynchronous
n010_015.bnet,random_mc,19,0.1597980348930839,0.33222533520068576,1024,6,asynchronous
n010_015.bnet,random_mc,20,0.16354320280191856,0.3487952046214309,1024,6,asynchronous
n010_015.bnet,random_mc,21,0.16078779745478955,0.33530316655437664,1024,6,asynchronous
n010_015.bnet,random_mc,22,0.15770879265596183,0.31923965118527287,1024,6,asynchronous
n010_015.bnet,random_mc,23,0.16086207218909251,0.33417382337463303,1024,6,asynchronous
n010_015.bnet,random_mc,24,0.16056958268568086,0.33221610893440795,1024,6,asynchronous
n010_015.bnet,random_mc,25,0.16060326252585055,0.332465040783716,1024,6,asynchronous
n010_015.bnet,random_mc,26,0.1589079677732072,0.32866353443962415,1024,6,asynchronous
n010_015.bnet,random_mc,27,0.16027633177174458,0.332530524677463,1024,6,asynchronous
n010_015.bnet,random_mc,28,0.16195743368012258,0.3416554516686132,1024,6,asynchronous
n010_015.bnet,random_mc,29,0.16051523557334385,0.33337316630926117,1024,6,asynchronous
n010_016.bnet,sd_mc,,0.04712986836832275,0.01275372345731364,512,3,asynchronous
n010_016.bnet,null_mc,,0.25885260628190343,0.27742525935838636,512,3,asynchronous
n010_016.bnet,ref,,0.2775885536143298,0.32183179142469026,512,3,asynchronous
n010_016.bnet,random_mc,0,0.2680338086436227,0.2985867997489173,512,3,asynchronous
n010_016.bnet,random_mc,1,0.27293581560437596,0.3103335172957026,512,3,asynchronous
n010_016.bnet,random_mc,2,0.26397365522787186,0.28907849178390427,512,3,asynchronous
n010_016.bnet,random_mc,3,0.2550979435639447,0.2689241386737432,512,3,asynchronous
n010_016.bnet,random_mc,4,0.2500309266513437,0.2580865650184191,512,3,asynchronous
n010_016.bnet,random_mc,5,0.24651053471885154,0.2505522086233698,512,3,asynchronous
n010_016.bnet,random_mc,6,0.25415256920961843,0.2669895876615759,512,3,asynchronous
n010_016.bnet,random_mc,7,0.24855045835589745,0.2548143084719491,512,3,asynchronous
n010_016.bnet,random_mc,8,0.2492203183351168,0.2563086976342528,512,3,asynchronous
n010_016.bnet,random_mc,9,0.26160362178020774,0.28362587008740403,512,3,asynchronous
n010_016.bnet,random_mc,10,0.24903674653344185,0.2559261677354837,512,3,asynchronous
n010_016.bnet,random_mc,11,0.2648111687003174,0.2910287881725796,512,3,asynchronous
n010_016.bnet,random_mc,12,0.2570144530858841,0.27331986741421405,512,3,asynchronous
n010_016.bnet,random_mc,13,0.2711937292813375,0.306140527966497,512,3,asynchronous
n010_016.bnet,random_mc,14,0.24105797136375376,0.23933963343505235,512,3,asynchronous
n010_016.bnet,random_mc,15,0.25046744100698465,0.25887303301812803,512,3,asynchronous
n010_016.bnet,random_mc,16,0.2469464612018875,0.25111472746329305,512,3,asynchronous
n010_016.bnet,random_mc,17,0.2619047004678876,0.28427398619461164,512,3,asynchronous
n010_016.bnet,random_mc,18,0.2639913632726777,0.2891421090693496,512,3,asynchronous
n010_016.bnet,random_mc,19,0.26248194871617053,0.2855576044276046,512,3,asynchronous
n010_016.bnet,random_mc,20,0.26084540106507453,0.2818531170842937,512,3,asynchronous
n010_016.bnet,random_mc,21,0.25657343935428273,0.2720846324750654,512,3,asynchronous
n010_016.bnet,random_mc,22,0.2588060413731201,0.27732440338955705,512,3,asynchronous
n010_016.bnet,random_mc,23,0.2557840678767586,0.2705387698824213,512,3,asynchronous
n010_016.bnet,random_mc,24,0.259375411636908,0.27859889536403326,512,3,asynchronous
n010_016.bnet,random_mc,25,0.25482733156227017,0.2684224367251057,512,3,asynchronous
n010_016.bnet,random_mc,26,0.25085317424472947,0.2598365865316426,512,3,asynchronous
n010_016.bnet,random_mc,27,0.2564118144784962,0.27191332958049047,512,3,asynchronous
n010_016.bnet,random_mc,28,0.2557338875168734,0.27047013450861496,512,3,asynchronous
n010_016.bnet,random_mc,29,0.2571054240235882,0.27352021808141624,512,3,asynchronous
n010_018.bnet,sd_mc,,0.03235423384115646,0.0020950563912011597,128,2,asynchronous
n010_018.bnet,null_mc,,0.03235423384115646,0.0020950563912011597,128,2,asynchronous
n010_018.bnet,ref,,0.03235423384115638,0.0020950563912011527,128,2,asynchronous
n010_018.bnet,random_mc,0,0.03235423384115646,0.0020950563912011597,128,2,asynchronous
n010_018.bnet,random_mc,1,0.03235423384115646,0.0020950563912011597,128,2,asynchronous
n010_018.bnet,random_mc,2,0.03235423384115646,0.0020950563912011597,128,2,asynchronous
n010_018.bnet,random_mc,3,0.03235423384115646,0.0020950563912011597,128,2,asynchronous
n010_018.bnet,random_mc,4,0.03235423384115646,0.0020950563912011597,128,2,asynchronous
n010_018.bnet,random_mc,5,0.03235423384115646,0.0020950563912011597,128,2,asynchronous
n010_018.bnet,random_mc,6,0.03235423384115646,0.0020950563912011597,128,2,asynchronous
n010_018.bnet,random_mc,7,0.03235423384115646,0.0020950563912011597,128,2,asynchronous
n010_018.bnet,random_mc,8,0.03235423384115646,0.0020950563912011597,128,2,asynchronous
n010_018.bnet,random_mc,9,0.03235423384115646,0.0020950563912011597,128,2,asynchronous
n010_018.bnet,random_mc,10,0.03235423384115646,0.0020950563912011597,128,2,asynchronous
n010_018.bnet,random_mc,11,0.03235423384115646,0.0020950563912011597,128,2,asynchronous
n010_018.bnet,random_mc,12,0.03235423384115646,0.0020950563912011597,128,2,asynchronous
n010_018.bnet,random_mc,13,0.03235423384115646,0.0020950563912011597,128,2,asynchronous
n010_018.bnet,random_mc,14,0.03235423384115646,0.0020950563912011597,128,2,asynchronous
n010_018.bnet,random_mc,15,0.03235423384115646,0.0020950563912011597,128,2,asynchronous
n010_018.bnet,random_mc,16,0.03235423384115646,0.0020950563912011597,128,2,asynchronous
n010_018.bnet,random_mc,17,0.03235423384115646,0.0020950563912011597,128,2,asynchronous
n010_018.bnet,random_mc,18,0.03235423384115646,0.0020950563912011597,128,2,asynchronous
n010_018.bnet,random_mc,19,0.03235423384115646,0.0020950563912011597,128,2,asynchronous
n010_018.bnet,random_mc,20,0.03235423384115646,0.0020950563912011597,128,2,asynchronous
n010_018.bnet,random_mc,21,0.03235423384115646,0.0020950563912011597,128,2,asynchronous
n010_018.bnet,random_mc,22,0.03235423384115646,0.0020950563912011597,128,2,asynchronous
n010_018.bnet,random_mc,23,0.03235423384115646,0.0020950563912011597,128,2,asynchronous
n010_018.bnet,random_mc,24,0.03235423384115646,0.0020950563912011597,128,2,asynchronous
n010_018.bnet,random_mc,25,0.03235423384115646,0.0020950563912011597,128,2,asynchronous
n010_018.bnet,random_mc,26,0.03235423384115646,0.0020950563912011597,128,2,asynchronous
n010_018.bnet,random_mc,27,0.03235423384115646,0.0020950563912011597,128,2,asynchronous
n010_018.bnet,random_mc,28,0.03235423384115646,0.0020950563912011597,128,2,asynchronous
n010_018.bnet,random_mc,29,0.03235423384115646,0.0020950563912011597,128,2,asynchronous
n010_023.bnet,sd_mc,,0.002290056285823336,3.3507195846787467e-05,512,2,asynchronous
n010_023.bnet,null_mc,,0.350632655767747,0.3018008079726214,512,2,asynchronous
n010_023.bnet,ref,,0.41288851514274694,0.3973437633932011,512,2,asynchronous
n010_023.bnet,random_mc,0,0.3492161025876945,0.29978611215007145,512,2,asynchronous
n010_023.bnet,random_mc,1,0.34608363144377513,0.29535464667728717,512,2,asynchronous
n010_023.bnet,random_mc,2,0.3484461112968522,0.2986937957083542,512,2,asynchronous
n010_023.bnet,random_mc,3,0.3497743472075889,0.3005792775280295,512,2,asynchronous
n010_023.bnet,random_mc,4,0.34948245563844005,0.30016442245103925,512,2,asynchronous
n010_023.bnet,random_mc,5,0.35483564722019856,0.3078180830784696,512,2,asynchronous
n010_023.bnet,random_mc,6,0.3543402349565616,0.30710572913644446,512,2,asynchronous
n010_023.bnet,random_mc,7,0.35195813656038955,0.3036920492621229,512,2,asynchronous
n010_023.bnet,random_mc,8,0.35215437366262464,0.3039725472650936,512,2,asynchronous
n010_023.bnet,random_mc,9,0.3616744003070258,0.3177366895731721,512,2,asynchronous
n010_023.bnet,random_mc,10,0.3531731141517732,0.30543079536486706,512,2,asynchronous
n010_023.bnet,random_mc,11,0.3568434158957985,0.3107135540299115,512,2,asynchronous
n010_023.bnet,random_mc,12,0.3527369933520916,0.3048060954372034,512,2,asynchronous
n010_023.bnet,random_mc,13,0.3492739981594451,0.2998683230962877,512,2,asynchronous
n010_023.bnet,random_mc,14,0.3558037630352896,0.30921253164681106,512,2,asynchronous
n010_023.bnet,random_mc,15,0.3399068482132153,0.2867112494071587,512,2,asynchronous
n010_023.bnet,random_mc,16,0.3508444250015526,0.302102572916125,512,2,asynchronous
n010_023.bnet,random_mc,17,0.35894197349647655,0.31375458192479144,512,2,asynchronous
n010_023.bnet,random_mc,18,0.3699821756374765,0.33000244430716275,512,2,asynchronous
n010_023.bnet,random_mc,19,0.34997227796304203,0.30086075111856936,512,2,asynchronous
n010_023.bnet,random_mc,20,0.35713556961570725,0.31113601756024545,512,2,asynchronous
n010_023.bnet,random_mc,21,0.34314378378391536,0.29122519445351447,512,2,asynchronous
n010_023.bnet,random_mc,22,0.353727683501903,0.30622608513969696,512,2,asynchronous
n010_023.bnet,random_mc,23,0.35146712851718503,0.30299077627132376,512,2,asynchronous
n010_023.bnet,random_mc,24,0.35423422062806253,0.30695339856554715,512,2,asynchronous
n010_023.bnet,random_mc,25,0.35502103915517097,0.3080848714659027,512,2,asynchronous
n010_023.bnet,random_mc,26,0.3427653592986639,0.2906957064196243,512,2,asynchronous
n010_023.bnet,random_mc,27,0.34321349525453226,0.29132278536333056,512,2,asynchronous
n010_023.bnet,random_mc,28,0.3486397795144343,0.2989683494719765,512,2,asynchronous
n010_023.bnet,random_mc,29,0.35079282524892375,0.3020290309671738,512,2,asynchronous
n010_024.bnet,sd_mc,,0.059459062966360915,0.030756528780213285,512,4,asynchronous
n010_024.bnet,null_mc,,0.042259222435954494,0.02368839418592295,512,4,asynchronous
n010_024.bnet,ref,,0.19122200445549295,0.2695207397599852,512,4,asynchronous
n010_024.bnet,random_mc,0,0.04460405579530926,0.02648762951838958,512,4,asynchronous
n010_024.bnet,random_mc,1,0.034356047176375,0.015500870402894846,512,4,asynchronous
n010_024.bnet,random_mc,2,0.04146048636718504,0.022093388982354398,512,4,asynchronous
n010_024.bnet,random_mc,3,0.045217169769552056,0.026886823448742533,512,4,asynchronous
n010_024.bnet,random_mc,4,0.04088657192181133,0.022291413740726754,512,4,asynchronous
n010_024.bnet,random_mc,5,0.04092637416796996,0.02242758018942217,512,4,asynchronous
n010_024.bnet,random_mc,6,0.044028346923965754,0.02537699927381429,512,4,asynchronous
n010_024.bnet,random_mc,7,0.049618316529473426,0.03238732671632395,512,4,asynchronous
n010_024.bnet,random_mc,8,0.045531622327059824,0.027134559497101647,512,4,asynchronous
n010_024.bnet,random_mc,9,0.04543300422742995,0.026240281246240473,512,4,asynchronous
n010_024.bnet,random_mc,10,0.040620205133789895,0.02184781947135889,512,4,asynchronous
n010_024.bnet,random_mc,11,0.04044408403342406,0.022003833523380145,512,4,asynchronous
n010_024.bnet,random_mc,12,0.044734007727195456,0.026503525566773378,512,4,asynchronous
n010_024.bnet,random_mc,13,0.03861197695441398,0.01984361937672561,512,4,asynchronous
n010_024.bnet,random_mc,14,0.03555190578412135,0.017061986366086926,512,4,asynchronous
n010_024.bnet,random_mc,15,0.04930960889576639,0.029256752506561207,512,4,asynchronous
n010_024.bnet,random_mc,16,0.038516398384741246,0.019746940788529736,512,4,asynchronous
n010_024.bnet,random_mc,17,0.04273291869940925,0.024316411849420565,512,4,asynchronous
n010_024.bnet,random_mc,18,0.03722489664612091,0.019068572898557387,512,4,asynchronous
n010_024.bnet,random_mc,19,0.043165574362709395,0.02506131779605699,512,4,asynchronous
n010_024.bnet,random_mc,20,0.0375849782987939,0.018699259098329046,512,4,asynchronous
n010_024.bnet,random_mc,21,0.04520670850167319,0.026870367514620006,512,4,asynchronous
n010_024.bnet,random_mc,22,0.04330249915462638,0.024290028923423683,512,4,asynchronous
n010_024.bnet,random_mc,23,0.03913829592084195,0.02075452945886465,512,4,asynchronous
n010_024.bnet,random_mc,24,0.04635233588874778,0.027564743709921825,512,4,asynchronous
n010_024.bnet,random_mc,25,0.03728973526222637,0.018688564005027258,512,4,asynchronous
n010_024.bnet,random_mc,26,0.03725788586301764,0.018247682516428484,512,4,asynchronous
n010_024.bnet,random_mc,27,0.05174997147235523,0.033916667137797646,512,4,asynchronous
n010_024.bnet,random_mc,28,0.035369978208107465,0.01668511691840065,512,4,asynchronous
n010_024.bnet,random_mc,29,0.03783159372609468,0.01952257230441654,512,4,asynchronous
n010_026.bnet,sd_mc,,0.0,0.0,2,2,asynchronous
n010_026.bnet,null_mc,,0.0,0.0,2,2,asynchronous
n010_026.bnet,ref,,0.0,0.0,2,2,asynchronous
n010_026.bnet,random_mc,0,0.0,0.0,2,2,asynchronous
n010_026.bnet,random_mc,1,0.0,0.0,2,2,asynchronous
n010_026.bnet,random_mc,2,0.0,0.0,2,2,asynchronous
n010_026.bnet,random_mc,3,0.0,0.0,2,2,asynchronous
n010_026.bnet,random_mc,4,0.0,0.0,2,2,asynchronous
n010_026.bnet,random_mc,5,0.0,0.0,2,2,asynchronous
n010_026.bnet,random_mc,6,0.0,0.0,2,2,asynchronous
n010_026.bnet,random_mc,7,0.0,0.0,2,2,asynchronous
n010_026.bnet,random_mc,8,0.0,0.0,2,2,asynchronous
n010_026.bnet,random_mc,9,0.0,0.0,2,2,asynchronous
n010_026.bnet,random_mc,10,0.0,0.0,2,2,asynchronous
n010_026.bnet,random_mc,11,0.0,0.0,2,2,asynchronous
n010_026.bnet,random_mc,12,0.0,0.0,2,2,asynchronous
n010_026.bnet,random_mc,13,0.0,0.0,2,2,asynchronous
n010_026.bnet,random_mc,14,0.0,0.0,2,2,asynchronous
n010_026.bnet,random_mc,15,0.0,0.0,2,2,asynchronous
n010_026.bnet,random_mc,16,0.0,0.0,2,2,asynchronous
n010_026.bnet,random_mc,17,0.0,0.0,2,2,asynchronous
n010_026.bnet,random_mc,18,0.0,0.0,2,2,asynchronous
n010_026.bnet,random_mc,19,0.0,0.0,2,2,asynchronous
n010_026.bnet,random_mc,20,0.0,0.0,2,2,asynchronous
n010_026.bnet,random_mc,21,0.0,0.0,2,2,asynchronous
n010_026.bnet,random_mc,22,0.0,0.0,2,2,asynchronous
n010_026.bnet,random_mc,23,0.0,0.0,2,2,asynchronous
n010_026.bnet,random_mc,24,0.0,0.0,2,2,asynchronous
n010_026.bnet,random_mc,25,0.0,0.0,2,2,asynchronous
n010_026.bnet,random_mc,26,0.0,0.0,2,2,asynchronous
n010_026.bnet,random_mc,27,0.0,0.0,2,2,asynchronous
n010_026.bnet,random_mc,28,0.0,0.0,2,2,asynchronous
n010_026.bnet,random_mc,29,0.0,0.0,2,2,asynchronous
n010_029.bnet,sd_mc,,0.13855526573312352,0.04278046144733244,128,2,asynchronous
n010_029.bnet,null_mc,,0.0630412016581815,0.007969580220311155,128,2,asynchronous
n010_029.bnet,ref,,0.0630412016581815,0.007969580220311155,128,2,asynchronous
n010_029.bnet,random_mc,0,0.0630412016581815,0.007969580220311155,128,2,asynchronous
n010_029.bnet,random_mc,1,0.05422531734239899,0.005901757845258558,128,2,asynchronous
n010_029.bnet,random_mc,2,0.065592590131306,0.008625975521249322,128,2,asynchronous
n010_029.bnet,random_mc,3,0.06648865920365854,0.008862691954017274,128,2,asynchronous
n010_029.bnet,random_mc,4,0.058012098985992716,0.006751961055494866,128,2,asynchronous
n010_029.bnet,random_mc,5,0.05713419903248598,0.006549762971470821,128,2,asynchronous
n010_029.bnet,random_mc,6,0.0950217476762501,0.018094678870930206,128,2,asynchronous
n010_029.bnet,random_mc,7,0.06027301276808353,0.0072868592463469495,128,2,asynchronous
n010_029.bnet,random_mc,8,0.0726628443734327,0.010581305750576711,128,2,asynchronous
n010_029.bnet,random_mc,9,0.04386478794608867,0.0038676016360495655,128,2,asynchronous
n010_029.bnet,random_mc,10,0.0737685578842874,0.010905262423840809,128,2,asynchronous
n010_029.bnet,random_mc,11,0.0630412016581815,0.007969580220311155,128,2,asynchronous
n010_029.bnet,random_mc,12,0.062115121217231756,0.007737770310864735,128,2,asynchronous
n010_029.bnet,random_mc,13,0.052255639269980975,0.005482129862726594,128,2,asynchronous
n010_029.bnet,random_mc,14,0.05031855256027103,0.005084519651034736,128,2,asynchronous
n010_029.bnet,random_mc,15,0.06509139006014741,0.008494975095294566,128,2,asynchronous
n010_029.bnet,random_mc,16,0.05604504034259203,0.006303181538225247,128,2,asynchronous
n010_029.bnet,random_mc,17,0.055751472598348256,0.006237528437660567,128,2,asynchronous
n010_029.bnet,random_mc,18,0.06249176205337925,0.007831634600965198,128,2,asynchronous
n010_029.bnet,random_mc,19,0.06466868408020257,0.008385272886044265,128,2,asynchronous
n010_029.bnet,random_mc,20,0.05002829359620589,0.005026227899278708,128,2,asynchronous
n010_029.bnet,random_mc,21,0.06800029948614403,0.009269318893953007,128,2,asynchronous
n010_029.bnet,random_mc,22,0.05828577670287269,0.006815623425853734,128,2,asynchronous
n010_029.bnet,random_mc,23,0.08070429036327392,0.013049802800982224,128,2,asynchronous
n010_029.bnet,random_mc,24,0.06241085482691619,0.007811423524170802,128,2,asynchronous
n010_029.bnet,random_mc,25,0.09536569270239156,0.01822618831569628,128,2,asynchronous
n010_029.bnet,random_mc,26,0.05426093697585854,0.0059094887201571605,128,2,asynchronous
n010_029.bnet,random_mc,27,0.045453504094282726,0.004151788612482596,128,2,asynchronous
n010_029.bnet,random_mc,28,0.06219140072945081,0.0077567344524282905,128,2,asynchronous
n010_029.bnet,random_mc,29,0.07176661044397006,0.010322333334067818,128,2,asynchronous
n010_032.bnet,sd_mc,,0.0,0.0,16,2,asynchronous
n010_032.bnet,null_mc,,0.0,0.0,16,2,asynchronous
n010_032.bnet,ref,,0.0,0.0,16,2,asynchronous
n010_032.bnet,random_mc,0,0.011363636363636465,0.00025833118632012826,16,2,asynchronous
n010_032.bnet,random_mc,1,0.006249999999999922,7.81311041513251e-05,16,2,asynchronous
n010_032.bnet,random_mc,2,0.02651515151515149,0.001408087369874484,16,2,asynchronous
n010_032.bnet,random_mc,3,8.777083671441753e-17,0.0,16,2,asynchronous
n010_032.bnet,random_mc,4,0.031249999999999917,0.001956949660568169,16,2,asynchronous
n010_032.bnet,random_mc,5,0.006249999999999922,7.81311041513251e-05,16,2,asynchronous
n010_032.bnet,random_mc,6,0.0,0.0,16,2,asynchronous
n010_032.bnet,random_mc,7,0.009615384615384581,0.00018494544320357686,16,2,asynchronous
n010_032.bnet,random_mc,8,0.03205128205128205,0.002058802217097252,16,2,asynchronous
n010_032.bnet,random_mc,9,0.0,0.0,16,2,asynchronous
n010_032.bnet,random_mc,10,3.925231146709438e-17,1.1102230246251564e-16,16,2,asynchronous
n010_032.bnet,random_mc,11,0.0,0.0,16,2,asynchronous
n010_032.bnet,random_mc,12,0.03787878787878801,0.0028778714191120686,16,2,asynchronous
n010_032.bnet,random_mc,13,0.03333333333333327,0.0022271751746900173,16,2,asynchronous
n010_032.bnet,random_mc,14,0.0,0.0,16,2,asynchronous
n010_032.bnet,random_mc,15,0.004464285714285726,3.986128275724858e-05,16,2,asynchronous
n010_032.bnet,random_mc,16,0.011363636363636409,0.0002583311863200207,16,2,asynchronous
n010_032.bnet,random_mc,17,0.06249999999999997,0.00787417848406953,16,2,asynchronous
n010_032.bnet,random_mc,18,0.01736111111111105,0.0006031800379251474,16,2,asynchronous
n010_032.bnet,random_mc,19,0.0,0.0,16,2,asynchronous
n010_032.bnet,random_mc,20,0.0,0.0,16,2,asynchronous
n010_032.bnet,random_mc,21,0.019444444444444375,0.0007567452140276494,16,2,asynchronous
n010_032.bnet,random_mc,22,0.0,0.0,16,2,asynchronous
n010_032.bnet,random_mc,23,0.015625,0.0004885198239133054,16,2,asynchronous
n010_032.bnet,random_mc,24,0.0078125,0.00012208521608695656,16,2,asynchronous
n010_032.bnet,random_mc,25,0.04374999999999993,0.0038428547723941137,16,2,asynchronous
n010_032.bnet,random_mc,26,0.004166666666666652,3.47234279107567e-05,16,2,asynchronous
n010_032.bnet,random_mc,27,0.04999999999999991,0.00502516792675059,16,2,asynchronous
n010_032.bnet,random_mc,28,0.0,0.0,16,2,asynchronous
n010_032.bnet,random_mc,29,0.021341463414634,0.000911746898714344,16,2,asynchronous
n010_033.bnet,sd_mc,,0.0,0.0,8,2,asynchronous
n010_033.bnet,null_mc,,0.0,0.0,8,2,asynchronous
n010_033.bnet,ref,,0.0,0.0,8,2,asynchronous
n010_033.bnet,random_mc,0,0.0,0.0,8,2,asynchronous
n010_033.bnet,random_mc,1,0.0,0.0,8,2,asynchronous
n010_033.bnet,random_mc,2,0.0,0.0,8,2,asynchronous
n010_033.bnet,random_mc,3,0.0,0.0,8,2,asynchronous
n010_033.bnet,random_mc,4,0.0,0.0,8,2,asynchronous
n010_033.bnet,random_mc,5,0.0,0.0,8,2,asynchronous
n010_033.bnet,random_mc,6,0.0,0.0,8,2,asynchronous
n010_033.bnet,random_mc,7,0.0,0.0,8,2,asynchronous
n010_033.bnet,random_mc,8,0.0,0.0,8,2,asynchronous
n010_033.bnet,random_mc,9,0.0,0.0,8,2,asynchronous
n010_033.bnet,random_mc,10,0.0,0.0,8,2,asynchronous
n010_033.bnet,random_mc,11,0.0,0.0,8,2,asynchronous
n010_033.bnet,random_mc,12,0.0,0.0,8,2,asynchronous
n010_033.bnet,random_mc,13,0.0,0.0,8,2,asynchronous
n010_033.bnet,random_mc,14,0.0,0.0,8,2,asynchronous
n010_033.bnet,random_mc,15,0.0,0.0,8,2,asynchronous
n010_033.bnet,random_mc,16,0.0,0.0,8,2,asynchronous
n010_033.bnet,random_mc,17,0.0,0.0,8,2,asynchronous
n010_033.bnet,random_mc,18,0.0,0.0,8,2,asynchronous
n010_033.bnet,random_mc,19,0.0,0.0,8,2,asynchronous
n010_033.bnet,random_mc,20,0.0,0.0,8,2,asynchronous
n010_033.bnet,random_mc,21,0.0,0.0,8,2,asynchronous
n010_033.bnet,random_mc,22,0.0,0.0,8,2,asynchronous
n010_033.bnet,random_mc,23,0.0,0.0,8,2,asynchronous
n010_033.bnet,random_mc,24,0.0,0.0,8,2,asynchronous
n010_033.bnet,random_mc,25,0.0,0.0,8,2,asynchronous
n010_033.bnet,random_mc,26,0.0,0.0,8,2,asynchronous
n010_033.bnet,random_mc,27,0.0,0.0,8,2,asynchronous
n010_033.bnet,random_mc,28,0.0,0.0,8,2,asynchronous
n010_033.bnet,random_mc,29,0.0,0.0,8,2,asynchronous
n010_034.bnet,sd_mc,,0.0,0.0,2,2,asynchronous
n010_034.bnet,null_mc,,0.0,0.0,2,2,asynchronous
n010_034.bnet,ref,,0.0,0.0,2,2,asynchronous
n010_034.bnet,random_mc,0,0.0,0.0,2,2,asynchronous
n010_034.bnet,random_mc,1,0.0,0.0,2,2,asynchronous
n010_034.bnet,random_mc,2,0.0,0.0,2,2,asynchronous
n010_034.bnet,random_mc,3,0.0,0.0,2,2,asynchronous
n010_034.bnet,random_mc,4,0.0,0.0,2,2,asynchronous
n010_034.bnet,random_mc,5,0.0,0.0,2,2,asynchronous
n010_034.bnet,random_mc,6,0.0,0.0,2,2,asynchronous
n010_034.bnet,random_mc,7,0.0,0.0,2,2,asynchronous
n010_034.bnet,random_mc,8,0.0,0.0,2,2,asynchronous
n010_034.bnet,random_mc,9,0.0,0.0,2,2,asynchronous
n010_034.bnet,random_mc,10,0.0,0.0,2,2,asynchronous
n010_034.bnet,random_mc,11,0.0,0.0,2,2,asynchronous
n010_034.bnet,random_mc,12,0.0,0.0,2,2,asynchronous
n010_034.bnet,random_mc,13,0.0,0.0,2,2,asynchronous
n010_034.bnet,random_mc,14,0.0,0.0,2,2,asynchronous
n010_034.bnet,random_mc,15,0.0,0.0,2,2,asynchronous
n010_034.bnet,random_mc,16,0.0,0.0,2,2,asynchronous
n010_034.bnet,random_mc,17,0.0,0.0,2,2,asynchronous
n010_034.bnet,random_mc,18,0.0,0.0,2,2,asynchronous
n010_034.bnet,random_mc,19,0.0,0.0,2,2,asynchronous
n010_034.bnet,random_mc,20,0.0,0.0,2,2,asynchronous
n010_034.bnet,random_mc,21,0.0,0.0,2,2,asynchronous
n010_034.bnet,random_mc,22,0.0,0.0,2,2,asynchronous
n010_034.bnet,random_mc,23,0.0,0.0,2,2,asynchronous
n010_034.bnet,random_mc,24,0.0,0.0,2,2,asynchronous
n010_034.bnet,random_mc,25,0.0,0.0,2,2,asynchronous
n010_034.bnet,random_mc,26,0.0,0.0,2,2,asynchronous
n010_034.bnet,random_mc,27,0.0,0.0,2,2,asynchronous
n010_034.bnet,random_mc,28,0.0,0.0,2,2,asynchronous
n010_034.bnet,random_mc,29,0.0,0.0,2,2,asynchronous
n010_035.bnet,sd_mc,,0.0,0.0,32,4,asynchronous
n010_035.bnet,null_mc,,0.020833333333333266,0.0034843346580466783,32,4,asynchronous
n010_035.bnet,ref,,0.0,0.0,32,4,asynchronous
n010_035.bnet,random_mc,0,0.02486367939712391,0.004943210834105025,32,4,asynchronous
n010_035.bnet,random_mc,1,0.026314951963978858,0.005566646133040545,32,4,asynchronous
n010_035.bnet,random_mc,2,0.019298637417635534,0.0030036362041309522,32,4,asynchronous
n010_035.bnet,random_mc,3,0.02282792237768095,0.004188437792078909,32,4,asynchronous
n010_035.bnet,random_mc,4,0.026798012069831192,0.005786401052552154,32,4,asynchronous
n010_035.bnet,random_mc,5,0.020916174076836342,0.0035151052727051893,32,4,asynchronous
n010_035.bnet,random_mc,6,0.02793181334623243,0.006131181582840376,32,4,asynchronous
n010_035.bnet,random_mc,7,0.03320322840057429,0.008898334859349686,32,4,asynchronous
n010_035.bnet,random_mc,8,0.026965517285711626,0.005860170608082877,32,4,asynchronous
n010_035.bnet,random_mc,9,0.02697066971718131,0.00584278989403271,32,4,asynchronous
n010_035.bnet,random_mc,10,0.03586013450337689,0.010434166739295016,32,4,asynchronous
n010_035.bnet,random_mc,11,0.020300547853508513,0.003322503301573009,32,4,asynchronous
n010_035.bnet,random_mc,12,0.024319904090729493,0.004746526062762109,32,4,asynchronous
n010_035.bnet,random_mc,13,0.01944296423659407,0.0030455464111431435,32,4,asynchronous
n010_035.bnet,random_mc,14,0.02118459952916303,0.0036036464122220398,32,4,asynchronous
n010_035.bnet,random_mc,15,0.03206241045249604,0.008188126456921602,32,4,asynchronous
n010_035.bnet,random_mc,16,0.02515976930696246,0.005076727976929912,32,4,asynchronous
n010_035.bnet,random_mc,17,0.022210812732328195,0.003956558386139959,32,4,asynchronous
n010_035.bnet,random_mc,18,0.023926375053508604,0.004586404459692151,32,4,asynchronous
n010_035.bnet,random_mc,19,0.02446568636721183,0.005026558257205515,32,4,asynchronous
n010_035.bnet,random_mc,20,0.02453305604576134,0.004780308467667541,32,4,asynchronous
n010_035.bnet,random_mc,21,0.02691082399688955,0.00584016828433008,32,4,asynchronous
n010_035.bnet,random_mc,22,0.029642433604675857,0.007227182482639996,32,4,asynchronous
n010_035.bnet,random_mc,23,0.025722281713814275,0.005295524452181739,32,4,asynchronous
n010_035.bnet,random_mc,24,0.02363025858587145,0.004538858039933383,32,4,asynchronous
n010_035.bnet,random_mc,25,0.030886450672114606,0.007480181102411013,32,4,asynchronous
n010_035.bnet,random_mc,26,0.020950547194083863,0.003527274748617606,32,4,asynchronous
n010_035.bnet,random_mc,27,0.026264379876397827,0.005374459887409547,32,4,asynchronous
n010_035.bnet,random_mc,28,0.023749560777677047,0.0044706380844336206,32,4,asynchronous
n010_035.bnet,random_mc,29,0.03108135502551068,0.00779031375731221,32,4,asynchronous
n010_036.bnet,sd_mc,,0.0020197247117793187,2.9199171296208706e-05,64,4,asynchronous
n010_036.bnet,null_mc,,0.12206517323060158,0.10588122441641148,64,4,asynchronous
n010_036.bnet,ref,,0.11443768735892032,0.09887568427391702,64,4,asynchronous
n010_036.bnet,random_mc,0,0.10824903744567455,0.08597078772602136,64,4,asynchronous
n010_036.bnet,random_mc,1,0.12514793855718231,0.113840893997339,64,4,asynchronous
n010_036.bnet,random_mc,2,0.08089670881245026,0.0470384645441563,64,4,asynchronous
n010_036.bnet,random_mc,3,0.11232723009525626,0.09491172662640675,64,4,asynchronous
n010_036.bnet,random_mc,4,0.12366166648506842,0.1128394818859048,64,4,asynchronous
n010_036.bnet,random_mc,5,0.1314422432054565,0.11641283072900505,64,4,asynchronous
n010_036.bnet,random_mc,6,0.10682830592029006,0.08191798004123377,64,4,asynchronous
n010_036.bnet,random_mc,7,0.09817961881260355,0.07083335492598941,64,4,asynchronous
n010_036.bnet,random_mc,8,0.12064595534056995,0.11008454812143059,64,4,asynchronous
n010_036.bnet,random_mc,9,0.12246014118382367,0.10848475778595737,64,4,asynchronous
n010_036.bnet,random_mc,10,0.10723350214782151,0.08196057249891216,64,4,asynchronous
n010_036.bnet,random_mc,11,0.13656761407093543,0.14152028097062125,64,4,asynchronous
n010_036.bnet,random_mc,12,0.12340222943601493,0.10537440523007757,64,4,asynchronous
n010_036.bnet,random_mc,13,0.1286894529601942,0.12420836495509159,64,4,asynchronous
n010_036.bnet,random_mc,14,0.12856329325269655,0.12056895172340377,64,4,asynchronous
n010_036.bnet,random_mc,15,0.11555780479579185,0.09527966427820461,64,4,asynchronous
n010_036.bnet,random_mc,16,0.10540765612657971,0.0814153947639476,64,4,asynchronous
n010_036.bnet,random_mc,17,0.1451822266874832,0.1522212147114109,64,4,asynchronous
n010_036.bnet,random_mc,18,0.06929769517294333,0.03287635535835456,64,4,asynchronous
n010_036.bnet,random_mc,19,0.12120971353097205,0.10493173757614184,64,4,asynchronous
n010_036.bnet,random_mc,20,0.1133379212729208,0.08892436530869985,64,4,asynchronous
n010_036.bnet,random_mc,21,0.13259246920293719,0.12503359906284336,64,4,asynchronous
n010_036.bnet,random_mc,22,0.08882249343879521,0.05590945989534131,64,4,asynchronous
n010_036.bnet,random_mc,23,0.13050440100400776,0.12205048610743986,64,4,asynchronous
n010_036.bnet,random_mc,24,0.11100614123251741,0.08957904877966387,64,4,asynchronous
n010_036.bnet,random_mc,25,0.10365489672949595,0.07400453185741218,64,4,asynchronous
n010_036.bnet,random_mc,26,0.12508346904913417,0.10233903705209427,64,4,asynchronous
n010_036.bnet,random_mc,27,0.11400177600106803,0.09757038724651412,64,4,asynchronous
n010_036.bnet,random_mc,28,0.09309573637149729,0.06262146530430412,64,4,asynchronous
n010_036.bnet,random_mc,29,0.11887859536785379,0.10129626868300032,64,4,asynchronous
n010_040.bnet,sd_mc,,0.0,0.0,4,4,asynchronous
n010_040.bnet,null_mc,,0.0,0.0,4,4,asynchronous
n010_040.bnet,ref,,0.0,0.0,4,4,asynchronous
n010_040.bnet,random_mc,0,0.0,0.0,4,4,asynchronous
n010_040.bnet,random_mc,1,0.0,0.0,4,4,asynchronous
n010_040.bnet,random_mc,2,0.0,0.0,4,4,asynchronous
n010_040.bnet,random_mc,3,0.0,0.0,4,4,asynchronous
n010_040.bnet,random_mc,4,0.0,0.0,4,4,asynchronous
n010_040.bnet,random_mc,5,0.0,0.0,4,4,asynchronous
n010_040.bnet,random_mc,6,0.0,0.0,4,4,asynchronous
n010_040.bnet,random_mc,7,0.0,0.0,4,4,asynchronous
n010_040.bnet,random_mc,8,0.0,0.0,4,4,asynchronous
n010_040.bnet,random_mc,9,0.0,0.0,4,4,asynchronous
n010_040.bnet,random_mc,10,0.0,0.0,4,4,asynchronous
n010_040.bnet,random_mc,11,0.0,0.0,4,4,asynchronous
n010_040.bnet,random_mc,12,0.0,0.0,4,4,asynchronous
n010_040.bnet,random_mc,13,0.0,0.0,4,4,asynchronous
n010_040.bnet,random_mc,14,0.0,0.0,4,4,asynchronous
n010_040.bnet,random_mc,15,0.0,0.0,4,4,asynchronous
n010_040.bnet,random_mc,16,0.0,0.0,4,4,asynchronous
n010_040.bnet,random_mc,17,0.0,0.0,4,4,asynchronous
n010_040.bnet,random_mc,18,0.0,0.0,4,4,asynchronous
n010_040.bnet,random_mc,19,0.0,0.0,4,4,asynchronous
n010_040.bnet,random_mc,20,0.0,0.0,4,4,asynchronous
n010_040.bnet,random_mc,21,0.0,0.0,4,4,asynchronous
n010_040.bnet,random_mc,22,0.0,0.0,4,4,asynchronous
n010_040.bnet,random_mc,23,0.0,0.0,4,4,asynchronous
n010_040.bnet,random_mc,24,0.0,0.0,4,4,asynchronous
n010_040.bnet,random_mc,25,0.0,0.0,4,4,asynchronous
n010_040.bnet,random_mc,26,0.0,0.0,4,4,asynchronous
n010_040.bnet,random_mc,27,0.0,0.0,4,4,asynchronous
n010_040.bnet,random_mc,28,0.0,0.0,4,4,asynchronous
n010_040.bnet,random_mc,29,0.0,0.0,4,4,asynchronous
n010_043.bnet,sd_mc,,0.0,0.0,256,2,asynchronous
n010_043.bnet,null_mc,,0.4225352112676055,0.6261335790415539,256,2,asynchronous
n010_043.bnet,ref,,0.0,0.0,256,2,asynchronous
n010_043.bnet,random_mc,0,0.42609158581909634,0.6477081909165652,256,2,asynchronous
n010_043.bnet,random_mc,1,0.42307499205637017,0.6293373465020985,256,2,asynchronous
n010_043.bnet,random_mc,2,0.42104307324311596,0.6174034604628775,256,2,asynchronous
n010_043.bnet,random_mc,3,0.4194767284868355,0.6084326161155842,256,2,asynchronous
n010_043.bnet,random_mc,4,0.422479896332527,0.6258066544396552,256,2,asynchronous
n010_043.bnet,random_mc,5,0.41896759483618107,0.605558099011476,256,2,asynchronous
n010_043.bnet,random_mc,6,0.42185590363802017,0.6221363803037843,256,2,asynchronous
n010_043.bnet,random_mc,7,0.42452911143202615,0.6380923288277678,256,2,asynchronous
n010_043.bnet,random_mc,8,0.42144608241642867,0.6197433474515668,256,2,asynchronous
n010_043.bnet,random_mc,9,0.4199160761655819,0.6109293098917676,256,2,asynchronous
n010_043.bnet,random_mc,10,0.42255981484577443,0.6262790745936033,256,2,asynchronous
n010_043.bnet,random_mc,11,0.42345426872900754,0.6316032806641807,256,2,asynchronous
n010_043.bnet,random_mc,12,0.42000272045097514,0.6114234706676258,256,2,asynchronous
n010_043.bnet,random_mc,13,0.42271575766901137,0.6272024403196457,256,2,asynchronous
n010_043.bnet,random_mc,14,0.4244945609074188,0.6378821673466282,256,2,asynchronous
n010_043.bnet,random_mc,15,0.42155861332698474,0.6203990680085909,256,2,asynchronous
n010_043.bnet,random_mc,16,0.4218704764414837,0.6222217281549131,256,2,asynchronous
n010_043.bnet,random_mc,17,0.4229570818151632,0.6286354081990992,256,2,asynchronous
n010_043.bnet,random_mc,18,0.4242040728755934,0.6361193660805291,256,2,asynchronous
n010_043.bnet,random_mc,19,0.4231612066756585,0.6298513442193115,256,2,asynchronous
n010_043.bnet,random_mc,20,0.42151931614036914,0.62016996464957,256,2,asynchronous
n010_043.bnet,random_mc,21,0.42210566304684716,0.6236015619909954,256,2,asynchronous
n010_043.bnet,random_mc,22,0.42255573975261496,0.6262549726393787,256,2,asynchronous
n010_043.bnet,random_mc,23,0.4202687995199814,0.612944706433153,256,2,asynchronous
n010_043.bnet,random_mc,24,0.4231668153244298,0.6298848040252837,256,2,asynchronous
n010_043.bnet,random_mc,25,0.42234656201142895,0.6250196695718513,256,2,asynchronous
n010_043.bnet,random_mc,26,0.4210687523428265,0.6175521614891331,256,2,asynchronous
n010_043.bnet,random_mc,27,0.42279808229380017,0.6276907256046742,256,2,asynchronous
n010_043.bnet,random_mc,28,0.421492970934627,0.6200164423007927,256,2,asynchronous
n010_043.bnet,random_mc,29,0.41894748662722064,0.6054449800663566,256,2,asynchronous
n010_048.bnet,sd_mc,,0.1058879933082081,0.0411825205182563,512,2,asynchronous
n010_048.bnet,null_mc,,0.2338627507394096,0.11658192075712051,512,2,asynchronous
n010_048.bnet,ref,,0.2631596257394104,0.1457367374390792,512,2,asynchronous
n010_048.bnet,random_mc,0,0.21553773445812063,0.1000120788880565,512,2,asynchronous
n010_048.bnet,random_mc,1,0.2339434656763268,0.11665769810033502,512,2,asynchronous
n010_048.bnet,random_mc,2,0.2131174880418402,0.09791719239447902,512,2,asynchronous
n010_048.bnet,random_mc,3,0.2340079086995751,0.11671821667823534,512,2,asynchronous
n010_048.bnet,random_mc,4,0.2405318416188828,0.12292666305149016,512,2,asynchronous
n010_048.bnet,random_mc,5,0.23975444272346413,0.12217832912941881,512,2,asynchronous
n010_048.bnet,random_mc,6,0.24983998351051895,0.13206760284990535,512,2,asynchronous
n010_048.bnet,random_mc,7,0.2314764810885852,0.1143527785941402,512,2,asynchronous
n010_048.bnet,random_mc,8,0.20830354358019734,0.09381463716087729,512,2,asynchronous
n010_048.bnet,random_mc,9,0.22445903202571327,0.10792183698922345,512,2,asynchronous
n010_048.bnet,random_mc,10,0.24750256716397562,0.1297406520537843,512,2,asynchronous
n010_048.bnet,random_mc,11,0.2404909354483652,0.12288722854142078,512,2,asynchronous
n010_048.bnet,random_mc,12,0.2344615816994947,0.11714470791219239,512,2,asynchronous
n010_048.bnet,random_mc,13,0.22755392345850742,0.11073523925626436,512,2,asynchronous
n010_048.bnet,random_mc,14,0.24146984619283202,0.12383268230998465,512,2,asynchronous
n010_048.bnet,random_mc,15,0.213266392003923,0.09804545385045985,512,2,asynchronous
n010_048.bnet,random_mc,16,0.2344996866225348,0.11718056534702806,512,2,asynchronous
n010_048.bnet,random_mc,17,0.23747908293981257,0.12000132487306861,512,2,asynchronous
n010_048.bnet,random_mc,18,0.24618929008242915,0.12844256112141744,512,2,asynchronous
n010_048.bnet,random_mc,19,0.23652902971579381,0.11909818739175973,512,2,asynchronous
n010_048.bnet,random_mc,20,0.23786550843465404,0.12036965249391846,512,2,asynchronous
n010_048.bnet,random_mc,21,0.2288908082931137,0.11196165577246409,512,2,asynchronous
n010_048.bnet,random_mc,22,0.23198644355531695,0.11482735101398561,512,2,asynchronous
n010_048.bnet,random_mc,23,0.24390634665249444,0.12620189646715585,512,2,asynchronous
n010_048.bnet,random_mc,24,0.23571887328105678,0.11833075415273589,512,2,asynchronous
n010_048.bnet,random_mc,25,0.23961638751378067,0.12204567746302952,512,2,asynchronous
n010_048.bnet,random_mc,26,0.21874239161659753,0.102819303142447,512,2,asynchronous
n010_048.bnet,random_mc,27,0.22909779687147935,0.11215214198986465,512,2,asynchronous
n010_048.bnet,random_mc,28,0.24440463598232143,0.12668924083758049,512,2,asynchronous
n010_048.bnet,random_mc,29,0.22962181523896028,0.1126351040234276,512,2,asynchronous
n010_049.bnet,sd_mc,,0.014507770887157202,0.0014631431063500087,512,4,asynchronous
n010_049.bnet,null_mc,,0.05478236187739989,0.024062131643305486,512,4,asynchronous
n010_049.bnet,ref,,0.06591068367745302,0.034484582180884404,512,4,asynchronous
n010_049.bnet,random_mc,0,0.04756730845905623,0.018143204969028146,512,4,asynchronous
n010_049.bnet,random_mc,1,0.04478487432983752,0.016704587726445584,512,4,asynchronous
n010_049.bnet,random_mc,2,0.05951557459170204,0.02816304232881351,512,4,asynchronous
n010_049.bnet,random_mc,3,0.05435924939030384,0.023551257742274158,512,4,asynchronous
n010_049.bnet,random_mc,4,0.06115226025042198,0.029994690034860376,512,4,asynchronous
n010_049.bnet,random_mc,5,0.06627755193885092,0.035225821920114676,512,4,asynchronous
n010_049.bnet,random_mc,6,0.05121997324800965,0.020741299429385816,512,4,asynchronous
n010_049.bnet,random_mc,7,0.044669418283719904,0.015983556817498024,512,4,asynchronous
n010_049.bnet,random_mc,8,0.05506043877434761,0.02413297185200098,512,4,asynchronous
n010_049.bnet,random_mc,9,0.05040912413525246,0.020605674899916493,512,4,asynchronous
n010_049.bnet,random_mc,10,0.05460383563758055,0.02355067721182396,512,4,asynchronous
n010_049.bnet,random_mc,11,0.056772420021040895,0.025873767583329793,512,4,asynchronous
n010_049.bnet,random_mc,12,0.04917262313691376,0.019715457653640307,512,4,asynchronous
n010_049.bnet,random_mc,13,0.04381175477958274,0.015981903547260742,512,4,asynchronous
n010_049.bnet,random_mc,14,0.05576948850954519,0.02500473036864123,512,4,asynchronous
n010_049.bnet,random_mc,15,0.04295552929040426,0.015027270725737098,512,4,asynchronous
n010_049.bnet,random_mc,16,0.057524608336202245,0.026336540211531062,512,4,asynchronous
n010_049.bnet,random_mc,17,0.04788462781828312,0.019103968753186193,512,4,asynchronous
n010_049.bnet,random_mc,18,0.05094565442711381,0.020923625305148227,512,4,asynchronous
n010_049.bnet,random_mc,19,0.05401985509538706,0.023871076990282125,512,4,asynchronous
n010_049.bnet,random_mc,20,0.04974488938525586,0.01999028051495335,512,4,asynchronous
n010_049.bnet,random_mc,21,0.04870020331011654,0.01907301705504818,512,4,asynchronous
n010_049.bnet,random_mc,22,0.055040635792455835,0.023954078551216555,512,4,asynchronous
n010_049.bnet,random_mc,23,0.04710913993489934,0.017913328765110995,512,4,asynchronous
n010_049.bnet,random_mc,24,0.05576940692755974,0.02515698268486024,512,4,asynchronous
n010_049.bnet,random_mc,25,0.047681825816397204,0.01824715747084181,512,4,asynchronous
n010_049.bnet,random_mc,26,0.051857048059190294,0.02145187125182152,512,4,asynchronous
n010_049.bnet,random_mc,27,0.04607510259913436,0.01728521498074361,512,4,asynchronous
n010_049.bnet,random_mc,28,0.050449358997285795,0.02024150217848191,512,4,asynchronous
n010_049.bnet,random_mc,29,0.05953680821124799,0.02801533032310169,512,4,asynchronous
n010_051.bnet,sd_mc,,0.11749793448296601,0.2579395875179395,1024,6,asynchronous
n010_051.bnet,null_mc,,0.1132215728117633,0.23327891363725953,1024,6,asynchronous
n010_051.bnet,ref,,0.07522086158508481,0.10435666088204001,1024,6,asynchronous
n010_051.bnet,random_mc,0,0.11311605465796011,0.23308440594290494,1024,6,asynchronous
n010_051.bnet,random_mc,1,0.11556262768995153,0.24596494744068545,1024,6,asynchronous
n010_051.bnet,random_mc,2,0.11383770622436573,0.23478518355368633,1024,6,asynchronous
n010_051.bnet,random_mc,3,0.11324729656473453,0.23212627077762588,1024,6,asynchronous
n010_051.bnet,random_mc,4,0.1129785181450354,0.23092208130672243,1024,6,asynchronous
n010_051.bnet,random_mc,5,0.11407797102596962,0.23825525137778786,1024,6,asynchronous
n010_051.bnet,random_mc,6,0.11330975552120943,0.23091980625907652,1024,6,asynchronous
n010_051.bnet,random_mc,7,0.1124789353752532,0.2292121295878165,1024,6,asynchronous
n010_051.bnet,random_mc,8,0.11221152240183999,0.2316513603918183,1024,6,asynchronous
n010_051.bnet,random_mc,9,0.11311524451179132,0.23214794289101381,1024,6,asynchronous
n010_051.bnet,random_mc,10,0.11224167329235785,0.22896265900502827,1024,6,asynchronous
n010_051.bnet,random_mc,11,0.11249164518151532,0.22962900702782224,1024,6,asynchronous
n010_051.bnet,random_mc,12,0.11376324334142461,0.2367186880216199,1024,6,asynchronous
n010_051.bnet,random_mc,13,0.11357765486923112,0.23285998732405327,1024,6,asynchronous
n010_051.bnet,random_mc,14,0.11318249837797262,0.23433490869886378,1024,6,asynchronous
n010_051.bnet,random_mc,15,0.1116165501731422,0.2277222668416217,1024,6,asynchronous
n010_051.bnet,random_mc,16,0.11406786910311374,0.2383380721772601,1024,6,asynchronous
n010_051.bnet,random_mc,17,0.11245245775243926,0.2281008736718786,1024,6,asynchronous
n010_051.bnet,random_mc,18,0.11328946054164435,0.23463580444708376,1024,6,asynchronous
n010_051.bnet,random_mc,19,0.11444182208990789,0.23897345510063478,1024,6,asynchronous
n010_051.bnet,random_mc,20,0.1129984743865172,0.23420056344981538,1024,6,asynchronous
n010_051.bnet,random_mc,21,0.11422443583327895,0.23698897377636924,1024,6,asynchronous
n010_051.bnet,random_mc,22,0.11376490237617451,0.23657514050042358,1024,6,asynchronous
n010_051.bnet,random_mc,23,0.11217915501400677,0.22811816049788372,1024,6,asynchronous
n010_051.bnet,random_mc,24,0.11398300117220506,0.23754712112394383,1024,6,asynchronous
n010_051.bnet,random_mc,25,0.11212955364285845,0.227119412124965,1024,6,asynchronous
n010_051.bnet,random_mc,26,0.11263203638745525,0.23010274595169372,1024,6,asynchronous
n010_051.bnet,random_mc,27,0.11410085986794213,0.24001183880964327,1024,6,asynchronous
n010_051.bnet,random_mc,28,0.11256179686445289,0.23241150212940537,1024,6,asynchronous
n010_051.bnet,random_mc,29,0.11232824542498923,0.22988543238406633,1024,6,asynchronous
n010_052.bnet,sd_mc,,0.0,0.0,2,2,asynchronous
n010_052.bnet,null_mc,,0.0,0.0,2,2,asynchronous
n010_052.bnet,ref,,0.0,0.0,2,2,asynchronous
n010_052.bnet,random_mc,0,0.0,0.0,2,2,asynchronous
n010_052.bnet,random_mc,1,0.0,0.0,2,2,asynchronous
n010_052.bnet,random_mc,2,0.0,0.0,2,2,asynchronous
n010_052.bnet,random_mc,3,0.0,0.0,2,2,asynchronous
n010_052.bnet,random_mc,4,0.0,0.0,2,2,asynchronous
n010_052.bnet,random_mc,5,0.0,0.0,2,2,asynchronous
n010_052.bnet,random_mc,6,0.0,0.0,2,2,asynchronous
n010_052.bnet,random_mc,7,0.0,0.0,2,2,asynchronous
n010_052.bnet,random_mc,8,0.0,0.0,2,2,asynchronous
n010_052.bnet,random_mc,9,0.0,0.0,2,2,asynchronous
n010_052.bnet,random_mc,10,0.0,0.0,2,2,asynchronous
n010_052.bnet,random_mc,11,0.0,0.0,2,2,asynchronous
n010_052.bnet,random_mc,12,0.0,0.0,2,2,asynchronous
n010_052.bnet,random_mc,13,0.0,0.0,2,2,asynchronous
n010_052.bnet,random_mc,14,0.0,0.0,2,2,asynchronous
n010_052.bnet,random_mc,15,0.0,0.0,2,2,asynchronous
n010_052.bnet,random_mc,16,0.0,0.0,2,2,asynchronous
n010_052.bnet,random_mc,17,0.0,0.0,2,2,asynchronous
n010_052.bnet,random_mc,18,0.0,0.0,2,2,asynchronous
n010_052.bnet,random_mc,19,0.0,0.0,2,2,asynchronous
n010_052.bnet,random_mc,20,0.0,0.0,2,2,asynchronous
n010_052.bnet,random_mc,21,0.0,0.0,2,2,asynchronous
n010_052.bnet,random_mc,22,0.0,0.0,2,2,asynchronous
n010_052.bnet,random_mc,23,0.0,0.0,2,2,asynchronous
n010_052.bnet,random_mc,24,0.0,0.0,2,2,asynchronous
n010_052.bnet,random_mc,25,0.0,0.0,2,2,asynchronous
n010_052.bnet,random_mc,26,0.0,0.0,2,2,asynchronous
n010_052.bnet,random_mc,27,0.0,0.0,2,2,asynchronous
n010_052.bnet,random_mc,28,0.0,0.0,2,2,asynchronous
n010_052.bnet,random_mc,29,0.0,0.0,2,2,asynchronous
n010_055.bnet,sd_mc,,0.12374154734421844,0.08295924644543634,512,3,asynchronous
n010_055.bnet,null_mc,,0.02470357823432661,0.0027020635923432693,512,3,asynchronous
n010_055.bnet,ref,,0.02470357823432661,0.002702063592343422,512,3,asynchronous
n010_055.bnet,random_mc,0,0.02788847169646528,0.003455778331707463,512,3,asynchronous
n010_055.bnet,random_mc,1,0.025197486761899042,0.002813011342302215,512,3,asynchronous
n010_055.bnet,random_mc,2,0.02352400572650616,0.002434798725964294,512,3,asynchronous
n010_055.bnet,random_mc,3,0.02911905816222888,0.003771830097745954,512,3,asynchronous
n010_055.bnet,random_mc,4,0.022420765469913322,0.002218910203251351,512,3,asynchronous
n010_055.bnet,random_mc,5,0.03142546605280093,0.0043873629749204696,512,3,asynchronous
n010_055.bnet,random_mc,6,0.011436702085486682,0.0005717595540495318,512,3,asynchronous
n010_055.bnet,random_mc,7,0.024331213717600723,0.0026186334943407927,512,3,asynchronous
n010_055.bnet,random_mc,8,0.02292791162979785,0.0023206728142615013,512,3,asynchronous
n010_055.bnet,random_mc,9,0.025324972560985308,0.0028419405271084414,512,3,asynchronous
n010_055.bnet,random_mc,10,0.027180181196889766,0.0032801102967574963,512,3,asynchronous
n010_055.bnet,random_mc,11,0.018640816617992054,0.0015267367810689533,512,3,asynchronous
n010_055.bnet,random_mc,12,0.02662270384786866,0.003145384422761476,512,3,asynchronous
n010_055.bnet,random_mc,13,0.028093630006975682,0.0035036972778697967,512,3,asynchronous
n010_055.bnet,random_mc,14,0.0362384099930639,0.005854034273218699,512,3,asynchronous
n010_055.bnet,random_mc,15,0.019087306648181403,0.0016008875859970136,512,3,asynchronous
n010_055.bnet,random_mc,16,0.025357342750148046,0.0028493626738180025,512,3,asynchronous
n010_055.bnet,random_mc,17,0.034759242134689734,0.005377481117430173,512,3,asynchronous
n010_055.bnet,random_mc,18,0.033233489322656885,0.004946669584260332,512,3,asynchronous
n010_055.bnet,random_mc,19,0.021775873384034306,0.002090661344680309,512,3,asynchronous
n010_055.bnet,random_mc,20,0.027724259439220324,0.003411205775346241,512,3,asynchronous
n010_055.bnet,random_mc,21,0.026876229880074265,0.0032038526729344305,512,3,asynchronous
n010_055.bnet,random_mc,22,0.02721732751540763,0.003285387392566178,512,3,asynchronous
n010_055.bnet,random_mc,23,0.03145053813833971,0.004408773344244898,512,3,asynchronous
n010_055.bnet,random_mc,24,0.016550720383540697,0.0012000047729610192,512,3,asynchronous
n010_055.bnet,random_mc,25,0.022919219842463513,0.0023196448340999376,512,3,asynchronous
n010_055.bnet,random_mc,26,0.028274792857946394,0.003524415906626544,512,3,asynchronous
n010_055.bnet,random_mc,27,0.025283981460017046,0.0028315218409549776,512,3,asynchronous
n010_055.bnet,random_mc,28,0.023330305225656656,0.002405626936806734,512,3,asynchronous
n010_055.bnet,random_mc,29,0.02019625768396454,0.0017942331913494754,512,3,asynchronous
n010_059.bnet,sd_mc,,0.0,0.0,128,4,asynchronous
n010_059.bnet,null_mc,,2.7755575615628914e-17,0.0,128,4,asynchronous
n010_059.bnet,ref,,0.0,0.0,128,4,asynchronous
n010_059.bnet,random_mc,0,0.02034754011956685,0.003408731607408521,128,4,asynchronous
n010_059.bnet,random_mc,1,0.02440660123371359,0.004657227034891201,128,4,asynchronous
n010_059.bnet,random_mc,2,0.01739716566525179,0.00241995147396842,128,4,asynchronous
n010_059.bnet,random_mc,3,0.010564169397606031,0.0008913068180396184,128,4,asynchronous
n010_059.bnet,random_mc,4,0.017405516312187647,0.002422935043774688,128,4,asynchronous
n010_059.bnet,random_mc,5,0.01607833026510896,0.002021994437201991,128,4,asynchronous
n010_059.bnet,random_mc,6,0.009560150370108477,0.0007165813524884156,128,4,asynchronous
n010_059.bnet,random_mc,7,0.015677751692549206,0.0019479612680623239,128,4,asynchronous
n010_059.bnet,random_mc,8,0.010712966623339332,0.0009344802857643355,128,4,asynchronous
n010_059.bnet,random_mc,9,0.013968515822807757,0.0016034467670963289,128,4,asynchronous
n010_059.bnet,random_mc,10,0.005060928871264622,0.00020389207092459064,128,4,asynchronous
n010_059.bnet,random_mc,11,0.007595583512998776,0.00045450799579297525,128,4,asynchronous
n010_059.bnet,random_mc,12,0.014034245875906654,0.001587204293767363,128,4,asynchronous
n010_059.bnet,random_mc,13,0.030768669891140823,0.007628761585993266,128,4,asynchronous
n010_059.bnet,random_mc,14,0.0069563339969599845,0.0003832097304825985,128,4,asynchronous
n010_059.bnet,random_mc,15,0.022225734576829154,0.004155364583467569,128,4,asynchronous
n010_059.bnet,random_mc,16,0.016749714819653472,0.0022117144451490878,128,4,asynchronous
n010_059.bnet,random_mc,17,0.01368714646106488,0.0014967456507116103,128,4,asynchronous
n010_059.bnet,random_mc,18,0.027259935209160285,0.005535208889589346,128,4,asynchronous
n010_059.bnet,random_mc,19,0.009794517075269162,0.0007839091050378839,128,4,asynchronous
n010_059.bnet,random_mc,20,0.008374045981621335,0.0005688996599693234,128,4,asynchronous
n010_059.bnet,random_mc,21,0.014132399886287509,0.001615405185664727,128,4,asynchronous
n010_059.bnet,random_mc,22,0.0233478203149768,0.0042162766479534285,128,4,asynchronous
n010_059.bnet,random_mc,23,0.009114145809325182,0.0006699232486085121,128,4,asynchronous
n010_059.bnet,random_mc,24,0.020696131926789776,0.003372326432641482,128,4,asynchronous
n010_059.bnet,random_mc,25,0.014267964118041234,0.0016185358937405598,128,4,asynchronous
n010_059.bnet,random_mc,26,0.015976690527765236,0.0020454031461579793,128,4,asynchronous
n010_059.bnet,random_mc,27,0.016229941684455795,0.0020387443314694,128,4,asynchronous
n010_059.bnet,random_mc,28,0.0061791297901111165,0.0003097012411380218,128,4,asynchronous
n010_059.bnet,random_mc,29,0.011681775296652066,0.0010753706630522199,128,4,asynchronous
n010_060.bnet,sd_mc,,0.2878763021633527,0.1763903280550115,1024,2,asynchronous
n010_060.bnet,null_mc,,0.4308031994847852,0.3883099652522548,1024,2,asynchronous
n010_060.bnet,ref,,0.2878763021633527,0.1763903280550115,1024,2,asynchronous
n010_060.bnet,random_mc,0,0.42303027197136256,0.37392331331528905,1024,2,asynchronous
n010_060.bnet,random_mc,1,0.4311256998038108,0.38891550150993975,1024,2,asynchronous
n010_060.bnet,random_mc,2,0.43243415781037575,0.3913794655515803,1024,2,asynchronous
n010_060.bnet,random_mc,3,0.4249043855782519,0.37735586708027047,1024,2,asynchronous
n010_060.bnet,random_mc,4,0.42522481173966503,0.37794502789885304,1024,2,asynchronous
n010_060.bnet,random_mc,5,0.4302965628550798,0.38736009438963764,1024,2,asynchronous
n010_060.bnet,random_mc,6,0.4321075046077147,0.3907632642554328,1024,2,asynchronous
n010_060.bnet,random_mc,7,0.42643099201566054,0.38016881099267696,1024,2,asynchronous
n010_060.bnet,random_mc,8,0.4277257228403032,0.38256645861888966,1024,2,asynchronous
n010_060.bnet,random_mc,9,0.4295166369344029,0.38590119324254346,1024,2,asynchronous
n010_060.bnet,random_mc,10,0.42841411220771486,0.3838457480362654,1024,2,asynchronous
n010_060.bnet,random_mc,11,0.4348268791412599,0.39591513996566785,1024,2,asynchronous
n010_060.bnet,random_mc,12,0.42957680068635135,0.3860135891860409,1024,2,asynchronous
n010_060.bnet,random_mc,13,0.43124595605754357,0.389141476647651,1024,2,asynchronous
n010_060.bnet,random_mc,14,0.43221700834237337,0.3909697528611562,1024,2,asynchronous
n010_060.bnet,random_mc,15,0.4287311963057265,0.3844360647409827,1024,2,asynchronous
n010_060.bnet,random_mc,16,0.43678476024757334,0.39965558445966043,1024,2,asynchronous
n010_060.bnet,random_mc,17,0.4297980199643602,0.3864270708663813,1024,2,asynchronous
n010_060.bnet,random_mc,18,0.4314607101612494,0.38954526527277067,1024,2,asynchronous
n010_060.bnet,random_mc,19,0.42822810628362584,0.38349976963175586,1024,2,asynchronous
n010_060.bnet,random_mc,20,0.4304554061193017,0.38765771807567206,1024,2,asynchronous
n010_060.bnet,random_mc,21,0.42678242506270386,0.38081852363200885,1024,2,asynchronous
n010_060.bnet,random_mc,22,0.43103767990032643,0.38875016357623127,1024,2,asynchronous
n010_060.bnet,random_mc,23,0.4186384630630442,0.36596777028659655,1024,2,asynchronous
n010_060.bnet,random_mc,24,0.43295892285306725,0.39237089436566297,1024,2,asynchronous
n010_060.bnet,random_mc,25,0.4200303009987479,0.36847571698771986,1024,2,asynchronous
n010_060.bnet,random_mc,26,0.43712622019669284,0.400310628048542,1024,2,asynchronous
n010_060.bnet,random_mc,27,0.4335958349220469,0.39357670338123607,1024,2,asynchronous
n010_060.bnet,random_mc,28,0.4283595238695999,0.38374418784333075,1024,2,asynchronous
n010_060.bnet,random_mc,29,0.4329623164489685,0.3923773118800263,1024,2,asynchronous
n010_061.bnet,sd_mc,,0.07030228357254484,0.04067978789072177,128,3,asynchronous
n010_061.bnet,null_mc,,0.1413540687458899,0.09061303199214867,128,3,asynchronous
n010_061.bnet,ref,,0.13557438940982353,0.08161002935652723,128,3,asynchronous
n010_061.bnet,random_mc,0,0.14433077940612374,0.09359115599706741,128,3,asynchronous
n010_061.bnet,random_mc,1,0.1529619518173337,0.10327180460189705,128,3,asynchronous
n010_061.bnet,random_mc,2,0.13495776631230025,0.08215574080696722,128,3,asynchronous
n010_061.bnet,random_mc,3,0.14693215294863016,0.09634162354256313,128,3,asynchronous
n010_061.bnet,random_mc,4,0.13596540249658742,0.08360550999469239,128,3,asynchronous
n010_061.bnet,random_mc,5,0.13262363997779203,0.07983766270061937,128,3,asynchronous
n010_061.bnet,random_mc,6,0.1407445915982322,0.08900896313954255,128,3,asynchronous
n010_061.bnet,random_mc,7,0.1449656655834302,0.09459661727884014,128,3,asynchronous
n010_061.bnet,random_mc,8,0.13665981757236437,0.08455021879590859,128,3,asynchronous
n010_061.bnet,random_mc,9,0.13949145615561026,0.09097139756776626,128,3,asynchronous
n010_061.bnet,random_mc,10,0.14442118789387398,0.09488045252864653,128,3,asynchronous
n010_061.bnet,random_mc,11,0.1430639063302327,0.09309886720692362,128,3,asynchronous
n010_061.bnet,random_mc,12,0.11741195998832356,0.06295354659832178,128,3,asynchronous
n010_061.bnet,random_mc,13,0.13752230494742243,0.08638533643419227,128,3,asynchronous
n010_061.bnet,random_mc,14,0.13979310694914165,0.08871598159440604,128,3,asynchronous
n010_061.bnet,random_mc,15,0.13504543578184447,0.08228537726008017,128,3,asynchronous
n010_061.bnet,random_mc,16,0.15259715682701083,0.10289215920632229,128,3,asynchronous
n010_061.bnet,random_mc,17,0.14123073342764375,0.09050902982371431,128,3,asynchronous
n010_061.bnet,random_mc,18,0.14413451002835298,0.09286737676359415,128,3,asynchronous
n010_061.bnet,random_mc,19,0.14306374598461094,0.091804443607656,128,3,asynchronous
n010_061.bnet,random_mc,20,0.1528828994468197,0.10371226891045683,128,3,asynchronous
n010_061.bnet,random_mc,21,0.16399919217213635,0.1188758579257174,128,3,asynchronous
n010_061.bnet,random_mc,22,0.14671416790073466,0.09794428983726096,128,3,asynchronous
n010_061.bnet,random_mc,23,0.14145477101611334,0.0906233646585323,128,3,asynchronous
n010_061.bnet,random_mc,24,0.1402991918051609,0.08979386017558841,128,3,asynchronous
n010_061.bnet,random_mc,25,0.1482004727328693,0.09867490931263356,128,3,asynchronous
n010_061.bnet,random_mc,26,0.14952331794340865,0.10001803234552664,128,3,asynchronous
n010_061.bnet,random_mc,27,0.13604983956064562,0.08476750237224673,128,3,asynchronous
n010_061.bnet,random_mc,28,0.14626324518383974,0.09626352742339145,128,3,asynchronous
n010_061.bnet,random_mc,29,0.129441285180527,0.07506715214034415,128,3,asynchronous
n010_063.bnet,sd_mc,,0.04583333333333345,0.004942014935394333,32,2,asynchronous
n010_063.bnet,null_mc,,0.16249999999999998,0.05378388089080546,32,2,asynchronous
n010_063.bnet,ref,,0.16249999999999998,0.05378388089080546,32,2,asynchronous
n010_063.bnet,random_mc,0,0.18761682242990657,0.07138687282295134,32,2,asynchronous
n010_063.bnet,random_mc,1,0.17453416149068315,0.06189732282197183,32,2,asynchronous
n010_063.bnet,random_mc,2,0.18874555160142345,0.07223874298165059,32,2,asynchronous
n010_063.bnet,random_mc,3,0.20240384615384607,0.0829714789644169,32,2,asynchronous
n010_063.bnet,random_mc,4,0.16249999999999998,0.05378388089080546,32,2,asynchronous
n010_063.bnet,random_mc,5,0.14780689056166757,0.04466257068046846,32,2,asynchronous
n010_063.bnet,random_mc,6,0.1733790252393384,0.061093125933062764,32,2,asynchronous
n010_063.bnet,random_mc,7,0.11447642163661595,0.027105967750241683,32,2,asynchronous
n010_063.bnet,random_mc,8,0.13375613747954182,0.03673490313398885,32,2,asynchronous
n010_063.bnet,random_mc,9,0.12436625874125865,0.03186557699504726,32,2,asynchronous
n010_063.bnet,random_mc,10,0.16544277435711688,0.05571402645150891,32,2,asynchronous
n010_063.bnet,random_mc,11,0.135368911174785,0.03760569781320078,32,2,asynchronous
n010_063.bnet,random_mc,12,0.17975201974865346,0.06559776602306935,32,2,asynchronous
n010_063.bnet,random_mc,13,0.18459502708025596,0.0691323428323736,32,2,asynchronous
n010_063.bnet,random_mc,14,0.1454570008643045,0.04328290351222994,32,2,asynchronous
n010_063.bnet,random_mc,15,0.16064516129032272,0.05258511109951561,32,2,asynchronous
n010_063.bnet,random_mc,16,0.11320876288659779,0.026523194496448105,32,2,asynchronous
n010_063.bnet,random_mc,17,0.08931347150259084,0.01669742320323217,32,2,asynchronous
n010_063.bnet,random_mc,18,0.1793214556482182,0.06528819829570556,32,2,asynchronous
n010_063.bnet,random_mc,19,0.16249999999999998,0.05378388089080546,32,2,asynchronous
n010_063.bnet,random_mc,20,0.20108974358974357,0.08190443988651891,32,2,asynchronous
n010_063.bnet,random_mc,21,0.18487728585178087,0.06934132977319979,32,2,asynchronous
n010_063.bnet,random_mc,22,0.2004704301075271,0.08140412395575677,32,2,asynchronous
n010_063.bnet,random_mc,23,0.18259428678118,0.06766041955528168,32,2,asynchronous
n010_063.bnet,random_mc,24,0.16551882930822756,0.05576437077805549,32,2,asynchronous
n010_063.bnet,random_mc,25,0.16249999999999998,0.05378388089080546,32,2,asynchronous
n010_063.bnet,random_mc,26,0.13571428571428554,0.03779349421457444,32,2,asynchronous
n010_063.bnet,random_mc,27,0.22617924528301908,0.10357797267154287,32,2,asynchronous
n010_063.bnet,random_mc,28,0.1532825880114176,0.0479618345052093,32,2,asynchronous
n010_063.bnet,random_mc,29,0.15246913580246924,0.047464221215054586,32,2,asynchronous
n010_069.bnet,sd_mc,,0.13664209361025978,0.0375419051147179,32,2,asynchronous
n010_069.bnet,null_mc,,0.07414209361025978,0.011034748763436464,32,2,asynchronous
n010_069.bnet,ref,,0.07414209361025978,0.011034748763436464,32,2,asynchronous
n010_069.bnet,random_mc,0,0.1702946346523379,0.05875127571826891,32,2,asynchronous
n010_069.bnet,random_mc,1,0.12179493400933944,0.029772435841154826,32,2,asynchronous
n010_069.bnet,random_mc,2,0.05646112074988904,0.006414568931016634,32,2,asynchronous
n010_069.bnet,random_mc,3,0.05029639818727111,0.0050960303631187795,32,2,asynchronous
n010_069.bnet,random_mc,4,0.045807102120796056,0.004230800799463794,32,2,asynchronous
n010_069.bnet,random_mc,5,0.019647157505980783,0.0007837756353025541,32,2,asynchronous
n010_069.bnet,random_mc,6,0.03913655672313604,0.003093002884523202,32,2,asynchronous
n010_069.bnet,random_mc,7,0.1449167410212705,0.04228598893513112,32,2,asynchronous
n010_069.bnet,random_mc,8,0.08965323430532696,0.016117761751342094,32,2,asynchronous
n010_069.bnet,random_mc,9,0.12277011012169078,0.03025388715285074,32,2,asynchronous
n010_069.bnet,random_mc,10,0.14124597451305576,0.040144383307656475,32,2,asynchronous
n010_069.bnet,random_mc,11,0.08440827245021687,0.014290633990896057,32,2,asynchronous
n010_069.bnet,random_mc,12,0.05992583646978822,0.007221887236975241,32,2,asynchronous
n010_069.bnet,random_mc,13,0.06211555989799006,0.007756729873813165,32,2,asynchronous
n010_069.bnet,random_mc,14,0.012056578144814478,0.0002988047941676567,32,2,asynchronous
n010_069.bnet,random_mc,15,0.06903372115329554,0.00957190799472385,32,2,asynchronous
n010_069.bnet,random_mc,16,0.25963480577197035,0.14283666437764778,32,2,asynchronous
n010_069.bnet,random_mc,17,0.01919617185862374,0.000748315359845049,32,2,asynchronous
n010_069.bnet,random_mc,18,0.057053157835692425,0.00654914095294646,32,2,asynchronous
n010_069.bnet,random_mc,19,0.02804834361025965,0.0015933035495727353,32,2,asynchronous
n010_069.bnet,random_mc,20,0.07853684002472669,0.01237675421280339,32,2,asynchronous
n010_069.bnet,random_mc,21,0.08838277966205443,0.01566498728131302,32,2,asynchronous
n010_069.bnet,random_mc,22,0.056035850894642025,0.006318763086270718,32,2,asynchronous
n010_069.bnet,random_mc,23,0.06505143919519926,0.00850375835759954,32,2,asynchronous
n010_069.bnet,random_mc,24,0.09705523176656272,0.01888595162521392,32,2,asynchronous
n010_069.bnet,random_mc,25,0.15184687990762966,0.046492084114839266,32,2,asynchronous
n010_069.bnet,random_mc,26,0.10459148593745135,0.02193404198698741,32,2,asynchronous
n010_069.bnet,random_mc,27,0.05664707251114687,0.006456686380751302,32,2,asynchronous
n010_069.bnet,random_mc,28,0.05704108381597317,0.006546382576288451,32,2,asynchronous
n010_069.bnet,random_mc,29,0.1842985711998391,0.0691258422008626,32,2,asynchronous
n010_070.bnet,sd_mc,,0.0,0.0,2,2,asynchronous
n010_070.bnet,null_mc,,0.0,0.0,2,2,asynchronous
n010_070.bnet,ref,,0.0,0.0,2,2,asynchronous
n010_070.bnet,random_mc,0,0.0,0.0,2,2,asynchronous
n010_070.bnet,random_mc,1,0.0,0.0,2,2,asynchronous
n010_070.bnet,random_mc,2,0.0,0.0,2,2,asynchronous
n010_070.bnet,random_mc,3,0.0,0.0,2,2,asynchronous
n010_070.bnet,random_mc,4,0.0,0.0,2,2,asynchronous
n010_070.bnet,random_mc,5,0.0,0.0,2,2,asynchronous
n010_070.bnet,random_mc,6,0.0,0.0,2,2,asynchronous
n010_070.bnet,random_mc,7,0.0,0.0,2,2,asynchronous
n010_070.bnet,random_mc,8,0.0,0.0,2,2,asynchronous
n010_070.bnet,random_mc,9,0.0,0.0,2,2,asynchronous
n010_070.bnet,random_mc,10,0.0,0.0,2,2,asynchronous
n010_070.bnet,random_mc,11,0.0,0.0,2,2,asynchronous
n010_070.bnet,random_mc,12,0.0,0.0,2,2,asynchronous
n010_070.bnet,random_mc,13,0.0,0.0,2,2,asynchronous
n010_070.bnet,random_mc,14,0.0,0.0,2,2,asynchronous
n010_070.bnet,random_mc,15,0.0,0.0,2,2,asynchronous
n010_070.bnet,random_mc,16,0.0,0.0,2,2,asynchronous
n010_070.bnet,random_mc,17,0.0,0.0,2,2,asynchronous
n010_070.bnet,random_mc,18,0.0,0.0,2,2,asynchronous
n010_070.bnet,random_mc,19,0.0,0.0,2,2,asynchronous
n010_070.bnet,random_mc,20,0.0,0.0,2,2,asynchronous
n010_070.bnet,random_mc,21,0.0,0.0,2,2,asynchronous
n010_070.bnet,random_mc,22,0.0,0.0,2,2,asynchronous
n010_070.bnet,random_mc,23,0.0,0.0,2,2,asynchronous
n010_070.bnet,random_mc,24,0.0,0.0,2,2,asynchronous
n010_070.bnet,random_mc,25,0.0,0.0,2,2,asynchronous
n010_070.bnet,random_mc,26,0.0,0.0,2,2,asynchronous
n010_070.bnet,random_mc,27,0.0,0.0,2,2,asynchronous
n010_070.bnet,random_mc,28,0.0,0.0,2,2,asynchronous
n010_070.bnet,random_mc,29,0.0,0.0,2,2,asynchronous
n010_071.bnet,sd_mc,,0.005707367723516321,8.642923634325471e-05,32,2,asynchronous
n010_071.bnet,null_mc,,0.24429263227648368,0.12462828086047748,32,2,asynchronous
n010_071.bnet,ref,,0.24429263227648368,0.12462828086047748,32,2,asynchronous
n010_071.bnet,random_mc,0,0.31411945288039134,0.20315775796510321,32,2,asynchronous
n010_071.bnet,random_mc,1,0.30102573267579913,0.18678504994546472,32,2,asynchronous
n010_071.bnet,random_mc,2,0.20585284010044438,0.08995578498881918,32,2,asynchronous
n010_071.bnet,random_mc,3,0.2256570196684509,0.10710472520034559,32,2,asynchronous
n010_071.bnet,random_mc,4,0.2649079259969428,0.14563506899384446,32,2,asynchronous
n010_071.bnet,random_mc,5,0.2970312122633787,0.18194915865443742,32,2,asynchronous
n010_071.bnet,random_mc,6,0.23191571761565202,0.11283792336113996,32,2,asynchronous
n010_071.bnet,random_mc,7,0.23227880583763474,0.11317521115808257,32,2,asynchronous
n010_071.bnet,random_mc,8,0.2864470358439307,0.16948501586811945,32,2,asynchronous
n010_071.bnet,random_mc,9,0.25458074282750043,0.1348946736975096,32,2,asynchronous
n010_071.bnet,random_mc,10,0.28684195310442656,0.16994109154922996,32,2,asynchronous
n010_071.bnet,random_mc,11,0.20889982626359885,0.09249713503792809,32,2,asynchronous
n010_071.bnet,random_mc,12,0.27345449863593063,0.15486050298921405,32,2,asynchronous
n010_071.bnet,random_mc,13,0.22932404413146154,0.11044536380289352,32,2,asynchronous
n010_071.bnet,random_mc,14,0.25794833604833267,0.13834864709179026,32,2,asynchronous
n010_071.bnet,random_mc,15,0.255678017226462,0.13601498819166752,32,2,asynchronous
n010_071.bnet,random_mc,16,0.3009808608176351,0.18673031956304367,32,2,asynchronous
n010_071.bnet,random_mc,17,0.2329635138814569,0.11381266891151282,32,2,asynchronous
n010_071.bnet,random_mc,18,0.24422290375286893,0.12456015392585545,32,2,asynchronous
n010_071.bnet,random_mc,19,0.16169163542443757,0.05700198956087499,32,2,asynchronous
n010_071.bnet,random_mc,20,0.23869316868369675,0.11921913321596908,32,2,asynchronous
n010_071.bnet,random_mc,21,0.2991158945197695,0.18446381177857385,32,2,asynchronous
n010_071.bnet,random_mc,22,0.2638843165240224,0.1445507621662097,32,2,asynchronous
n010_071.bnet,random_mc,23,0.3331744061315631,0.22846848645391962,32,2,asynchronous
n010_071.bnet,random_mc,24,0.21410064593530362,0.09691606901546898,32,2,asynchronous
n010_071.bnet,random_mc,25,0.19995043111030272,0.08513226160625242,32,2,asynchronous
n010_071.bnet,random_mc,26,0.2248881619764224,0.10641091084628726,32,2,asynchronous
n010_071.bnet,random_mc,27,0.20043279787296894,0.08552155328122668,32,2,asynchronous
n010_071.bnet,random_mc,28,0.27158520869569763,0.15281631054653594,32,2,asynchronous
n010_071.bnet,random_mc,29,0.2656249676058252,0.14639723858156944,32,2,asynchronous
n010_074.bnet,sd_mc,,0.25880875714470647,0.25395204388449044,1024,3,asynchronous
n010_074.bnet,null_mc,,0.09470788544888231,0.04516038249293839,1024,3,asynchronous
n010_074.bnet,ref,,0.2126476631447466,0.203786083275603,1024,3,asynchronous
n010_074.bnet,random_mc,0,0.0935172843562796,0.04427106587963479,1024,3,asynchronous
n010_074.bnet,random_mc,1,0.09263001790839734,0.044107971529348346,1024,3,asynchronous
n010_074.bnet,random_mc,2,0.09412490219203024,0.04361682456803524,1024,3,asynchronous
n010_074.bnet,random_mc,3,0.09488433278223561,0.0451117624619785,1024,3,asynchronous
n010_074.bnet,random_mc,4,0.09212505552785195,0.04280254846695463,1024,3,asynchronous
n010_074.bnet,random_mc,5,0.09631576063025067,0.04545184962604213,1024,3,asynchronous
n010_074.bnet,random_mc,6,0.09274479282748707,0.043801587150478764,1024,3,asynchronous
n010_074.bnet,random_mc,7,0.09544476273602556,0.04496229143175602,1024,3,asynchronous
n010_074.bnet,random_mc,8,0.09353103715990733,0.043178177989884145,1024,3,asynchronous
n010_074.bnet,random_mc,9,0.09415557818898998,0.04392076283023112,1024,3,asynchronous
n010_074.bnet,random_mc,10,0.09262404460821999,0.044558372027270365,1024,3,asynchronous
n010_074.bnet,random_mc,11,0.09390031039915182,0.044648386361802815,1024,3,asynchronous
n010_074.bnet,random_mc,12,0.09426918097569556,0.043500749772181664,1024,3,asynchronous
n010_074.bnet,random_mc,13,0.09489114638809612,0.04560254096765906,1024,3,asynchronous
n010_074.bnet,random_mc,14,0.09486890409300763,0.04503860204556313,1024,3,asynchronous
n010_074.bnet,random_mc,15,0.09718165934508866,0.04622856199100776,1024,3,asynchronous
n010_074.bnet,random_mc,16,0.09337033274387634,0.04365706822264653,1024,3,asynchronous
n010_074.bnet,random_mc,17,0.09613632125806497,0.04608954307372811,1024,3,asynchronous
n010_074.bnet,random_mc,18,0.09805242596575002,0.04634635416294879,1024,3,asynchronous
n010_074.bnet,random_mc,19,0.09362872881421136,0.045005859746289636,1024,3,asynchronous
n010_074.bnet,random_mc,20,0.0966981919032361,0.04702156344184463,1024,3,asynchronous
n010_074.bnet,random_mc,21,0.09467857039084018,0.044023900599606036,1024,3,asynchronous
n010_074.bnet,random_mc,22,0.09525905869411845,0.04716031048750233,1024,3,asynchronous
n010_074.bnet,random_mc,23,0.09316289101633543,0.043470320223047865,1024,3,asynchronous
n010_074.bnet,random_mc,24,0.09462355362810687,0.04497289999886836,1024,3,asynchronous
n010_074.bnet,random_mc,25,0.09659503985575406,0.0481004796837434,1024,3,asynchronous
n010_074.bnet,random_mc,26,0.09294586334281847,0.04437945810973761,1024,3,asynchronous
n010_074.bnet,random_mc,27,0.09456744652856412,0.04561423228638112,1024,3,asynchronous
n010_074.bnet,random_mc,28,0.09494098498930052,0.045006405669488346,1024,3,asynchronous
n010_074.bnet,random_mc,29,0.09421672236340846,0.045270420912719274,1024,3,asynchronous
n010_076.bnet,sd_mc,,0.003402069087198812,7.007057603976036e-05,16,3,asynchronous
n010_076.bnet,null_mc,,0.08134787552144085,0.027713828917509162,16,3,asynchronous
n010_076.bnet,ref,,0.11907241805196005,0.06062964392965105,16,3,asynchronous
n010_076.bnet,random_mc,0,0.0687064806953985,0.019784841335862065,16,3,asynchronous
n010_076.bnet,random_mc,1,0.052774228409962674,0.01716711726029939,16,3,asynchronous
n010_076.bnet,random_mc,2,0.04466361355753709,0.008178422135233898,16,3,asynchronous
n010_076.bnet,random_mc,3,0.11985144346814154,0.057377668713800505,16,3,asynchronous
n010_076.bnet,random_mc,4,0.05543486117975949,0.012539891737912241,16,3,asynchronous
n010_076.bnet,random_mc,5,0.06485086780531496,0.01708320644736694,16,3,asynchronous
n010_076.bnet,random_mc,6,0.08315762081526865,0.027420370236824088,16,3,asynchronous
n010_076.bnet,random_mc,7,0.10283632431595208,0.04514806260749615,16,3,asynchronous
n010_076.bnet,random_mc,8,0.10061599579223211,0.04280085878431615,16,3,asynchronous
n010_076.bnet,random_mc,9,0.06132580145718729,0.01500929882016232,16,3,asynchronous
n010_076.bnet,random_mc,10,0.07938011083139454,0.025124827625550256,16,3,asynchronous
n010_076.bnet,random_mc,11,0.13962919961495543,0.08454936672746742,16,3,asynchronous
n010_076.bnet,random_mc,12,0.12434873960521785,0.065069263494491,16,3,asynchronous
n010_076.bnet,random_mc,13,0.04038041679700179,0.007006175573984551,16,3,asynchronous
n010_076.bnet,random_mc,14,0.10108949891055288,0.04318684956467607,16,3,asynchronous
n010_076.bnet,random_mc,15,0.14518967684240203,0.08714657831167766,16,3,asynchronous
n010_076.bnet,random_mc,16,0.11234862064200304,0.05256833237845039,16,3,asynchronous
n010_076.bnet,random_mc,17,0.05508574347477335,0.012170683637618668,16,3,asynchronous
n010_076.bnet,random_mc,18,0.023320570381421213,0.003037776738255237,16,3,asynchronous
n010_076.bnet,random_mc,19,0.0614015112384124,0.022428225429224513,16,3,asynchronous
n010_076.bnet,random_mc,20,0.033119379227992414,0.00657697296179623,16,3,asynchronous
n010_076.bnet,random_mc,21,0.1308477416010857,0.0725908286991554,16,3,asynchronous
n010_076.bnet,random_mc,22,0.10135993415670798,0.04137075321301959,16,3,asynchronous
n010_076.bnet,random_mc,23,0.06976351687550054,0.020282157946443717,16,3,asynchronous
n010_076.bnet,random_mc,24,0.06851028276473246,0.01964974483951082,16,3,asynchronous
n010_076.bnet,random_mc,25,0.019396175867511384,0.0015190076731544828,16,3,asynchronous
n010_076.bnet,random_mc,26,0.13871833066656059,0.08012502353704612,16,3,asynchronous
n010_076.bnet,random_mc,27,0.05583966835054543,0.012688688207375481,16,3,asynchronous
n010_076.bnet,random_mc,28,0.09188052486316352,0.03566957005507128,16,3,asynchronous
n010_076.bnet,random_mc,29,0.10432084722638982,0.046164041542467914,16,3,asynchronous
n010_077.bnet,sd_mc,,0.0,0.0,256,2,asynchronous
n010_077.bnet,null_mc,,0.0,0.0,256,2,asynchronous
n010_077.bnet,ref,,0.0,0.0,256,2,asynchronous
n010_077.bnet,random_mc,0,0.012542140494172044,0.0003147095977057042,256,2,asynchronous
n010_077.bnet,random_mc,1,0.0,0.0,256,2,asynchronous
n010_077.bnet,random_mc,2,0.0,0.0,256,2,asynchronous
n010_077.bnet,random_mc,3,0.004947129877409695,4.8950584129320296e-05,256,2,asynchronous
n010_077.bnet,random_mc,4,0.011507228833669142,0.00026490279195889865,256,2,asynchronous
n010_077.bnet,random_mc,5,0.012867320275674193,0.0003312455615493634,256,2,asynchronous
n010_077.bnet,random_mc,6,0.0046305692191746795,4.288618175906766e-05,256,2,asynchronous
n010_077.bnet,random_mc,7,0.004941027342516252,4.882988667925976e-05,256,2,asynchronous
n010_077.bnet,random_mc,8,0.01566678856633308,0.0004911376652097701,256,2,asynchronous
n010_077.bnet,random_mc,9,0.010241120702764256,0.0002098051185286734,256,2,asynchronous
n010_077.bnet,random_mc,10,0.0,0.0,256,2,asynchronous
n010_077.bnet,random_mc,11,0.012405376967999593,0.0003078815270178125,256,2,asynchronous
n010_077.bnet,random_mc,12,0.0010934596023296494,2.3913135222448662e-06,256,2,asynchronous
n010_077.bnet,random_mc,13,0.0007051826518331417,9.945661340484248e-07,256,2,asynchronous
n010_077.bnet,random_mc,14,0.009670971379940912,0.00018709037330578472,256,2,asynchronous
n010_077.bnet,random_mc,15,0.0035325633350397068,2.495863035500371e-05,256,2,asynchronous
n010_077.bnet,random_mc,16,0.000605615823045802,7.33541588251725e-07,256,2,asynchronous
n010_077.bnet,random_mc,17,0.004715086616657371,4.446606077701011e-05,256,2,asynchronous
n010_077.bnet,random_mc,18,0.00740787544232599,0.00010976528467403907,256,2,asynchronous
n010_077.bnet,random_mc,19,0.0,0.0,256,2,asynchronous
n010_077.bnet,random_mc,20,0.013188921666892756,0.00034801639678805167,256,2,asynchronous
n010_077.bnet,random_mc,21,0.00962337770649807,0.00018525311144103156,256,2,asynchronous
n010_077.bnet,random_mc,22,0.0039396541440411825,3.1042713179390766e-05,256,2,asynchronous
n010_077.bnet,random_mc,23,0.013061278044465413,0.00034131043462008216,256,2,asynchronous
n010_077.bnet,random_mc,24,0.0011189636367504863,2.5041655116421133e-06,256,2,asynchronous
n010_077.bnet,random_mc,25,0.015275123220471337,0.0004668766848112942,256,2,asynchronous
n010_077.bnet,random_mc,26,0.0,0.0,256,2,asynchronous
n010_077.bnet,random_mc,27,0.003407667733768216,2.3224938156980995e-05,256,2,asynchronous
n010_077.bnet,random_mc,28,0.002088931767080915,8.727348021214318e-06,256,2,asynchronous
n010_077.bnet,random_mc,29,0.012699464939321059,0.0003226569045777488,256,2,asynchronous
n010_080.bnet,sd_mc,,0.031140263830529247,0.0042588391038739445,512,3,asynchronous
n010_080.bnet,null_mc,,0.08210815568910872,0.03017042559557906,512,3,asynchronous
n010_080.bnet,ref,,0.17562288451697508,0.12896446633512473,512,3,asynchronous
n010_080.bnet,random_mc,0,0.08235599358025851,0.030339482344775875,512,3,asynchronous
n010_080.bnet,random_mc,1,0.08215910684965112,0.030818046548325137,512,3,asynchronous
n010_080.bnet,random_mc,2,0.083603762993918,0.0314121025655309,512,3,asynchronous
n010_080.bnet,random_mc,3,0.07819349681795923,0.02728086325791857,512,3,asynchronous
n010_080.bnet,random_mc,4,0.06585633394629967,0.01899975932399904,512,3,asynchronous
n010_080.bnet,random_mc,5,0.07978173084660115,0.02860664213844928,512,3,asynchronous
n010_080.bnet,random_mc,6,0.07982712706796743,0.02843763416724364,512,3,asynchronous
n010_080.bnet,random_mc,7,0.07951382923561191,0.028460272960498002,512,3,asynchronous
n010_080.bnet,random_mc,8,0.08431733451933038,0.03206191905631273,512,3,asynchronous
n010_080.bnet,random_mc,9,0.07734139085841057,0.026572268526696974,512,3,asynchronous
n010_080.bnet,random_mc,10,0.08164337200923533,0.02981039332171205,512,3,asynchronous
n010_080.bnet,random_mc,11,0.07380379267313081,0.024115969542602485,512,3,asynchronous
n010_080.bnet,random_mc,12,0.08345495270184819,0.03126524104285154,512,3,asynchronous
n010_080.bnet,random_mc,13,0.07848034780939067,0.027608375328874543,512,3,asynchronous
n010_080.bnet,random_mc,14,0.07952191974182984,0.028216316503733962,512,3,asynchronous
n010_080.bnet,random_mc,15,0.08353408277290911,0.03133555324225262,512,3,asynchronous
n010_080.bnet,random_mc,16,0.08048697951113888,0.028936299287816103,512,3,asynchronous
n010_080.bnet,random_mc,17,0.07642154779399435,0.025902611145661385,512,3,asynchronous
n010_080.bnet,random_mc,18,0.08989026750240801,0.03659844931511361,512,3,asynchronous
n010_080.bnet,random_mc,19,0.07894462290301246,0.02778695714226726,512,3,asynchronous
n010_080.bnet,random_mc,20,0.07691567337358886,0.026502194900967814,512,3,asynchronous
n010_080.bnet,random_mc,21,0.08836324718836575,0.035255614225401646,512,3,asynchronous
n010_080.bnet,random_mc,22,0.08788147072069027,0.03483722789437173,512,3,asynchronous
n010_080.bnet,random_mc,23,0.08008586236557684,0.0287897772504326,512,3,asynchronous
n010_080.bnet,random_mc,24,0.09224771831605202,0.03866596665531788,512,3,asynchronous
n010_080.bnet,random_mc,25,0.08158277976688012,0.030601187612067184,512,3,asynchronous
n010_080.bnet,random_mc,26,0.08437213358847416,0.03226582126329665,512,3,asynchronous
n010_080.bnet,random_mc,27,0.08244651989017962,0.030423552428245487,512,3,asynchronous
n010_080.bnet,random_mc,28,0.0801139164515739,0.02864788622810429,512,3,asynchronous
n010_080.bnet,random_mc,29,0.08367094168944644,0.03139283665287698,512,3,asynchronous
n010_083.bnet,sd_mc,,0.016005152755722743,0.0015385682652797085,64,3,asynchronous
n010_083.bnet,null_mc,,0.11893298030244973,0.060430086093471225,64,3,asynchronous
n010_083.bnet,ref,,0.11893298030244975,0.06043008609347139,64,3,asynchronous
n010_083.bnet,random_mc,0,0.11245028573844186,0.05369998662914224,64,3,asynchronous
n010_083.bnet,random_mc,1,0.11676082307945383,0.058111344322346326,64,3,asynchronous
n010_083.bnet,random_mc,2,0.12115737460723569,0.06279806138211275,64,3,asynchronous
n010_083.bnet,random_mc,3,0.11338386951317557,0.05415720456047743,64,3,asynchronous
n010_083.bnet,random_mc,4,0.11278870892991405,0.05356778518744659,64,3,asynchronous
n010_083.bnet,random_mc,5,0.1255681801096118,0.06749519249345168,64,3,asynchronous
n010_083.bnet,random_mc,6,0.1129579207017475,0.05415381875474454,64,3,asynchronous
n010_083.bnet,random_mc,7,0.13213238081157894,0.07387826473562717,64,3,asynchronous
n010_083.bnet,random_mc,8,0.12104293266642843,0.06271306803209092,64,3,asynchronous
n010_083.bnet,random_mc,9,0.1129244745838357,0.05417818128234214,64,3,asynchronous
n010_083.bnet,random_mc,10,0.1187582147325475,0.060229297623256434,64,3,asynchronous
n010_083.bnet,random_mc,11,0.11170104646756858,0.05292182797814762,64,3,asynchronous
n010_083.bnet,random_mc,12,0.10810910325578155,0.04949196562204014,64,3,asynchronous
n010_083.bnet,random_mc,13,0.11791966629381197,0.05934568741416002,64,3,asynchronous
n010_083.bnet,random_mc,14,0.11725732428666595,0.05864034899209941,64,3,asynchronous
n010_083.bnet,random_mc,15,0.12021801204704433,0.061808842853546514,64,3,asynchronous
n010_083.bnet,random_mc,16,0.11946347063150653,0.06083402072888899,64,3,asynchronous
n010_083.bnet,random_mc,17,0.1163892521728046,0.05763058431498683,64,3,asynchronous
n010_083.bnet,random_mc,18,0.1113894846607774,0.0526521862954355,64,3,asynchronous
n010_083.bnet,random_mc,19,0.13445105387108372,0.07813387907888822,64,3,asynchronous
n010_083.bnet,random_mc,20,0.1246363445057362,0.06663142316338985,64,3,asynchronous
n010_083.bnet,random_mc,21,0.12251164424069548,0.06428032921817833,64,3,asynchronous
n010_083.bnet,random_mc,22,0.12500700619115288,0.06714258281757662,64,3,asynchronous
n010_083.bnet,random_mc,23,0.11510300277032809,0.056407041445325656,64,3,asynchronous
n010_083.bnet,random_mc,24,0.12663896070405217,0.06897798300577515,64,3,asynchronous
n010_083.bnet,random_mc,25,0.11877802175857027,0.06026435448512665,64,3,asynchronous
n010_083.bnet,random_mc,26,0.11383116838905204,0.054996218862875645,64,3,asynchronous
n010_083.bnet,random_mc,27,0.10953015116643824,0.050803830732659705,64,3,asynchronous
n010_083.bnet,random_mc,28,0.12511083663127018,0.06725173495064252,64,3,asynchronous
n010_083.bnet,random_mc,29,0.11645598021945613,0.05781218549643938,64,3,asynchronous
n010_085.bnet,sd_mc,,0.07235959599532892,0.04347383293494341,128,4,asynchronous
n010_085.bnet,null_mc,,0.12444226969119351,0.13039246246483985,128,4,asynchronous
n010_085.bnet,ref,,0.12444226969119351,0.13039246246483985,128,4,asynchronous
n010_085.bnet,random_mc,0,0.11127703296057927,0.10553780232716373,128,4,asynchronous
n010_085.bnet,random_mc,1,0.13117496147925709,0.14335657612102604,128,4,asynchronous
n010_085.bnet,random_mc,2,0.12596775069421914,0.13366482612152675,128,4,asynchronous
n010_085.bnet,random_mc,3,0.12114756760358499,0.123322058358002,128,4,asynchronous
n010_085.bnet,random_mc,4,0.11861503550270396,0.11941044738060211,128,4,asynchronous
n010_085.bnet,random_mc,5,0.13089035959096462,0.14361658018851017,128,4,asynchronous
n010_085.bnet,random_mc,6,0.12374535380706254,0.12921134779490942,128,4,asynchronous
n010_085.bnet,random_mc,7,0.12601712106269208,0.1334764119843582,128,4,asynchronous
n010_085.bnet,random_mc,8,0.11889227943267208,0.11954739106883554,128,4,asynchronous
n010_085.bnet,random_mc,9,0.1383714733610092,0.15971042445749692,128,4,asynchronous
n010_085.bnet,random_mc,10,0.12235514713087497,0.12625368566500467,128,4,asynchronous
n010_085.bnet,random_mc,11,0.13279346149155483,0.14736054582183866,128,4,asynchronous
n010_085.bnet,random_mc,12,0.1244995194263158,0.13043458980917355,128,4,asynchronous
n010_085.bnet,random_mc,13,0.11986848596664497,0.12150459296714873,128,4,asynchronous
n010_085.bnet,random_mc,14,0.1203768458601912,0.12237623473439452,128,4,asynchronous
n010_085.bnet,random_mc,15,0.12431434267117168,0.13050536903621013,128,4,asynchronous
n010_085.bnet,random_mc,16,0.13296487481398964,0.14782736612862235,128,4,asynchronous
n010_085.bnet,random_mc,17,0.12070333443255356,0.12321426263645618,128,4,asynchronous
n010_085.bnet,random_mc,18,0.11117638635937034,0.10486004052948462,128,4,asynchronous
n010_085.bnet,random_mc,19,0.12550337667272107,0.1319418762588413,128,4,asynchronous
n010_085.bnet,random_mc,20,0.10780489889381192,0.09943936357186377,128,4,asynchronous
n010_085.bnet,random_mc,21,0.11617286370644467,0.1143525511833882,128,4,asynchronous
n010_085.bnet,random_mc,22,0.13500833715508984,0.1533475059363401,128,4,asynchronous
n010_085.bnet,random_mc,23,0.12365647689769746,0.12898100645991098,128,4,asynchronous
n010_085.bnet,random_mc,24,0.13712835507995214,0.15772990458399572,128,4,asynchronous
n010_085.bnet,random_mc,25,0.12643965989569045,0.13422469467048087,128,4,asynchronous
n010_085.bnet,random_mc,26,0.1228330924983165,0.1272068922276539,128,4,asynchronous
n010_085.bnet,random_mc,27,0.12212473716167617,0.1256804081344735,128,4,asynchronous
n010_085.bnet,random_mc,28,0.1215783456772437,0.12459622355140024,128,4,asynchronous
n010_085.bnet,random_mc,29,0.12634440671897373,0.13418851425992548,128,4,asynchronous
n010_091.bnet,sd_mc,,0.07819001105600298,0.012488395027098226,1024,2,asynchronous
n010_091.bnet,null_mc,,0.12179733963683306,0.02996979837974456,1024,2,asynchronous
n010_091.bnet,ref,,0.12179733963683306,0.02996979837974456,1024,2,asynchronous
n010_091.bnet,random_mc,0,0.10300983037475978,0.021518852284491408,1024,2,asynchronous
n010_091.bnet,random_mc,1,0.15159044686790824,0.04628031581674588,1024,2,asynchronous
n010_091.bnet,random_mc,2,0.1370791694173743,0.03788454972258755,1024,2,asynchronous
n010_091.bnet,random_mc,3,0.1215822544336094,0.029865103674387314,1024,2,asynchronous
n010_091.bnet,random_mc,4,0.15289013863915546,0.04707472321514025,1024,2,asynchronous
n010_091.bnet,random_mc,5,0.1297474671159284,0.03396976737849361,1024,2,asynchronous
n010_091.bnet,random_mc,6,0.1297302105870276,0.03396080975066636,1024,2,asynchronous
n010_091.bnet,random_mc,7,0.09363626286785659,0.01782410006656583,1024,2,asynchronous
n010_091.bnet,random_mc,8,0.06114326207417714,0.007686043396974367,1024,2,asynchronous
n010_091.bnet,random_mc,9,0.14654780197211104,0.043264497897124776,1024,2,asynchronous
n010_091.bnet,random_mc,10,0.11391783134133923,0.026254856678396415,1024,2,asynchronous
n010_091.bnet,random_mc,11,0.13501987584636344,0.03676297289073982,1024,2,asynchronous
n010_091.bnet,random_mc,12,0.08109481891808362,0.013420403457729949,1024,2,asynchronous
n010_091.bnet,random_mc,13,0.13382030580674364,0.036117575933205234,1024,2,asynchronous
n010_091.bnet,random_mc,14,0.14033914624044436,0.039695383953621946,1024,2,asynchronous
n010_091.bnet,random_mc,15,0.1645523284866492,0.0545199765105048,1024,2,asynchronous
n010_091.bnet,random_mc,16,0.12181160533636032,0.02997674888376875,1024,2,asynchronous
n010_091.bnet,random_mc,17,0.11025717996114215,0.024612978284029877,1024,2,asynchronous
n010_091.bnet,random_mc,18,0.11971361477275161,0.028963307816763692,1024,2,asynchronous
n010_091.bnet,random_mc,19,0.13234769864118093,0.03533325379246792,1024,2,asynchronous
n010_091.bnet,random_mc,20,0.10410207414529765,0.02197188876549068,1024,2,asynchronous
n010_091.bnet,random_mc,21,0.07932126174508702,0.012847425028210194,1024,2,asynchronous
n010_091.bnet,random_mc,22,0.09382240819862325,0.017894109797826768,1024,2,asynchronous
n010_091.bnet,random_mc,23,0.10751630766792084,0.02341840089186857,1024,2,asynchronous
n010_091.bnet,random_mc,24,0.09557432811311944,0.018559680985374624,1024,2,asynchronous
n010_091.bnet,random_mc,25,0.12148156264193638,0.02981615459796362,1024,2,asynchronous
n010_091.bnet,random_mc,26,0.10725734202094653,0.02330707041889843,1024,2,asynchronous
n010_091.bnet,random_mc,27,0.14811445684137356,0.044190181137177015,1024,2,asynchronous
n010_091.bnet,random_mc,28,0.12078567889865427,0.02947897428015446,1024,2,asynchronous
n010_091.bnet,random_mc,29,0.10851699995957212,0.023851095418652046,1024,2,asynchronous
n010_094.bnet,sd_mc,,0.3447517878907054,0.27031498311716595,1024,2,asynchronous
n010_094.bnet,null_mc,,0.22342618305198347,0.1028120987844964,1024,2,asynchronous
n010_094.bnet,ref,,0.08334805805199297,0.013958869473466348,1024,2,asynchronous
n010_094.bnet,random_mc,0,0.21837113514768786,0.0979796572435101,1024,2,asynchronous
n010_094.bnet,random_mc,1,0.22844953108649055,0.10775397550065466,1024,2,asynchronous
n010_094.bnet,random_mc,2,0.22354004660232235,0.1029225621546834,1024,2,asynchronous
n010_094.bnet,random_mc,3,0.2217058575679484,0.10115183609911549,1024,2,asynchronous
n010_094.bnet,random_mc,4,0.21878121089549565,0.09836648346119115,1024,2,asynchronous
n010_094.bnet,random_mc,5,0.2313676920415133,0.11068989290116785,1024,2,asynchronous
n010_094.bnet,random_mc,6,0.23044127838205275,0.10975261048962362,1024,2,asynchronous
n010_094.bnet,random_mc,7,0.22548573129041666,0.10482123699867457,1024,2,asynchronous
n010_094.bnet,random_mc,8,0.22157632924862966,0.10102748831677949,1024,2,asynchronous
n010_094.bnet,random_mc,9,0.22170177943910027,0.10114791967439826,1024,2,asynchronous
n010_094.bnet,random_mc,10,0.22378277446736314,0.10315828075044461,1024,2,asynchronous
n010_094.bnet,random_mc,11,0.22531924198161093,0.10465794826347583,1024,2,asynchronous
n010_094.bnet,random_mc,12,0.21942995145375385,0.09898030561695695,1024,2,asynchronous
n010_094.bnet,random_mc,13,0.22566230917334654,0.1049945889432087,1024,2,asynchronous
n010_094.bnet,random_mc,14,0.2188878299375062,0.09846720692365296,1024,2,asynchronous
n010_094.bnet,random_mc,15,0.21774398125833033,0.0973898201992428,1024,2,asynchronous
n010_094.bnet,random_mc,16,0.22290450747573773,0.1023069160079556,1024,2,asynchronous
n010_094.bnet,random_mc,17,0.2280230139267386,0.1073288944708169,1024,2,asynchronous
n010_094.bnet,random_mc,18,0.23929902913695422,0.11891651589340099,1024,2,asynchronous
n010_094.bnet,random_mc,19,0.2161380566398638,0.09588912082913162,1024,2,asynchronous
n010_094.bnet,random_mc,20,0.21464372768474585,0.09450513817289644,1024,2,asynchronous
n010_094.bnet,random_mc,21,0.21637149406961229,0.096106400991949,1024,2,asynchronous
n010_094.bnet,random_mc,22,0.22044970320655924,0.09994979482489605,1024,2,asynchronous
n010_094.bnet,random_mc,23,0.2248642463542374,0.10421248548987005,1024,2,asynchronous
n010_094.bnet,random_mc,24,0.2305466214997064,0.10985894355297607,1024,2,asynchronous
n010_094.bnet,random_mc,25,0.22633562316932215,0.10565719663526357,1024,2,asynchronous
n010_094.bnet,random_mc,26,0.2278474600157713,0.10715422892821866,1024,2,asynchronous
n010_094.bnet,random_mc,27,0.2213682028013524,0.10082787850478489,1024,2,asynchronous
n010_094.bnet,random_mc,28,0.2271838585373731,0.10649554896165941,1024,2,asynchronous
n010_094.bnet,random_mc,29,0.22495284873105015,0.10429914133271992,1024,2,asynchronous
n010_097.bnet,sd_mc,,0.0,0.0,8,2,asynchronous
n010_097.bnet,null_mc,,0.0,0.0,8,2,asynchronous
n010_097.bnet,ref,,0.0,0.0,8,2,asynchronous
n010_097.bnet,random_mc,0,0.0,0.0,8,2,asynchronous
n010_097.bnet,random_mc,1,0.0,0.0,8,2,asynchronous
n010_097.bnet,random_mc,2,0.0,0.0,8,2,asynchronous
n010_097.bnet,random_mc,3,0.0,0.0,8,2,asynchronous
n010_097.bnet,random_mc,4,0.0,0.0,8,2,asynchronous
n010_097.bnet,random_mc,5,0.0,0.0,8,2,asynchronous
n010_097.bnet,random_mc,6,0.0,0.0,8,2,asynchronous
n010_097.bnet,random_mc,7,0.0,0.0,8,2,asynchronous
n010_097.bnet,random_mc,8,0.0,0.0,8,2,asynchronous
n010_097.bnet,random_mc,9,0.0,0.0,8,2,asynchronous
n010_097.bnet,random_mc,10,0.0,0.0,8,2,asynchronous
n010_097.bnet,random_mc,11,0.0,0.0,8,2,asynchronous
n010_097.bnet,random_mc,12,0.0,0.0,8,2,asynchronous
n010_097.bnet,random_mc,13,0.0,0.0,8,2,asynchronous
n010_097.bnet,random_mc,14,0.0,0.0,8,2,asynchronous
n010_097.bnet,random_mc,15,0.0,0.0,8,2,asynchronous
n010_097.bnet,random_mc,16,0.0,0.0,8,2,asynchronous
n010_097.bnet,random_mc,17,0.0,0.0,8,2,asynchronous
n010_097.bnet,random_mc,18,0.0,0.0,8,2,asynchronous
n010_097.bnet,random_mc,19,0.0,0.0,8,2,asynchronous
n010_097.bnet,random_mc,20,0.0,0.0,8,2,asynchronous
n010_097.bnet,random_mc,21,0.0,0.0,8,2,asynchronous
n010_097.bnet,random_mc,22,0.0,0.0,8,2,asynchronous
n010_097.bnet,random_mc,23,0.0,0.0,8,2,asynchronous
n010_097.bnet,random_mc,24,0.0,0.0,8,2,asynchronous
n010_097.bnet,random_mc,25,0.0,0.0,8,2,asynchronous
n010_097.bnet,random_mc,26,0.0,0.0,8,2,asynchronous
n010_097.bnet,random_mc,27,0.0,0.0,8,2,asynchronous
n010_097.bnet,random_mc,28,0.0,0.0,8,2,asynchronous
n010_097.bnet,random_mc,29,0.0,0.0,8,2,asynchronous
n010_098.bnet,sd_mc,,0.04982004429678849,0.0064981774932339545,32,2,asynchronous
n010_098.bnet,null_mc,,0.08891621943947536,0.017420577616164293,32,2,asynchronous
n010_098.bnet,ref,,0.20910852713178296,0.0901992160934656,32,2,asynchronous
n010_098.bnet,random_mc,0,0.11339747763218866,0.027808646451744523,32,2,asynchronous
n010_098.bnet,random_mc,1,0.049190573463829185,0.005532080613631439,32,2,asynchronous
n010_098.bnet,random_mc,2,0.10248269194247342,0.02289504848819962,32,2,asynchronous
n010_098.bnet,random_mc,3,0.10202775456746827,0.02270006459419402,32,2,asynchronous
n010_098.bnet,random_mc,4,0.06950674798042991,0.010827423296647834,32,2,asynchronous
n010_098.bnet,random_mc,5,0.0795720298824194,0.014062549702077654,32,2,asynchronous
n010_098.bnet,random_mc,6,0.11647684988112922,0.029276448746360553,32,2,asynchronous
n010_098.bnet,random_mc,7,0.07333601160383257,0.012011135956801922,32,2,asynchronous
n010_098.bnet,random_mc,8,0.07250598930345342,0.011749631325694232,32,2,asynchronous
n010_098.bnet,random_mc,9,0.08151953173820495,0.01473442002198562,32,2,asynchronous
n010_098.bnet,random_mc,10,0.08565832982716468,0.01621131088585033,32,2,asynchronous
n010_098.bnet,random_mc,11,0.10306312873771264,0.02314496464983519,32,2,asynchronous
n010_098.bnet,random_mc,12,0.1292284283649731,0.035734813371869525,32,2,asynchronous
n010_098.bnet,random_mc,13,0.09067365318220325,0.018089925897985346,32,2,asynchronous
n010_098.bnet,random_mc,14,0.14010386341062442,0.04172582225476215,32,2,asynchronous
n010_098.bnet,random_mc,15,0.09640294642403097,0.020354516233543368,32,2,asynchronous
n010_098.bnet,random_mc,16,0.1000080940560103,0.021843969002294378,32,2,asynchronous
n010_098.bnet,random_mc,17,0.07806172426369526,0.013551712480340775,32,2,asynchronous
n010_098.bnet,random_mc,18,0.10556173468902261,0.02423540736136366,32,2,asynchronous
n010_098.bnet,random_mc,19,0.01358171256613222,0.00045572250077172485,32,2,asynchronous
n010_098.bnet,random_mc,20,0.08738886671663357,0.01684854184000499,32,2,asynchronous
n010_098.bnet,random_mc,21,0.053958608282443365,0.006624080109305867,32,2,asynchronous
n010_098.bnet,random_mc,22,0.1198115023440536,0.030906269268754866,32,2,asynchronous
n010_098.bnet,random_mc,23,0.10067144934757133,0.022123437818861655,32,2,asynchronous
n010_098.bnet,random_mc,24,0.09401216738874224,0.019394203239384122,32,2,asynchronous
n010_098.bnet,random_mc,25,0.10052180201343244,0.022060245432777875,32,2,asynchronous
n010_098.bnet,random_mc,26,0.08047222123747402,0.01437126746871531,32,2,asynchronous
n010_098.bnet,random_mc,27,0.08324664990758365,0.015342630062410823,32,2,asynchronous
n010_098.bnet,random_mc,28,0.030982529897446126,0.002238659552151776,32,2,asynchronous
n010_098.bnet,random_mc,29,0.08649939121819175,0.016519564467532805,32,2,asynchronous
n010_099.bnet,sd_mc,,0.04703401473839958,0.004856052152907991,1024,2,asynchronous
n010_099.bnet,null_mc,,0.5977036575955404,1.099593643617912,1024,2,asynchronous
n010_099.bnet,ref,,0.17984651473839958,0.06616208425146722,1024,2,asynchronous
n010_099.bnet,random_mc,0,0.5979953992501482,1.1019107651508127,1024,2,asynchronous
n010_099.bnet,random_mc,1,0.5970028270836427,1.0940624461404789,1024,2,asynchronous
n010_099.bnet,random_mc,2,0.5966233084038367,1.0910875917871816,1024,2,asynchronous
n010_099.bnet,random_mc,3,0.5970891377039176,1.094740985642996,1024,2,asynchronous
n010_099.bnet,random_mc,4,0.5976485015956516,1.0991565433990191,1024,2,asynchronous
n010_099.bnet,random_mc,5,0.5972657143670109,1.0961314750410116,1024,2,asynchronous
n010_099.bnet,random_mc,6,0.5978871414266709,1.1010499326212855,1024,2,asynchronous
n010_099.bnet,random_mc,7,0.5976276273680671,1.0989911995089425,1024,2,asynchronous
n010_099.bnet,random_mc,8,0.5982269220550183,1.103755772805457,1024,2,asynchronous
n010_099.bnet,random_mc,9,0.597905147310311,1.1011930271779595,1024,2,asynchronous
n010_099.bnet,random_mc,10,0.5976044061581447,1.0988073169520272,1024,2,asynchronous
n010_099.bnet,random_mc,11,0.5972497507110555,1.0960056378447334,1024,2,asynchronous
n010_099.bnet,random_mc,12,0.5977481065262891,1.0999461163270505,1024,2,asynchronous
n010_099.bnet,random_mc,13,0.5977128220301358,1.0996662997178355,1024,2,asynchronous
n010_099.bnet,random_mc,14,0.5970678528374808,1.0945735836555852,1024,2,asynchronous
n010_099.bnet,random_mc,15,0.5977974081154298,1.1003373038083721,1024,2,asynchronous
n010_099.bnet,random_mc,16,0.597952912351305,1.1015727804117053,1024,2,asynchronous
n010_099.bnet,random_mc,17,0.5972188749982985,1.095762325249312,1024,2,asynchronous
n010_099.bnet,random_mc,18,0.597579325601311,1.0986087718355573,1024,2,asynchronous
n010_099.bnet,random_mc,19,0.5969978712961479,1.0940235082282055,1024,2,asynchronous
n010_099.bnet,random_mc,20,0.5972990016445755,1.0963939517169923,1024,2,asynchronous
n010_099.bnet,random_mc,21,0.5988703930647479,1.1089125335663832,1024,2,asynchronous
n010_099.bnet,random_mc,22,0.597680318934332,1.0994086518895991,1024,2,asynchronous
n010_099.bnet,random_mc,23,0.5977347360711454,1.099840069791608,1024,2,asynchronous
n010_099.bnet,random_mc,24,0.597259373926706,1.0960814920070194,1024,2,asynchronous
n010_099.bnet,random_mc,25,0.5976950031836143,1.099525038801659,1024,2,asynchronous
n010_099.bnet,random_mc,26,0.5979856133932683,1.1018329020329836,1024,2,asynchronous
n010_099.bnet,random_mc,27,0.5973906418543828,1.0971171261978077,1024,2,asynchronous
n010_099.bnet,random_mc,28,0.5965485986238781,1.090503655771656,1024,2,asynchronous
n010_099.bnet,random_mc,29,0.5975468787593768,1.0983520071243469,1024,2,asynchronous
