model,method,run,rmsd,TP,FP,TN,FN,n_states,n_attractors,update_scheme
n010_000.bnet,sd_mc,,0.043221955751924966,96,0,0,0,1024,2,asynchronous
n010_000.bnet,ref,0,0.14507300680997592,96,0,0,0,1024,2,asynchronous
n010_000.bnet,ref,1,0.18435549135404383,96,0,0,0,1024,2,asynchronous
n010_000.bnet,ref,2,0.2090798828019611,96,0,0,0,1024,2,asynchronous
n010_000.bnet,ref,3,0.20987990173389268,96,0,0,0,1024,2,asynchronous
n010_000.bnet,ref,4,0.17482403988548503,96,0,0,0,1024,2,asynchronous
n010_000.bnet,ref,5,0.2167776779768199,96,0,0,0,1024,2,asynchronous
n010_000.bnet,ref,6,0.18518206570755083,96,0,0,0,1024,2,asynchronous
n010_000.bnet,ref,7,0.24637755032827263,96,0,0,0,1024,2,asynchronous
n010_000.bnet,ref,8,0.19412571647377774,96,0,0,0,1024,2,asynchronous
n010_000.bnet,ref,9,0.17131648378074477,96,0,0,0,1024,2,asynchronous
n010_000.bnet,ref,10,0.14559029712567803,96,0,0,0,1024,2,asynchronous
n010_000.bnet,ref,11,0.2327856324510929,96,0,0,0,1024,2,asynchronous
n010_000.bnet,ref,12,0.20684132590261117,96,0,0,0,1024,2,asynchronous
n010_000.bnet,ref,13,0.16525023942562606,96,0,0,0,1024,2,asynchronous
n010_000.bnet,ref,14,0.13371165731524484,96,0,0,0,1024,2,asynchronous
n010_000.bnet,ref,15,0.18297209189093105,96,0,0,0,1024,2,asynchronous
n010_000.bnet,ref,16,0.17306801448413264,96,0,0,0,1024,2,asynchronous
n010_000.bnet,ref,17,0.19595676232162537,96,0,0,0,1024,2,asynchronous
n010_000.bnet,ref,18,0.1608401996086148,96,0,0,0,1024,2,asynchronous
n010_000.bnet,ref,19,0.14623172290634276,96,0,0,0,1024,2,asynchronous
n010_000.bnet,ref,20,0.16498339080548616,96,0,0,0,1024,2,asynchronous
n010_000.bnet,ref,21,0.17823882511731579,96,0,0,0,1024,2,asynchronous
n010_000.bnet,ref,22,0.1930832401943835,96,0,0,0,1024,2,asynchronous
n010_000.bnet,ref,23,0.19395524786153828,96,0,0,0,1024,2,asynchronous
n010_000.bnet,ref,24,0.11362298740486895,96,0,0,0,1024,2,asynchronous
n010_000.bnet,ref,25,0.11343846876480802,96,0,0,0,1024,2,asynchronous
n010_000.bnet,ref,26,0.18661256833481069,96,0,0,0,1024,2,asynchronous
n010_000.bnet,ref,27,0.22089638328613861,96,0,0,0,1024,2,asynchronous
n010_000.bnet,ref,28,0.21170581768253274,96,0,0,0,1024,2,asynchronous
n010_000.bnet,ref,29,0.1514074795390915,96,0,0,0,1024,2,asynchronous
n010_001.bnet,sd_mc,,0.06349309116483458,16,0,0,0,64,5,asynchronous
n010_001.bnet,ref,0,0.08041409241990895,16,0,0,0,64,5,asynchronous
n010_001.bnet,ref,1,0.11306944047371935,16,0,0,0,64,5,asynchronous
n010_001.bnet,ref,2,0.12045435993108383,16,0,0,0,64,5,asynchronous
n010_001.bnet,ref,3,0.09525188870602298,16,0,0,0,64,5,asynchronous
n010_001.bnet,ref,4,0.11659960558152287,16,0,0,0,64,5,asynchronous
n010_001.bnet,ref,5,0.08995744420553008,16,0,0,0,64,5,asynchronous
n010_001.bnet,ref,6,0.08078224877898266,16,0,0,0,64,5,asynchronous
n010_001.bnet,ref,7,0.15200694772059992,16,0,0,0,64,5,asynchronous
n010_001.bnet,ref,8,0.06142031760390388,16,0,0,0,64,5,asynchronous
n010_001.bnet,ref,9,0.05858840446593815,16,0,0,0,64,5,asynchronous
n010_001.bnet,ref,10,0.10634624694754488,16,0,0,0,64,5,asynchronous
n010_001.bnet,ref,11,0.09302463661956074,16,0,0,0,64,5,asynchronous
n010_001.bnet,ref,12,0.09728229763890672,16,0,0,0,64,5,asynchronous
n010_001.bnet,ref,13,0.07616790670203831,16,0,0,0,64,5,asynchronous
n010_001.bnet,ref,14,0.07271668144974984,16,0,0,0,64,5,asynchronous
n010_001.bnet,ref,15,0.13869977211811677,16,0,0,0,64,5,asynchronous
n010_001.bnet,ref,16,0.08852939971532485,16,0,0,0,64,5,asynchronous
n010_001.bnet,ref,17,0.11135081595875496,16,0,0,0,64,5,asynchronous
n010_001.bnet,ref,18,0.06976635532772674,16,0,0,0,64,5,asynchronous
n010_001.bnet,ref,19,0.07315103007540907,16,0,0,0,64,5,asynchronous
n010_001.bnet,ref,20,0.08068422138980606,16,0,0,0,64,5,asynchronous
n010_001.bnet,ref,21,0.07608700756869807,16,0,0,0,64,5,asynchronous
n010_001.bnet,ref,22,0.10294969854632567,16,0,0,0,64,5,asynchronous
n010_001.bnet,ref,23,0.10726676457519606,16,0,0,0,64,5,asynchronous
n010_001.bnet,ref,24,0.0648838886281195,16,0,0,0,64,5,asynchronous
n010_001.bnet,ref,25,0.1092481625283484,16,0,0,0,64,5,asynchronous
n010_001.bnet,ref,26,0.09404665628835288,16,0,0,0,64,5,asynchronous
n010_001.bnet,ref,27,0.0909470619992571,16,0,0,0,64,5,asynchronous
n010_001.bnet,ref,28,0.13377235513268493,16,0,0,0,64,5,asynchronous
n010_001.bnet,ref,29,0.11434418369762635,16,0,0,0,64,5,asynchronous
n010_002.bnet,sd_mc,,0.14987311427583924,8,0,0,0,128,1,asynchronous
n010_002.bnet,ref,0,0.16283277294938706,8,0,0,0,128,1,asynchronous
n010_002.bnet,ref,1,0.30363773776662867,8,0,0,0,128,1,asynchronous
n010_002.bnet,ref,2,0.2601037563928827,8,0,0,0,128,1,asynchronous
n010_002.bnet,ref,3,0.38136123073886025,8,0,0,0,128,1,asynchronous
n010_002.bnet,ref,4,0.19832917514145912,8,0,0,0,128,1,asynchronous
n010_002.bnet,ref,5,0.25055496933304316,8,0,0,0,128,1,asynchronous
n010_002.bnet,ref,6,0.30771455994006575,8,0,0,0,128,1,asynchronous
n010_002.bnet,ref,7,0.04662232136387624,8,0,0,0,128,1,asynchronous
n010_002.bnet,ref,8,0.4213674823119716,8,0,0,0,128,1,asynchronous
n010_002.bnet,ref,9,0.4504032559579424,8,0,0,0,128,1,asynchronous
n010_002.bnet,ref,10,0.10735911781958794,8,0,0,0,128,1,asynchronous
n010_002.bnet,ref,11,0.18115454869773226,8,0,0,0,128,1,asynchronous
n010_002.bnet,ref,12,0.29656812596765353,8,0,0,0,128,1,asynchronous
n010_002.bnet,ref,13,0.30098506659455604,8,0,0,0,128,1,asynchronous
n010_002.bnet,ref,14,0.35232665138769403,8,0,0,0,128,1,asynchronous
n010_002.bnet,ref,15,0.18923173287944006,8,0,0,0,128,1,asynchronous
n010_002.bnet,ref,16,0.2550749438898199,8,0,0,0,128,1,asynchronous
n010_002.bnet,ref,17,0.17690830650241543,8,0,0,0,128,1,asynchronous
n010_002.bnet,ref,18,0.28155019122082675,8,0,0,0,128,1,asynchronous
n010_002.bnet,ref,19,0.2592825988545312,8,0,0,0,128,1,asynchronous
n010_002.bnet,ref,20,0.2547061598263637,8,0,0,0,128,1,asynchronous
n010_002.bnet,ref,21,0.34126682715652096,8,0,0,0,128,1,asynchronous
n010_002.bnet,ref,22,0.47570850936374154,8,0,0,0,128,1,asynchronous
n010_002.bnet,ref,23,0.11135469145960654,8,0,0,0,128,1,asynchronous
n010_002.bnet,ref,24,0.40032924148638016,8,0,0,0,128,1,asynchronous
n010_002.bnet,ref,25,0.2274556395632959,8,0,0,0,128,1,asynchronous
n010_002.bnet,ref,26,0.3856310445324933,8,0,0,0,128,1,asynchronous
n010_002.bnet,ref,27,0.25765373144295073,8,0,0,0,128,1,asynchronous
n010_002.bnet,ref,28,0.21102928762196096,8,0,0,0,128,1,asynchronous
n010_002.bnet,ref,29,0.08057069357762728,8,0,0,0,128,1,asynchronous
n010_003.bnet,sd_mc,,0.0011266680148159791,1,0,0,0,1024,1,asynchronous
n010_003.bnet,ref,0,0.47023941141798353,1,0,0,0,1024,1,asynchronous
n010_003.bnet,ref,1,0.8603651313816825,1,0,0,0,1024,1,asynchronous
n010_003.bnet,ref,2,0.495065118452954,1,0,0,0,1024,1,asynchronous
n010_003.bnet,ref,3,0.6929932416372119,1,0,0,0,1024,1,asynchronous
n010_003.bnet,ref,4,0.30135290231081147,1,0,0,0,1024,1,asynchronous
n010_003.bnet,ref,5,0.5407780790959946,1,0,0,0,1024,1,asynchronous
n010_003.bnet,ref,6,0.5060776156285878,1,0,0,0,1024,1,asynchronous
n010_003.bnet,ref,7,0.31501041929296514,1,0,0,0,1024,1,asynchronous
n010_003.bnet,ref,8,0.8065512096960568,1,0,0,0,1024,1,asynchronous
n010_003.bnet,ref,9,0.4435953088147979,1,0,0,0,1024,1,asynchronous
n010_003.bnet,ref,10,0.4259844239398779,1,0,0,0,1024,1,asynchronous
n010_003.bnet,ref,11,0.5502721528236192,1,0,0,0,1024,1,asynchronous
n010_003.bnet,ref,12,0.578004361146437,1,0,0,0,1024,1,asynchronous
n010_003.bnet,ref,13,0.7229244476318107,1,0,0,0,1024,1,asynchronous
n010_003.bnet,ref,14,0.8652378608069715,1,0,0,0,1024,1,asynchronous
n010_003.bnet,ref,15,0.009150740000203106,1,0,0,0,1024,1,asynchronous
n010_003.bnet,ref,16,0.5678602069772252,1,0,0,0,1024,1,asynchronous
n010_003.bnet,ref,17,0.604359836801087,1,0,0,0,1024,1,asynchronous
n010_003.bnet,ref,18,0.7821191361176032,1,0,0,0,1024,1,asynchronous
n010_003.bnet,ref,19,0.534081836639628,1,0,0,0,1024,1,asynchronous
n010_003.bnet,ref,20,0.42831333559130613,1,0,0,0,1024,1,asynchronous
n010_003.bnet,ref,21,0.8042330375791155,1,0,0,0,1024,1,asynchronous
n010_003.bnet,ref,22,0.12499340629893907,1,0,0,0,1024,1,asynchronous
n010_003.bnet,ref,23,0.5035563917213701,1,0,0,0,1024,1,asynchronous
n010_003.bnet,ref,24,0.5382787390386585,1,0,0,0,1024,1,asynchronous
n010_003.bnet,ref,25,0.7080836447409318,1,0,0,0,1024,1,asynchronous
n010_003.bnet,ref,26,0.21063437988677258,1,0,0,0,1024,1,asynchronous
n010_003.bnet,ref,27,0.5168046920037307,1,0,0,0,1024,1,asynchronous
n010_003.bnet,ref,28,0.533919169878938,1,0,0,0,1024,1,asynchronous
n010_003.bnet,ref,29,0.38407816621761937,1,0,0,0,1024,1,asynchronous
n010_004.bnet,sd_mc,,0.05869468540215438,517,0,0,0,512,4,asynchronous
n010_004.bnet,ref,0,0.08153112020770462,517,0,0,0,512,4,asynchronous
n010_004.bnet,ref,1,0.08054822642201356,517,0,0,0,512,4,asynchronous
n010_004.bnet,ref,2,0.08534681547181164,517,0,0,0,512,4,asynchronous
n010_004.bnet,ref,3,0.07367619228892996,517,0,0,0,512,4,asynchronous
n010_004.bnet,ref,4,0.08441264751035793,517,0,0,0,512,4,asynchronous
n010_004.bnet,ref,5,0.097667544155626,517,0,0,0,512,4,asynchronous
n010_004.bnet,ref,6,0.09397080378500178,517,0,0,0,512,4,asynchronous
n010_004.bnet,ref,7,0.07936127588283963,517,0,0,0,512,4,asynchronous
n010_004.bnet,ref,8,0.07613956545906617,517,0,0,0,512,4,asynchronous
n010_004.bnet,ref,9,0.11420794687075791,517,0,0,0,512,4,asynchronous
n010_004.bnet,ref,10,0.0752434019967885,517,0,0,0,512,4,asynchronous
n010_004.bnet,ref,11,0.08603098800131988,517,0,0,0,512,4,asynchronous
n010_004.bnet,ref,12,0.06956445237780289,517,0,0,0,512,4,asynchronous
n010_004.bnet,ref,13,0.08721608748720625,517,0,0,0,512,4,asynchronous
n010_004.bnet,ref,14,0.08163621121532247,517,0,0,0,512,4,asynchronous
n010_004.bnet,ref,15,0.0846041458293029,517,0,0,0,512,4,asynchronous
n010_004.bnet,ref,16,0.08147134790779645,517,0,0,0,512,4,asynchronous
n010_004.bnet,ref,17,0.1009422034586373,517,0,0,0,512,4,asynchronous
n010_004.bnet,ref,18,0.08569737825118577,517,0,0,0,512,4,asynchronous
n010_004.bnet,ref,19,0.09298874700687865,517,0,0,0,512,4,asynchronous
n010_004.bnet,ref,20,0.11054439381755676,517,0,0,0,512,4,asynchronous
n010_004.bnet,ref,21,0.06816008326772964,517,0,0,0,512,4,asynchronous
n010_004.bnet,ref,22,0.07859802965991194,517,0,0,0,512,4,asynchronous
n010_004.bnet,ref,23,0.07550783757975965,517,0,0,0,512,4,asynchronous
n010_004.bnet,ref,24,0.07413523422181713,517,0,0,0,512,4,asynchronous
n010_004.bnet,ref,25,0.08493343735123787,517,0,0,0,512,4,asynchronous
n010_004.bnet,ref,26,0.08885389851409475,517,0,0,0,512,4,asynchronous
n010_004.bnet,ref,27,0.0766533940818571,517,0,0,0,512,4,asynchronous
n010_004.bnet,ref,28,0.08205835461107762,517,0,0,0,512,4,asynchronous
n010_004.bnet,ref,29,0.0705332884368098,517,0,0,0,512,4,asynchronous
n010_005.bnet,sd_mc,,0.0,0,0,0,0,64,1,asynchronous
n010_005.bnet,ref,0,0.0,0,0,0,0,64,1,asynchronous
n010_005.bnet,ref,1,0.0,0,0,0,0,64,1,asynchronous
n010_005.bnet,ref,2,0.0,0,0,0,0,64,1,asynchronous
n010_005.bnet,ref,3,0.0,0,0,0,0,64,1,asynchronous
n010_005.bnet,ref,4,0.0,0,0,0,0,64,1,asynchronous
n010_005.bnet,ref,5,0.0,0,0,0,0,64,1,asynchronous
n010_005.bnet,ref,6,0.0,0,0,0,0,64,1,asynchronous
n010_005.bnet,ref,7,0.0,0,0,0,0,64,1,asynchronous
n010_005.bnet,ref,8,0.0,0,0,0,0,64,1,asynchronous
n010_005.bnet,ref,9,0.0,0,0,0,0,64,1,asynchronous
n010_005.bnet,ref,10,0.0,0,0,0,0,64,1,asynchronous
n010_005.bnet,ref,11,0.0,0,0,0,0,64,1,asynchronous
n010_005.bnet,ref,12,0.0,0,0,0,0,64,1,asynchronous
n010_005.bnet,ref,13,0.0,0,0,0,0,64,1,asynchronous
n010_005.bnet,ref,14,0.0,0,0,0,0,64,1,asynchronous
n010_005.bnet,ref,15,0.0,0,0,0,0,64,1,asynchronous
n010_005.bnet,ref,16,0.0,0,0,0,0,64,1,asynchronous
n010_005.bnet,ref,17,0.0,0,0,0,0,64,1,asynchronous
n010_005.bnet,ref,18,0.0,0,0,0,0,64,1,asynchronous
n010_005.bnet,ref,19,0.0,0,0,0,0,64,1,asynchronous
n010_005.bnet,ref,20,0.0,0,0,0,0,64,1,asynchronous
n010_005.bnet,ref,21,0.0,0,0,0,0,64,1,asynchronous
n010_005.bnet,ref,22,0.0,0,0,0,0,64,1,asynchronous
n010_005.bnet,ref,23,0.0,0,0,0,0,64,1,asynchronous
n010_005.bnet,ref,24,0.0,0,0,0,0,64,1,asynchronous
n010_005.bnet,ref,25,0.0,0,0,0,0,64,1,asynchronous
n010_005.bnet,ref,26,0.0,0,0,0,0,64,1,asynchronous
n010_005.bnet,ref,27,0.0,0,0,0,0,64,1,asynchronous
n010_005.bnet,ref,28,0.0,0,0,0,0,64,1,asynchronous
n010_005.bnet,ref,29,0.0,0,0,0,0,64,1,asynchronous
n010_006.bnet,sd_mc,,0.04711999166133362,822,0,0,0,1024,2,asynchronous
n010_006.bnet,ref,0,0.056700818299287414,822,0,0,0,1024,2,asynchronous
n010_006.bnet,ref,1,0.0684069537041847,822,0,0,0,1024,2,asynchronous
n010_006.bnet,ref,2,0.06086710322348634,822,0,0,0,1024,2,asynchronous
n010_006.bnet,ref,3,0.047559018077648015,822,0,0,0,1024,2,asynchronous
n010_006.bnet,ref,4,0.055820536870991457,822,0,0,0,1024,2,asynchronous
n010_006.bnet,ref,5,0.06746670893276897,822,0,0,0,1024,2,asynchronous
n010_006.bnet,ref,6,0.05607958534471551,822,0,0,0,1024,2,asynchronous
n010_006.bnet,ref,7,0.053219317453675294,822,0,0,0,1024,2,asynchronous
n010_006.bnet,ref,8,0.06101329342822734,822,0,0,0,1024,2,asynchronous
n010_006.bnet,ref,9,0.056627696355631724,822,0,0,0,1024,2,asynchronous
n010_006.bnet,ref,10,0.06570295039434422,822,0,0,0,1024,2,asynchronous
n010_006.bnet,ref,11,0.0645703197127435,822,0,0,0,1024,2,asynchronous
n010_006.bnet,ref,12,0.06570230870125512,822,0,0,0,1024,2,asynchronous
n010_006.bnet,ref,13,0.06374996786628442,822,0,0,0,1024,2,asynchronous
n010_006.bnet,ref,14,0.06188246978049277,822,0,0,0,1024,2,asynchronous
n010_006.bnet,ref,15,0.047780396281137436,822,0,0,0,1024,2,asynchronous
n010_006.bnet,ref,16,0.06426767544370925,822,0,0,0,1024,2,asynchronous
n010_006.bnet,ref,17,0.06155536090101389,822,0,0,0,1024,2,asynchronous
n010_006.bnet,ref,18,0.057017457348491986,822,0,0,0,1024,2,asynchronous
n010_006.bnet,ref,19,0.060241898656672836,822,0,0,0,1024,2,asynchronous
n010_006.bnet,ref,20,0.059876309644146204,822,0,0,0,1024,2,asynchronous
n010_006.bnet,ref,21,0.057174759081286296,822,0,0,0,1024,2,asynchronous
n010_006.bnet,ref,22,0.0569965840526094,822,0,0,0,1024,2,asynchronous
n010_006.bnet,ref,23,0.06165143660158348,822,0,0,0,1024,2,asynchronous
n010_006.bnet,ref,24,0.06661128038075523,822,0,0,0,1024,2,asynchronous
n010_006.bnet,ref,25,0.05788173564939711,822,0,0,0,1024,2,asynchronous
n010_006.bnet,ref,26,0.0681018063114918,822,0,0,0,1024,2,asynchronous
n010_006.bnet,ref,27,0.05203798585702116,822,0,0,0,1024,2,asynchronous
n010_006.bnet,ref,28,0.0638996546793613,822,0,0,0,1024,2,asynchronous
n010_006.bnet,ref,29,0.06285916129288827,822,0,0,0,1024,2,asynchronous
n010_007.bnet,sd_mc,,0.03674609449113894,579,0,0,0,512,2,asynchronous
n010_007.bnet,ref,0,0.07679601975246736,579,0,0,0,512,2,asynchronous
n010_007.bnet,ref,1,0.10224569079914422,579,0,0,0,512,2,asynchronous
n010_007.bnet,ref,2,0.09254686479674207,579,0,0,0,512,2,asynchronous
n010_007.bnet,ref,3,0.09745056924530876,579,0,0,0,512,2,asynchronous
n010_007.bnet,ref,4,0.08222144632402434,579,0,0,0,512,2,asynchronous
n010_007.bnet,ref,5,0.09360168827916117,579,0,0,0,512,2,asynchronous
n010_007.bnet,ref,6,0.09181461534774907,579,0,0,0,512,2,asynchronous
n010_007.bnet,ref,7,0.09629306184694425,579,0,0,0,512,2,asynchronous
n010_007.bnet,ref,8,0.08768693440347035,579,0,0,0,512,2,asynchronous
n010_007.bnet,ref,9,0.08651725041761794,579,0,0,0,512,2,asynchronous
n010_007.bnet,ref,10,0.09014937421695376,579,0,0,0,512,2,asynchronous
n010_007.bnet,ref,11,0.09584670325795995,579,0,0,0,512,2,asynchronous
n010_007.bnet,ref,12,0.1053926463790701,579,0,0,0,512,2,asynchronous
n010_007.bnet,ref,13,0.10341705098456286,579,0,0,0,512,2,asynchronous
n010_007.bnet,ref,14,0.09712453247127752,579,0,0,0,512,2,asynchronous
n010_007.bnet,ref,15,0.10333403820111094,579,0,0,0,512,2,asynchronous
n010_007.bnet,ref,16,0.10957374343463365,579,0,0,0,512,2,asynchronous
n010_007.bnet,ref,17,0.09702571640804482,579,0,0,0,512,2,asynchronous
n010_007.bnet,ref,18,0.09480532192118983,579,0,0,0,512,2,asynchronous
n010_007.bnet,ref,19,0.08307325764815424,579,0,0,0,512,2,asynchronous
n010_007.bnet,ref,20,0.10401703362864258,579,0,0,0,512,2,asynchronous
n010_007.bnet,ref,21,0.08938597050205244,579,0,0,0,512,2,asynchronous
n010_007.bnet,ref,22,0.1052862889168902,579,0,0,0,512,2,asynchronous
n010_007.bnet,ref,23,0.09325267485570798,579,0,0,0,512,2,asynchronous
n010_007.bnet,ref,24,0.09609673046351215,579,0,0,0,512,2,asynchronous
n010_007.bnet,ref,25,0.08860692071156723,579,0,0,0,512,2,asynchronous
n010_007.bnet,ref,26,0.09536204747475774,579,0,0,0,512,2,asynchronous
n010_007.bnet,ref,27,0.09803279589235575,579,0,0,0,512,2,asynchronous
n010_007.bnet,ref,28,0.10529289191592162,579,0,0,0,512,2,asynchronous
n010_007.bnet,ref,29,0.0965999884926377,579,0,0,0,512,2,asynchronous
n010_008.bnet,sd_mc,,0.04885054395967532,3,0,0,0,256,3,asynchronous
n010_008.bnet,ref,0,0.1074563577977746,3,0,0,0,256,3,asynchronous
n010_008.bnet,ref,1,0.19625299127747386,3,0,0,0,256,3,asynchronous
n010_008.bnet,ref,2,0.08092367281882001,3,0,0,0,256,3,asynchronous
n010_008.bnet,ref,3,0.23088130369453086,3,0,0,0,256,3,asynchronous
n010_008.bnet,ref,4,0.18468315719985093,3,0,0,0,256,3,asynchronous
n010_008.bnet,ref,5,0.2067253734791177,3,0,0,0,256,3,asynchronous
n010_008.bnet,ref,6,0.10426555588292923,3,0,0,0,256,3,asynchronous
n010_008.bnet,ref,7,0.21424179903457766,3,0,0,0,256,3,asynchronous
n010_008.bnet,ref,8,0.16522853317895272,3,0,0,0,256,3,asynchronous
n010_008.bnet,ref,9,0.14671504979049094,3,0,0,0,256,3,asynchronous
n010_008.bnet,ref,10,0.1654386791728249,3,0,0,0,256,3,asynchronous
n010_008.bnet,ref,11,0.19360893521237085,3,0,0,0,256,3,asynchronous
n010_008.bnet,ref,12,0.14782203525786825,3,0,0,0,256,3,asynchronous
n010_008.bnet,ref,13,0.19417013822261195,3,0,0,0,256,3,asynchronous
n010_008.bnet,ref,14,0.21288172576990355,3,0,0,0,256,3,asynchronous
n010_008.bnet,ref,15,0.21637523191788804,3,0,0,0,256,3,asynchronous
n010_008.bnet,ref,16,0.1795102851536541,3,0,0,0,256,3,asynchronous
n010_008.bnet,ref,17,0.16463094719112603,3,0,0,0,256,3,asynchronous
n010_008.bnet,ref,18,0.16750841412888784,3,0,0,0,256,3,asynchronous
n010_008.bnet,ref,19,0.12375055314572209,3,0,0,0,256,3,asynchronous
n010_008.bnet,ref,20,0.1507571833897098,3,0,0,0,256,3,asynchronous
n010_008.bnet,ref,21,0.1818708273392035,3,0,0,0,256,3,asynchronous
n010_008.bnet,ref,22,0.1954006789596478,3,0,0,0,256,3,asynchronous
n010_008.bnet,ref,23,0.11557416257530924,3,0,0,0,256,3,asynchronous
n010_008.bnet,ref,24,0.17647631834134264,3,0,0,0,256,3,asynchronous
n010_008.bnet,ref,25,0.22381007227848798,3,0,0,0,256,3,asynchronous
n010_008.bnet,ref,26,0.1716532620704498,3,0,0,0,256,3,asynchronous
n010_008.bnet,ref,27,0.12704407578618432,3,0,0,0,256,3,asynchronous
n010_008.bnet,ref,28,0.22458298514525227,3,0,0,0,256,3,asynchronous
n010_008.bnet,ref,29,0.1881141628556354,3,0,0,0,256,3,asynchronous
n010_009.bnet,sd_mc,,0.0220020482381989,1,0,0,0,256,2,asynchronous
n010_009.bnet,ref,0,0.08418022318447665,1,0,0,0,256,2,asynchronous
n010_009.bnet,ref,1,0.19497812464114506,1,0,0,0,256,2,asynchronous
n010_009.bnet,ref,2,0.19298559268208587,1,0,0,0,256,2,asynchronous
n010_009.bnet,ref,3,0.18186214780116972,1,0,0,0,256,2,asynchronous
n010_009.bnet,ref,4,0.15018799463565533,1,0,0,0,256,2,asynchronous
n010_009.bnet,ref,5,0.052940672893881546,1,0,0,0,256,2,asynchronous
n010_009.bnet,ref,6,0.10084747011537748,1,0,0,0,256,2,asynchronous
n010_009.bnet,ref,7,0.1564832267245145,1,0,0,0,256,2,asynchronous
n010_009.bnet,ref,8,0.44110075232320295,1,0,0,0,256,2,asynchronous
n010_009.bnet,ref,9,0.09244157653563867,1,0,0,0,256,2,asynchronous
n010_009.bnet,ref,10,0.01877108437553915,1,0,0,0,256,2,asynchronous
n010_009.bnet,ref,11,0.001413454796981073,1,0,0,0,256,2,asynchronous
n010_009.bnet,ref,12,0.07507860994388765,1,0,0,0,256,2,asynchronous
n010_009.bnet,ref,13,0.1303321309342162,1,0,0,0,256,2,asynchronous
n010_009.bnet,ref,14,0.19024555646872227,1,0,0,0,256,2,asynchronous
n010_009.bnet,ref,15,0.28369383456598507,1,0,0,0,256,2,asynchronous
n010_009.bnet,ref,16,0.09115211383584215,1,0,0,0,256,2,asynchronous
n010_009.bnet,ref,17,0.0618965698354097,1,0,0,0,256,2,asynchronous
n010_009.bnet,ref,18,0.271343351851911,1,0,0,0,256,2,asynchronous
n010_009.bnet,ref,19,0.10542135904818434,1,0,0,0,256,2,asynchronous
n010_009.bnet,ref,20,0.0004846033677415318,1,0,0,0,256,2,asynchronous
n010_009.bnet,ref,21,0.17252101610062587,1,0,0,0,256,2,asynchronous
n010_009.bnet,ref,22,0.16541389727791003,1,0,0,0,256,2,asynchronous
n010_009.bnet,ref,23,0.052466102608338394,1,0,0,0,256,2,asynchronous
n010_009.bnet,ref,24,0.1936105285449315,1,0,0,0,256,2,asynchronous
n010_009.bnet,ref,25,0.14112908136819385,1,0,0,0,256,2,asynchronous
n010_009.bnet,ref,26,0.11498532683041418,1,0,0,0,256,2,asynchronous
n010_009.bnet,ref,27,0.013531419441246362,1,0,0,0,256,2,asynchronous
n010_009.bnet,ref,28,0.13491978164930962,1,0,0,0,256,2,asynchronous
n010_009.bnet,ref,29,0.09160708888221347,1,0,0,0,256,2,asynchronous
n010_011.bnet,sd_mc,,0.044443066097132396,285,0,0,0,512,3,asynchronous
n010_011.bnet,ref,0,0.11375780878480757,285,0,0,0,512,3,asynchronous
n010_011.bnet,ref,1,0.11800576712568765,285,0,0,0,512,3,asynchronous
n010_011.bnet,ref,2,0.08930764224956149,285,0,0,0,512,3,asynchronous
n010_011.bnet,ref,3,0.1028325421938778,285,0,0,0,512,3,asynchronous
n010_011.bnet,ref,4,0.09344496574718657,285,0,0,0,512,3,asynchronous
n010_011.bnet,ref,5,0.10282340616130198,285,0,0,0,512,3,asynchronous
n010_011.bnet,ref,6,0.08720887603586482,285,0,0,0,512,3,asynchronous
n010_011.bnet,ref,7,0.08559285129164285,285,0,0,0,512,3,asynchronous
n010_011.bnet,ref,8,0.12826529550290564,285,0,0,0,512,3,asynchronous
n010_011.bnet,ref,9,0.0862327319306177,285,0,0,0,512,3,asynchronous
n010_011.bnet,ref,10,0.09105084531570937,285,0,0,0,512,3,asynchronous
n010_011.bnet,ref,11,0.0855607909777602,285,0,0,0,512,3,asynchronous
n010_011.bnet,ref,12,0.13259135315723836,285,0,0,0,512,3,asynchronous
n010_011.bnet,ref,13,0.10699185315589754,285,0,0,0,512,3,asynchronous
n010_011.bnet,ref,14,0.10913766306079917,285,0,0,0,512,3,asynchronous
n010_011.bnet,ref,15,0.07798948588114221,285,0,0,0,512,3,asynchronous
n010_011.bnet,ref,16,0.10202410875873769,285,0,0,0,512,3,asynchronous
n010_011.bnet,ref,17,0.10107033426779057,285,0,0,0,512,3,asynchronous
n010_011.bnet,ref,18,0.09565301707067464,285,0,0,0,512,3,asynchronous
n010_011.bnet,ref,19,0.08774292456066558,285,0,0,0,512,3,asynchronous
n010_011.bnet,ref,20,0.11159425541175093,285,0,0,0,512,3,asynchronous
n010_011.bnet,ref,21,0.08785938558562183,285,0,0,0,512,3,asynchronous
n010_011.bnet,ref,22,0.0792900008551412,285,0,0,0,512,3,asynchronous
n010_011.bnet,ref,23,0.094837348774375,285,0,0,0,512,3,asynchronous
n010_011.bnet,ref,24,0.10963836734462493,285,0,0,0,512,3,asynchronous
n010_011.bnet,ref,25,0.07929823190595664,285,0,0,0,512,3,asynchronous
n010_011.bnet,ref,26,0.10375236594994018,285,0,0,0,512,3,asynchronous
n010_011.bnet,ref,27,0.09156704545114444,285,0,0,0,512,3,asynchronous
n010_011.bnet,ref,28,0.10068561940757485,285,0,0,0,512,3,asynchronous
n010_011.bnet,ref,29,0.0837450850808131,285,0,0,0,512,3,asynchronous
n010_012.bnet,sd_mc,,0.012341544048593235,8,0,0,0,1024,1,asynchronous
n010_012.bnet,ref,0,0.2695655425779076,8,0,0,0,1024,1,asynchronous
n010_012.bnet,ref,1,0.34602003578993656,8,0,0,0,1024,1,asynchronous
n010_012.bnet,ref,2,0.3609262470004589,8,0,0,0,1024,1,asynchronous
n010_012.bnet,ref,3,0.3557088472817468,8,0,0,0,1024,1,asynchronous
n010_012.bnet,ref,4,0.3772034256990111,8,0,0,0,1024,1,asynchronous
n010_012.bnet,ref,5,0.36597381659859385,8,0,0,0,1024,1,asynchronous
n010_012.bnet,ref,6,0.47757613272959065,8,0,0,0,1024,1,asynchronous
n010_012.bnet,ref,7,0.17861920630948244,8,0,0,0,1024,1,asynchronous
n010_012.bnet,ref,8,0.5401782195104976,8,0,0,0,1024,1,asynchronous
n010_012.bnet,ref,9,0.6040907740503748,8,0,0,0,1024,1,asynchronous
n010_012.bnet,ref,10,0.24811987382254239,8,0,0,0,1024,1,asynchronous
n010_012.bnet,ref,11,0.29694706587411523,8,0,0,0,1024,1,asynchronous
n010_012.bnet,ref,12,0.45704555927331364,8,0,0,0,1024,1,asynchronous
n010_012.bnet,ref,13,0.3932546540578591,8,0,0,0,1024,1,asynchronous
n010_012.bnet,ref,14,0.4111897223409474,8,0,0,0,1024,1,asynchronous
n010_012.bnet,ref,15,0.2255438859243805,8,0,0,0,1024,1,asynchronous
n010_012.bnet,ref,16,0.3797734975228029,8,0,0,0,1024,1,asynchronous
n010_012.bnet,ref,17,0.2620956505572308,8,0,0,0,1024,1,asynchronous
n010_012.bnet,ref,18,0.348377055730535,8,0,0,0,1024,1,asynchronous
n010_012.bnet,ref,19,0.4037222119782855,8,0,0,0,1024,1,asynchronous
n010_012.bnet,ref,20,0.40507281696226716,8,0,0,0,1024,1,asynchronous
n010_012.bnet,ref,21,0.4683419354300266,8,0,0,0,1024,1,asynchronous
n010_012.bnet,ref,22,0.5755892481551688,8,0,0,0,1024,1,asynchronous
n010_012.bnet,ref,23,0.1864198902293484,8,0,0,0,1024,1,asynchronous
n010_012.bnet,ref,24,0.5354177528089398,8,0,0,0,1024,1,asynchronous
n010_012.bnet,ref,25,0.2693240485568781,8,0,0,0,1024,1,asynchronous
n010_012.bnet,ref,26,0.5415746011904627,8,0,0,0,1024,1,asynchronous
n010_012.bnet,ref,27,0.4209913363415831,8,0,0,0,1024,1,asynchronous
n010_012.bnet,ref,28,0.36686188113758417,8,0,0,0,1024,1,asynchronous
n010_012.bnet,ref,29,0.20723523724699375,8,0,0,0,1024,1,asynchronous
n010_013.bnet,sd_mc,,0.026352313834736525,2,0,0,0,16,3,asynchronous
n010_013.bnet,ref,0,0.1470873164129836,2,0,0,0,16,3,asynchronous
n010_013.bnet,ref,1,0.3294164065592443,2,0,0,0,16,3,asynchronous
n010_013.bnet,ref,2,0.2295804636595262,2,0,0,0,16,3,asynchronous
n010_013.bnet,ref,3,0.26229923305347,2,0,0,0,16,3,asynchronous
n010_013.bnet,ref,4,0.07014310792266155,2,0,0,0,16,3,asynchronous
n010_013.bnet,ref,5,0.15443712990374622,2,0,0,0,16,3,asynchronous
n010_013.bnet,ref,6,0.16124087726504405,2,0,0,0,16,3,asynchronous
n010_013.bnet,ref,7,0.09407489593519364,2,0,0,0,16,3,asynchronous
n010_013.bnet,ref,8,0.43522161645205387,2,0,0,0,16,3,asynchronous
n010_013.bnet,ref,9,0.15838352893977076,2,0,0,0,16,3,asynchronous
n010_013.bnet,ref,10,0.08373814336618904,2,0,0,0,16,3,asynchronous
n010_013.bnet,ref,11,0.15570961877088485,2,0,0,0,16,3,asynchronous
n010_013.bnet,ref,12,0.1773553036638694,2,0,0,0,16,3,asynchronous
n010_013.bnet,ref,13,0.25588978354539155,2,0,0,0,16,3,asynchronous
n010_013.bnet,ref,14,0.3291535746521841,2,0,0,0,16,3,asynchronous
n010_013.bnet,ref,15,0.15349449490657638,2,0,0,0,16,3,asynchronous
n010_013.bnet,ref,16,0.17746780403500534,2,0,0,0,16,3,asynchronous
n010_013.bnet,ref,17,0.18719130136093964,2,0,0,0,16,3,asynchronous
n010_013.bnet,ref,18,0.3355378079582024,2,0,0,0,16,3,asynchronous
n010_013.bnet,ref,19,0.17058597718210902,2,0,0,0,16,3,asynchronous
n010_013.bnet,ref,20,0.0908878269844348,2,0,0,0,16,3,asynchronous
n010_013.bnet,ref,21,0.30118493317484,2,0,0,0,16,3,asynchronous
n010_013.bnet,ref,22,0.3105455108500018,2,0,0,0,16,3,asynchronous
n010_013.bnet,ref,23,0.13757132089439109,2,0,0,0,16,3,asynchronous
n010_013.bnet,ref,24,0.22450577317227907,2,0,0,0,16,3,asynchronous
n010_013.bnet,ref,25,0.2533143827237505,2,0,0,0,16,3,asynchronous
n010_013.bnet,ref,26,0.16291400450657442,2,0,0,0,16,3,asynchronous
n010_013.bnet,ref,27,0.13646252445791782,2,0,0,0,16,3,asynchronous
n010_013.bnet,ref,28,0.19981606946104932,2,0,0,0,16,3,asynchronous
n010_013.bnet,ref,29,0.07526022636315688,2,0,0,0,16,3,asynchronous
n010_014.bnet,sd_mc,,0.0,0,0,0,0,8,1,asynchronous
n010_014.bnet,ref,0,0.0,0,0,0,0,8,1,asynchronous
n010_014.bnet,ref,1,0.0,0,0,0,0,8,1,asynchronous
n010_014.bnet,ref,2,0.0,0,0,0,0,8,1,asynchronous
n010_014.bnet,ref,3,0.0,0,0,0,0,8,1,asynchronous
n010_014.bnet,ref,4,0.0,0,0,0,0,8,1,asynchronous
n010_014.bnet,ref,5,0.0,0,0,0,0,8,1,asynchronous
n010_014.bnet,ref,6,0.0,0,0,0,0,8,1,asynchronous
n010_014.bnet,ref,7,0.0,0,0,0,0,8,1,asynchronous
n010_014.bnet,ref,8,0.0,0,0,0,0,8,1,asynchronous
n010_014.bnet,ref,9,0.0,0,0,0,0,8,1,asynchronous
n010_014.bnet,ref,10,0.0,0,0,0,0,8,1,asynchronous
n010_014.bnet,ref,11,0.0,0,0,0,0,8,1,asynchronous
n010_014.bnet,ref,12,0.0,0,0,0,0,8,1,asynchronous
n010_014.bnet,ref,13,0.0,0,0,0,0,8,1,asynchronous
n010_014.bnet,ref,14,0.0,0,0,0,0,8,1,asynchronous
n010_014.bnet,ref,15,0.0,0,0,0,0,8,1,asynchronous
n010_014.bnet,ref,16,0.0,0,0,0,0,8,1,asynchronous
n010_014.bnet,ref,17,0.0,0,0,0,0,8,1,asynchronous
n010_014.bnet,ref,18,0.0,0,0,0,0,8,1,asynchronous
n010_014.bnet,ref,19,0.0,0,0,0,0,8,1,asynchronous
n010_014.bnet,ref,20,0.0,0,0,0,0,8,1,asynchronous
n010_014.bnet,ref,21,0.0,0,0,0,0,8,1,asynchronous
n010_014.bnet,ref,22,0.0,0,0,0,0,8,1,asynchronous
n010_014.bnet,ref,23,0.0,0,0,0,0,8,1,asynchronous
n010_014.bnet,ref,24,0.0,0,0,0,0,8,1,asynchronous
n010_014.bnet,ref,25,0.0,0,0,0,0,8,1,asynchronous
n010_014.bnet,ref,26,0.0,0,0,0,0,8,1,asynchronous
n010_014.bnet,ref,27,0.0,0,0,0,0,8,1,asynchronous
n010_014.bnet,ref,28,0.0,0,0,0,0,8,1,asynchronous
n010_014.bnet,ref,29,0.0,0,0,0,0,8,1,asynchronous
n010_015.bnet,sd_mc,,0.03241369233322494,312,7,0,0,1024,6,asynchronous
n010_015.bnet,ref,0,0.06774080950063448,312,7,0,0,1024,6,asynchronous
n010_015.bnet,ref,1,0.07630334689768725,312,7,0,0,1024,6,asynchronous
n010_015.bnet,ref,2,0.0687685340722263,312,7,0,0,1024,6,asynchronous
n010_015.bnet,ref,3,0.07195332456050905,312,7,0,0,1024,6,asynchronous
n010_015.bnet,ref,4,0.06886956054225402,312,7,0,0,1024,6,asynchronous
n010_015.bnet,ref,5,0.0759499669049255,312,7,0,0,1024,6,asynchronous
n010_015.bnet,ref,6,0.07219201967723451,312,7,0,0,1024,6,asynchronous
n010_015.bnet,ref,7,0.07713274446452913,312,7,0,0,1024,6,asynchronous
n010_015.bnet,ref,8,0.07494658042025786,312,7,0,0,1024,6,asynchronous
n010_015.bnet,ref,9,0.07543020038732316,312,7,0,0,1024,6,asynchronous
n010_015.bnet,ref,10,0.06663206457078973,312,7,0,0,1024,6,asynchronous
n010_015.bnet,ref,11,0.07021442936867714,312,7,0,0,1024,6,asynchronous
n010_015.bnet,ref,12,0.0798549093161283,312,7,0,0,1024,6,asynchronous
n010_015.bnet,ref,13,0.07357856209329391,312,7,0,0,1024,6,asynchronous
n010_015.bnet,ref,14,0.07405530530499582,312,7,0,0,1024,6,asynchronous
n010_015.bnet,ref,15,0.07138619096534073,312,7,0,0,1024,6,asynchronous
n010_015.bnet,ref,16,0.06970643896337948,312,7,0,0,1024,6,asynchronous
n010_015.bnet,ref,17,0.09195716610036209,312,7,0,0,1024,6,asynchronous
n010_015.bnet,ref,18,0.07400845142539683,312,7,0,0,1024,6,asynchronous
n010_015.bnet,ref,19,0.07109816481164533,312,7,0,0,1024,6,asynchronous
n010_015.bnet,ref,20,0.08647889751333425,312,7,0,0,1024,6,asynchronous
n010_015.bnet,ref,21,0.07283306171526802,312,7,0,0,1024,6,asynchronous
n010_015.bnet,ref,22,0.07072105478783113,312,7,0,0,1024,6,asynchronous
n010_015.bnet,ref,23,0.07270345965363498,312,7,0,0,1024,6,asynchronous
n010_015.bnet,ref,24,0.07262866298856802,312,7,0,0,1024,6,asynchronous
n010_015.bnet,ref,25,0.08198652896989587,312,7,0,0,1024,6,asynchronous
n010_015.bnet,ref,26,0.08561143034489786,312,7,0,0,1024,6,asynchronous
n010_015.bnet,ref,27,0.06726122993321779,312,7,0,0,1024,6,asynchronous
n010_015.bnet,ref,28,0.07747747438985825,312,7,0,0,1024,6,asynchronous
n010_015.bnet,ref,29,0.07735236886432215,312,7,0,0,1024,6,asynchronous
n010_016.bnet,sd_mc,,0.0904328648480164,55,0,0,0,512,3,asynchronous
n010_016.bnet,ref,0,0.09948690743483861,55,0,0,0,512,3,asynchronous
n010_016.bnet,ref,1,0.19049523502481067,55,0,0,0,512,3,asynchronous
n010_016.bnet,ref,2,0.12962171389860527,55,0,0,0,512,3,asynchronous
n010_016.bnet,ref,3,0.11998196512396597,55,0,0,0,512,3,asynchronous
n010_016.bnet,ref,4,0.15493523884514815,55,0,0,0,512,3,asynchronous
n010_016.bnet,ref,5,0.12136885181735244,55,0,0,0,512,3,asynchronous
n010_016.bnet,ref,6,0.1416489165168157,55,0,0,0,512,3,asynchronous
n010_016.bnet,ref,7,0.13780683172536193,55,0,0,0,512,3,asynchronous
n010_016.bnet,ref,8,0.07797788483156348,55,0,0,0,512,3,asynchronous
n010_016.bnet,ref,9,0.12628590786401614,55,0,0,0,512,3,asynchronous
n010_016.bnet,ref,10,0.13809007662311792,55,0,0,0,512,3,asynchronous
n010_016.bnet,ref,11,0.1362785191840022,55,0,0,0,512,3,asynchronous
n010_016.bnet,ref,12,0.08113135291868966,55,0,0,0,512,3,asynchronous
n010_016.bnet,ref,13,0.10145470450656113,55,0,0,0,512,3,asynchronous
n010_016.bnet,ref,14,0.15868566994083907,55,0,0,0,512,3,asynchronous
n010_016.bnet,ref,15,0.1568582341667152,55,0,0,0,512,3,asynchronous
n010_016.bnet,ref,16,0.1125870608897715,55,0,0,0,512,3,asynchronous
n010_016.bnet,ref,17,0.11640298894316385,55,0,0,0,512,3,asynchronous
n010_016.bnet,ref,18,0.1303447579902139,55,0,0,0,512,3,asynchronous
n010_016.bnet,ref,19,0.11086534919793792,55,0,0,0,512,3,asynchronous
n010_016.bnet,ref,20,0.14871524516529988,55,0,0,0,512,3,asynchronous
n010_016.bnet,ref,21,0.1649256040295173,55,0,0,0,512,3,asynchronous
n010_016.bnet,ref,22,0.13607130574788623,55,0,0,0,512,3,asynchronous
n010_016.bnet,ref,23,0.1838011199887457,55,0,0,0,512,3,asynchronous
n010_016.bnet,ref,24,0.1108189277175706,55,0,0,0,512,3,asynchronous
n010_016.bnet,ref,25,0.1514520139032027,55,0,0,0,512,3,asynchronous
n010_016.bnet,ref,26,0.17066825994649498,55,0,0,0,512,3,asynchronous
n010_016.bnet,ref,27,0.10658299060497495,55,0,0,0,512,3,asynchronous
n010_016.bnet,ref,28,0.11799745027094927,55,0,0,0,512,3,asynchronous
n010_016.bnet,ref,29,0.12445506317773679,55,0,0,0,512,3,asynchronous
n010_018.bnet,sd_mc,,0.0,0,0,0,0,128,2,asynchronous
n010_018.bnet,ref,0,0.0,0,0,0,0,128,2,asynchronous
n010_018.bnet,ref,1,0.0,0,0,0,0,128,2,asynchronous
n010_018.bnet,ref,2,0.0,0,0,0,0,128,2,asynchronous
n010_018.bnet,ref,3,0.0,0,0,0,0,128,2,asynchronous
n010_018.bnet,ref,4,0.0,0,0,0,0,128,2,asynchronous
n010_018.bnet,ref,5,0.0,0,0,0,0,128,2,asynchronous
n010_018.bnet,ref,6,0.0,0,0,0,0,128,2,asynchronous
n010_018.bnet,ref,7,0.0,0,0,0,0,128,2,asynchronous
n010_018.bnet,ref,8,0.0,0,0,0,0,128,2,asynchronous
n010_018.bnet,ref,9,0.0,0,0,0,0,128,2,asynchronous
n010_018.bnet,ref,10,0.0,0,0,0,0,128,2,asynchronous
n010_018.bnet,ref,11,0.0,0,0,0,0,128,2,asynchronous
n010_018.bnet,ref,12,0.0,0,0,0,0,128,2,asynchronous
n010_018.bnet,ref,13,0.0,0,0,0,0,128,2,asynchronous
n010_018.bnet,ref,14,0.0,0,0,0,0,128,2,asynchronous
n010_018.bnet,ref,15,0.0,0,0,0,0,128,2,asynchronous
n010_018.bnet,ref,16,0.0,0,0,0,0,128,2,asynchronous
n010_018.bnet,ref,17,0.0,0,0,0,0,128,2,asynchronous
n010_018.bnet,ref,18,0.0,0,0,0,0,128,2,asynchronous
n010_018.bnet,ref,19,0.0,0,0,0,0,128,2,asynchronous
n010_018.bnet,ref,20,0.0,0,0,0,0,128,2,asynchronous
n010_018.bnet,ref,21,0.0,0,0,0,0,128,2,asynchronous
n010_018.bnet,ref,22,0.0,0,0,0,0,128,2,asynchronous
n010_018.bnet,ref,23,0.0,0,0,0,0,128,2,asynchronous
n010_018.bnet,ref,24,0.0,0,0,0,0,128,2,asynchronous
n010_018.bnet,ref,25,0.0,0,0,0,0,128,2,asynchronous
n010_018.bnet,ref,26,0.0,0,0,0,0,128,2,asynchronous
n010_018.bnet,ref,27,0.0,0,0,0,0,128,2,asynchronous
n010_018.bnet,ref,28,0.0,0,0,0,0,128,2,asynchronous
n010_018.bnet,ref,29,0.0,0,0,0,0,128,2,asynchronous
n010_019.bnet,sd_mc,,0.05247819170367657,5,0,0,0,128,1,asynchronous
n010_019.bnet,ref,0,0.3846702814005375,5,0,0,0,128,1,asynchronous
n010_019.bnet,ref,1,0.4763017954211151,5,0,0,0,128,1,asynchronous
n010_019.bnet,ref,2,0.510097582557894,5,0,0,0,128,1,asynchronous
n010_019.bnet,ref,3,0.4075155388624036,5,0,0,0,128,1,asynchronous
n010_019.bnet,ref,4,0.27212385566128944,5,0,0,0,128,1,asynchronous
n010_019.bnet,ref,5,0.3404558618858516,5,0,0,0,128,1,asynchronous
n010_019.bnet,ref,6,0.2829785202568589,5,0,0,0,128,1,asynchronous
n010_019.bnet,ref,7,0.4669555556818443,5,0,0,0,128,1,asynchronous
n010_019.bnet,ref,8,0.45119598359690494,5,0,0,0,128,1,asynchronous
n010_019.bnet,ref,9,0.2514333904377088,5,0,0,0,128,1,asynchronous
n010_019.bnet,ref,10,0.43511193235255785,5,0,0,0,128,1,asynchronous
n010_019.bnet,ref,11,0.37008783800058853,5,0,0,0,128,1,asynchronous
n010_019.bnet,ref,12,0.3177833692683372,5,0,0,0,128,1,asynchronous
n010_019.bnet,ref,13,0.3763628212384008,5,0,0,0,128,1,asynchronous
n010_019.bnet,ref,14,0.427777631748288,5,0,0,0,128,1,asynchronous
n010_019.bnet,ref,15,0.4446802041766491,5,0,0,0,128,1,asynchronous
n010_019.bnet,ref,16,0.35717556605357115,5,0,0,0,128,1,asynchronous
n010_019.bnet,ref,17,0.43842777118344084,5,0,0,0,128,1,asynchronous
n010_019.bnet,ref,18,0.48646413421524803,5,0,0,0,128,1,asynchronous
n010_019.bnet,ref,19,0.33135689050792194,5,0,0,0,128,1,asynchronous
n010_019.bnet,ref,20,0.2532669590008769,5,0,0,0,128,1,asynchronous
n010_019.bnet,ref,21,0.41189180409834714,5,0,0,0,128,1,asynchronous
n010_019.bnet,ref,22,0.11709403368763725,5,0,0,0,128,1,asynchronous
n010_019.bnet,ref,23,0.47905267328719764,5,0,0,0,128,1,asynchronous
n010_019.bnet,ref,24,0.2885667795427516,5,0,0,0,128,1,asynchronous
n010_019.bnet,ref,25,0.4830993051356218,5,0,0,0,128,1,asynchronous
n010_019.bnet,ref,26,0.1501605457334657,5,0,0,0,128,1,asynchronous
n010_019.bnet,ref,27,0.30377096753355637,5,0,0,0,128,1,asynchronous
n010_019.bnet,ref,28,0.3731827558090249,5,0,0,0,128,1,asynchronous
n010_019.bnet,ref,29,0.3732530130499136,5,0,0,0,128,1,asynchronous
n010_020.bnet,sd_mc,,0.2109185527981632,9,0,0,0,1024,1,asynchronous
n010_020.bnet,ref,0,0.16620779286263043,9,0,0,0,1024,1,asynchronous
n010_020.bnet,ref,1,0.06328012121697985,9,0,0,0,1024,1,asynchronous
n010_020.bnet,ref,2,0.1906442638290823,9,0,0,0,1024,1,asynchronous
n010_020.bnet,ref,3,0.23123265771667909,9,0,0,0,1024,1,asynchronous
n010_020.bnet,ref,4,0.16686036311523847,9,0,0,0,1024,1,asynchronous
n010_020.bnet,ref,5,0.1497830602671049,9,0,0,0,1024,1,asynchronous
n010_020.bnet,ref,6,0.17418069824391655,9,0,0,0,1024,1,asynchronous
n010_020.bnet,ref,7,0.19591497615250733,9,0,0,0,1024,1,asynchronous
n010_020.bnet,ref,8,0.20502236371619498,9,0,0,0,1024,1,asynchronous
n010_020.bnet,ref,9,0.25282057420954474,9,0,0,0,1024,1,asynchronous
n010_020.bnet,ref,10,0.17539070983945168,9,0,0,0,1024,1,asynchronous
n010_020.bnet,ref,11,0.10457808403811981,9,0,0,0,1024,1,asynchronous
n010_020.bnet,ref,12,0.16398098721076435,9,0,0,0,1024,1,asynchronous
n010_020.bnet,ref,13,0.061056805282470615,9,0,0,0,1024,1,asynchronous
n010_020.bnet,ref,14,0.07827932857802647,9,0,0,0,1024,1,asynchronous
n010_020.bnet,ref,15,0.3294340221619683,9,0,0,0,1024,1,asynchronous
n010_020.bnet,ref,16,0.08215681546932287,9,0,0,0,1024,1,asynchronous
n010_020.bnet,ref,17,0.18859628536640477,9,0,0,0,1024,1,asynchronous
n010_020.bnet,ref,18,0.06110096146817376,9,0,0,0,1024,1,asynchronous
n010_020.bnet,ref,19,0.12878324158207471,9,0,0,0,1024,1,asynchronous
n010_020.bnet,ref,20,0.10846290410929074,9,0,0,0,1024,1,asynchronous
n010_020.bnet,ref,21,0.11455947989814477,9,0,0,0,1024,1,asynchronous
n010_020.bnet,ref,22,0.2126774614363409,9,0,0,0,1024,1,asynchronous
n010_020.bnet,ref,23,0.1869197566578971,9,0,0,0,1024,1,asynchronous
n010_020.bnet,ref,24,0.16209981793057682,9,0,0,0,1024,1,asynchronous
n010_020.bnet,ref,25,0.1635010235113692,9,0,0,0,1024,1,asynchronous
n010_020.bnet,ref,26,0.26806377196152786,9,0,0,0,1024,1,asynchronous
n010_020.bnet,ref,27,0.15061747615656296,9,0,0,0,1024,1,asynchronous
n010_020.bnet,ref,28,0.1821780604668705,9,0,0,0,1024,1,asynchronous
n010_020.bnet,ref,29,0.14161182324887958,9,0,0,0,1024,1,asynchronous
n010_021.bnet,sd_mc,,0.0,0,0,0,0,2,1,asynchronous
n010_021.bnet,ref,0,0.0,0,0,0,0,2,1,asynchronous
n010_021.bnet,ref,1,0.0,0,0,0,0,2,1,asynchronous
n010_021.bnet,ref,2,0.0,0,0,0,0,2,1,asynchronous
n010_021.bnet,ref,3,0.0,0,0,0,0,2,1,asynchronous
n010_021.bnet,ref,4,0.0,0,0,0,0,2,1,asynchronous
n010_021.bnet,ref,5,0.0,0,0,0,0,2,1,asynchronous
n010_021.bnet,ref,6,0.0,0,0,0,0,2,1,asynchronous
n010_021.bnet,ref,7,0.0,0,0,0,0,2,1,asynchronous
n010_021.bnet,ref,8,0.0,0,0,0,0,2,1,asynchronous
n010_021.bnet,ref,9,0.0,0,0,0,0,2,1,asynchronous
n010_021.bnet,ref,10,0.0,0,0,0,0,2,1,asynchronous
n010_021.bnet,ref,11,0.0,0,0,0,0,2,1,asynchronous
n010_021.bnet,ref,12,0.0,0,0,0,0,2,1,asynchronous
n010_021.bnet,ref,13,0.0,0,0,0,0,2,1,asynchronous
n010_021.bnet,ref,14,0.0,0,0,0,0,2,1,asynchronous
n010_021.bnet,ref,15,0.0,0,0,0,0,2,1,asynchronous
n010_021.bnet,ref,16,0.0,0,0,0,0,2,1,asynchronous
n010_021.bnet,ref,17,0.0,0,0,0,0,2,1,asynchronous
n010_021.bnet,ref,18,0.0,0,0,0,0,2,1,asynchronous
n010_021.bnet,ref,19,0.0,0,0,0,0,2,1,asynchronous
n010_021.bnet,ref,20,0.0,0,0,0,0,2,1,asynchronous
n010_021.bnet,ref,21,0.0,0,0,0,0,2,1,asynchronous
n010_021.bnet,ref,22,0.0,0,0,0,0,2,1,asynchronous
n010_021.bnet,ref,23,0.0,0,0,0,0,2,1,asynchronous
n010_021.bnet,ref,24,0.0,0,0,0,0,2,1,asynchronous
n010_021.bnet,ref,25,0.0,0,0,0,0,2,1,asynchronous
n010_021.bnet,ref,26,0.0,0,0,0,0,2,1,asynchronous
n010_021.bnet,ref,27,0.0,0,0,0,0,2,1,asynchronous
n010_021.bnet,ref,28,0.0,0,0,0,0,2,1,asynchronous
n010_021.bnet,ref,29,0.0,0,0,0,0,2,1,asynchronous
n010_022.bnet,sd_mc,,0.12646527852849934,52,0,0,0,512,1,asynchronous
n010_022.bnet,ref,0,0.10390316485900744,52,0,0,0,512,1,asynchronous
n010_022.bnet,ref,1,0.14080150990863097,52,0,0,0,512,1,asynchronous
n010_022.bnet,ref,2,0.07371870819080861,52,0,0,0,512,1,asynchronous
n010_022.bnet,ref,3,0.10322361011936261,52,0,0,0,512,1,asynchronous
n010_022.bnet,ref,4,0.13791796649834132,52,0,0,0,512,1,asynchronous
n010_022.bnet,ref,5,0.11242854537592252,52,0,0,0,512,1,asynchronous
n010_022.bnet,ref,6,0.16062767220504592,52,0,0,0,512,1,asynchronous
n010_022.bnet,ref,7,0.15482451552084006,52,0,0,0,512,1,asynchronous
n010_022.bnet,ref,8,0.1858155842331801,52,0,0,0,512,1,asynchronous
n010_022.bnet,ref,9,0.2075764285428687,52,0,0,0,512,1,asynchronous
n010_022.bnet,ref,10,0.16979085275852543,52,0,0,0,512,1,asynchronous
n010_022.bnet,ref,11,0.17521257873490007,52,0,0,0,512,1,asynchronous
n010_022.bnet,ref,12,0.1751831556295164,52,0,0,0,512,1,asynchronous
n010_022.bnet,ref,13,0.13058877233285615,52,0,0,0,512,1,asynchronous
n010_022.bnet,ref,14,0.16362667083167123,52,0,0,0,512,1,asynchronous
n010_022.bnet,ref,15,0.13660191237099023,52,0,0,0,512,1,asynchronous
n010_022.bnet,ref,16,0.1595213976146878,52,0,0,0,512,1,asynchronous
n010_022.bnet,ref,17,0.14242015007040562,52,0,0,0,512,1,asynchronous
n010_022.bnet,ref,18,0.07896857904231436,52,0,0,0,512,1,asynchronous
n010_022.bnet,ref,19,0.12868265787734784,52,0,0,0,512,1,asynchronous
n010_022.bnet,ref,20,0.14852190673404156,52,0,0,0,512,1,asynchronous
n010_022.bnet,ref,21,0.22845832193008644,52,0,0,0,512,1,asynchronous
n010_022.bnet,ref,22,0.17020892998927684,52,0,0,0,512,1,asynchronous
n010_022.bnet,ref,23,0.14419085487619526,52,0,0,0,512,1,asynchronous
n010_022.bnet,ref,24,0.16419027743033862,52,0,0,0,512,1,asynchronous
n010_022.bnet,ref,25,0.1305772652167431,52,0,0,0,512,1,asynchronous
n010_022.bnet,ref,26,0.176561984062636,52,0,0,0,512,1,asynchronous
n010_022.bnet,ref,27,0.15692506004799606,52,0,0,0,512,1,asynchronous
n010_022.bnet,ref,28,0.19285521707630834,52,0,0,0,512,1,asynchronous
n010_022.bnet,ref,29,0.16122749842048859,52,0,0,0,512,1,asynchronous
n010_023.bnet,sd_mc,,0.12160345712552237,17,0,0,0,512,2,asynchronous
n010_023.bnet,ref,0,0.20329244367670896,17,0,0,0,512,2,asynchronous
n010_023.bnet,ref,1,0.3306732265755089,17,0,0,0,512,2,asynchronous
n010_023.bnet,ref,2,0.19317687756764612,17,0,0,0,512,2,asynchronous
n010_023.bnet,ref,3,0.33655086324341604,17,0,0,0,512,2,asynchronous
n010_023.bnet,ref,4,0.2535514118398568,17,0,0,0,512,2,asynchronous
n010_023.bnet,ref,5,0.27679929465735587,17,0,0,0,512,2,asynchronous
n010_023.bnet,ref,6,0.2146440581637643,17,0,0,0,512,2,asynchronous
n010_023.bnet,ref,7,0.30520369992757335,17,0,0,0,512,2,asynchronous
n010_023.bnet,ref,8,0.20122273595296886,17,0,0,0,512,2,asynchronous
n010_023.bnet,ref,9,0.146494327932483,17,0,0,0,512,2,asynchronous
n010_023.bnet,ref,10,0.18077926537300407,17,0,0,0,512,2,asynchronous
n010_023.bnet,ref,11,0.24392674439058457,17,0,0,0,512,2,asynchronous
n010_023.bnet,ref,12,0.26057716965647065,17,0,0,0,512,2,asynchronous
n010_023.bnet,ref,13,0.28851138997897724,17,0,0,0,512,2,asynchronous
n010_023.bnet,ref,14,0.209573890296356,17,0,0,0,512,2,asynchronous
n010_023.bnet,ref,15,0.18114341279968238,17,0,0,0,512,2,asynchronous
n010_023.bnet,ref,16,0.26771465803463435,17,0,0,0,512,2,asynchronous
n010_023.bnet,ref,17,0.21415639378249782,17,0,0,0,512,2,asynchronous
n010_023.bnet,ref,18,0.264767365632061,17,0,0,0,512,2,asynchronous
n010_023.bnet,ref,19,0.21094652477907047,17,0,0,0,512,2,asynchronous
n010_023.bnet,ref,20,0.2487507522461272,17,0,0,0,512,2,asynchronous
n010_023.bnet,ref,21,0.19750135217869758,17,0,0,0,512,2,asynchronous
n010_023.bnet,ref,22,0.2582320097376714,17,0,0,0,512,2,asynchronous
n010_023.bnet,ref,23,0.13705336899677892,17,0,0,0,512,2,asynchronous
n010_023.bnet,ref,24,0.29936748272599834,17,0,0,0,512,2,asynchronous
n010_023.bnet,ref,25,0.31558874272990023,17,0,0,0,512,2,asynchronous
n010_023.bnet,ref,26,0.1886545058038264,17,0,0,0,512,2,asynchronous
n010_023.bnet,ref,27,0.286353470944679,17,0,0,0,512,2,asynchronous
n010_023.bnet,ref,28,0.194992978096746,17,0,0,0,512,2,asynchronous
n010_023.bnet,ref,29,0.24688286273880095,17,0,0,0,512,2,asynchronous
n010_024.bnet,sd_mc,,0.03944018305066769,500,0,0,0,512,4,asynchronous
n010_024.bnet,ref,0,0.055175395149164176,500,0,0,0,512,4,asynchronous
n010_024.bnet,ref,1,0.05284911889773558,500,0,0,0,512,4,asynchronous
n010_024.bnet,ref,2,0.059739478241904294,500,0,0,0,512,4,asynchronous
n010_024.bnet,ref,3,0.06317702452292963,500,0,0,0,512,4,asynchronous
n010_024.bnet,ref,4,0.0576832576609373,500,0,0,0,512,4,asynchronous
n010_024.bnet,ref,5,0.06357673934025738,500,0,0,0,512,4,asynchronous
n010_024.bnet,ref,6,0.06139795033163581,500,0,0,0,512,4,asynchronous
n010_024.bnet,ref,7,0.0560822245308254,500,0,0,0,512,4,asynchronous
n010_024.bnet,ref,8,0.049123238821920656,500,0,0,0,512,4,asynchronous
n010_024.bnet,ref,9,0.06664672868699675,500,0,0,0,512,4,asynchronous
n010_024.bnet,ref,10,0.07466856430873417,500,0,0,0,512,4,asynchronous
n010_024.bnet,ref,11,0.066435762183724,500,0,0,0,512,4,asynchronous
n010_024.bnet,ref,12,0.0764915893241625,500,0,0,0,512,4,asynchronous
n010_024.bnet,ref,13,0.06784255793319562,500,0,0,0,512,4,asynchronous
n010_024.bnet,ref,14,0.07523690008222397,500,0,0,0,512,4,asynchronous
n010_024.bnet,ref,15,0.06574649814509857,500,0,0,0,512,4,asynchronous
n010_024.bnet,ref,16,0.07474302934774536,500,0,0,0,512,4,asynchronous
n010_024.bnet,ref,17,0.07322141604455502,500,0,0,0,512,4,asynchronous
n010_024.bnet,ref,18,0.049585296565328396,500,0,0,0,512,4,asynchronous
n010_024.bnet,ref,19,0.052850667777802326,500,0,0,0,512,4,asynchronous
n010_024.bnet,ref,20,0.08722194997307793,500,0,0,0,512,4,asynchronous
n010_024.bnet,ref,21,0.07174229930794408,500,0,0,0,512,4,asynchronous
n010_024.bnet,ref,22,0.06403379708862614,500,0,0,0,512,4,asynchronous
n010_024.bnet,ref,23,0.055366600816591345,500,0,0,0,512,4,asynchronous
n010_024.bnet,ref,24,0.06089490398227901,500,0,0,0,512,4,asynchronous
n010_024.bnet,ref,25,0.05781565211012192,500,0,0,0,512,4,asynchronous
n010_024.bnet,ref,26,0.06208915143222424,500,0,0,0,512,4,asynchronous
n010_024.bnet,ref,27,0.06346120018210546,500,0,0,0,512,4,asynchronous
n010_024.bnet,ref,28,0.05191107543904317,500,0,0,0,512,4,asynchronous
n010_024.bnet,ref,29,0.05217413019388658,500,0,0,0,512,4,asynchronous
n010_025.bnet,sd_mc,,0.0823048692052148,8,0,0,0,256,1,asynchronous
n010_025.bnet,ref,0,0.18255797857161318,8,0,0,0,256,1,asynchronous
n010_025.bnet,ref,1,0.2565943145039386,8,0,0,0,256,1,asynchronous
n010_025.bnet,ref,2,0.25086441881813204,8,0,0,0,256,1,asynchronous
n010_025.bnet,ref,3,0.22701185336191285,8,0,0,0,256,1,asynchronous
n010_025.bnet,ref,4,0.35269079103171386,8,0,0,0,256,1,asynchronous
n010_025.bnet,ref,5,0.2669274200576394,8,0,0,0,256,1,asynchronous
n010_025.bnet,ref,6,0.43269400021765986,8,0,0,0,256,1,asynchronous
n010_025.bnet,ref,7,0.2065283583379504,8,0,0,0,256,1,asynchronous
n010_025.bnet,ref,8,0.4402002168198894,8,0,0,0,256,1,asynchronous
n010_025.bnet,ref,9,0.5127576335296233,8,0,0,0,256,1,asynchronous
n010_025.bnet,ref,10,0.19952959720379682,8,0,0,0,256,1,asynchronous
n010_025.bnet,ref,11,0.22056307181401705,8,0,0,0,256,1,asynchronous
n010_025.bnet,ref,12,0.42789361647701957,8,0,0,0,256,1,asynchronous
n010_025.bnet,ref,13,0.2892534382213345,8,0,0,0,256,1,asynchronous
n010_025.bnet,ref,14,0.29992098779655896,8,0,0,0,256,1,asynchronous
n010_025.bnet,ref,15,0.28753861600836367,8,0,0,0,256,1,asynchronous
n010_025.bnet,ref,16,0.28806582330462494,8,0,0,0,256,1,asynchronous
n010_025.bnet,ref,17,0.19175050660242382,8,0,0,0,256,1,asynchronous
n010_025.bnet,ref,18,0.25180919816812847,8,0,0,0,256,1,asynchronous
n010_025.bnet,ref,19,0.32429368747651005,8,0,0,0,256,1,asynchronous
n010_025.bnet,ref,20,0.3240536042899528,8,0,0,0,256,1,asynchronous
n010_025.bnet,ref,21,0.3937907100344731,8,0,0,0,256,1,asynchronous
n010_025.bnet,ref,22,0.46290490543319474,8,0,0,0,256,1,asynchronous
n010_025.bnet,ref,23,0.16925719887408805,8,0,0,0,256,1,asynchronous
n010_025.bnet,ref,24,0.43393416338992374,8,0,0,0,256,1,asynchronous
n010_025.bnet,ref,25,0.18740019723824214,8,0,0,0,256,1,asynchronous
n010_025.bnet,ref,26,0.4564713343899137,8,0,0,0,256,1,asynchronous
n010_025.bnet,ref,27,0.396573014972824,8,0,0,0,256,1,asynchronous
n010_025.bnet,ref,28,0.3272788365760486,8,0,0,0,256,1,asynchronous
n010_025.bnet,ref,29,0.16185868118023308,8,0,0,0,256,1,asynchronous
n010_026.bnet,sd_mc,,0.0,0,0,0,0,2,2,asynchronous
n010_026.bnet,ref,0,0.0,0,0,0,0,2,2,asynchronous
n010_026.bnet,ref,1,0.0,0,0,0,0,2,2,asynchronous
n010_026.bnet,ref,2,0.0,0,0,0,0,2,2,asynchronous
n010_026.bnet,ref,3,0.0,0,0,0,0,2,2,asynchronous
n010_026.bnet,ref,4,0.0,0,0,0,0,2,2,asynchronous
n010_026.bnet,ref,5,0.0,0,0,0,0,2,2,asynchronous
n010_026.bnet,ref,6,0.0,0,0,0,0,2,2,asynchronous
n010_026.bnet,ref,7,0.0,0,0,0,0,2,2,asynchronous
n010_026.bnet,ref,8,0.0,0,0,0,0,2,2,asynchronous
n010_026.bnet,ref,9,0.0,0,0,0,0,2,2,asynchronous
n010_026.bnet,ref,10,0.0,0,0,0,0,2,2,asynchronous
n010_026.bnet,ref,11,0.0,0,0,0,0,2,2,asynchronous
n010_026.bnet,ref,12,0.0,0,0,0,0,2,2,asynchronous
n010_026.bnet,ref,13,0.0,0,0,0,0,2,2,asynchronous
n010_026.bnet,ref,14,0.0,0,0,0,0,2,2,asynchronous
n010_026.bnet,ref,15,0.0,0,0,0,0,2,2,asynchronous
n010_026.bnet,ref,16,0.0,0,0,0,0,2,2,asynchronous
n010_026.bnet,ref,17,0.0,0,0,0,0,2,2,asynchronous
n010_026.bnet,ref,18,0.0,0,0,0,0,2,2,asynchronous
n010_026.bnet,ref,19,0.0,0,0,0,0,2,2,asynchronous
n010_026.bnet,ref,20,0.0,0,0,0,0,2,2,asynchronous
n010_026.bnet,ref,21,0.0,0,0,0,0,2,2,asynchronous
n010_026.bnet,ref,22,0.0,0,0,0,0,2,2,asynchronous
n010_026.bnet,ref,23,0.0,0,0,0,0,2,2,asynchronous
n010_026.bnet,ref,24,0.0,0,0,0,0,2,2,asynchronous
n010_026.bnet,ref,25,0.0,0,0,0,0,2,2,asynchronous
n010_026.bnet,ref,26,0.0,0,0,0,0,2,2,asynchronous
n010_026.bnet,ref,27,0.0,0,0,0,0,2,2,asynchronous
n010_026.bnet,ref,28,0.0,0,0,0,0,2,2,asynchronous
n010_026.bnet,ref,29,0.0,0,0,0,0,2,2,asynchronous
n010_027.bnet,sd_mc,,0.059399853945537553,48,0,0,0,512,1,asynchronous
n010_027.bnet,ref,0,0.1691752239040363,48,0,0,0,512,1,asynchronous
n010_027.bnet,ref,1,0.18937006443243648,48,0,0,0,512,1,asynchronous
n010_027.bnet,ref,2,0.1974043124840009,48,0,0,0,512,1,asynchronous
n010_027.bnet,ref,3,0.10698746416001853,48,0,0,0,512,1,asynchronous
n010_027.bnet,ref,4,0.24710600661143,48,0,0,0,512,1,asynchronous
n010_027.bnet,ref,5,0.1920697030239831,48,0,0,0,512,1,asynchronous
n010_027.bnet,ref,6,0.20899856289467522,48,0,0,0,512,1,asynchronous
n010_027.bnet,ref,7,0.14651811270199497,48,0,0,0,512,1,asynchronous
n010_027.bnet,ref,8,0.2521829958377382,48,0,0,0,512,1,asynchronous
n010_027.bnet,ref,9,0.25209948675569055,48,0,0,0,512,1,asynchronous
n010_027.bnet,ref,10,0.2318703186606139,48,0,0,0,512,1,asynchronous
n010_027.bnet,ref,11,0.1790067570803689,48,0,0,0,512,1,asynchronous
n010_027.bnet,ref,12,0.238833206016798,48,0,0,0,512,1,asynchronous
n010_027.bnet,ref,13,0.19104330381674295,48,0,0,0,512,1,asynchronous
n010_027.bnet,ref,14,0.16677622644699575,48,0,0,0,512,1,asynchronous
n010_027.bnet,ref,15,0.21332343346805582,48,0,0,0,512,1,asynchronous
n010_027.bnet,ref,16,0.1458040734423245,48,0,0,0,512,1,asynchronous
n010_027.bnet,ref,17,0.13250150663382598,48,0,0,0,512,1,asynchronous
n010_027.bnet,ref,18,0.14649312871191572,48,0,0,0,512,1,asynchronous
n010_027.bnet,ref,19,0.20090152487838928,48,0,0,0,512,1,asynchronous
n010_027.bnet,ref,20,0.18056307587445397,48,0,0,0,512,1,asynchronous
n010_027.bnet,ref,21,0.22716413546397557,48,0,0,0,512,1,asynchronous
n010_027.bnet,ref,22,0.2382080440956322,48,0,0,0,512,1,asynchronous
n010_027.bnet,ref,23,0.16820608593237169,48,0,0,0,512,1,asynchronous
n010_027.bnet,ref,24,0.1530382839735594,48,0,0,0,512,1,asynchronous
n010_027.bnet,ref,25,0.08938104517844234,48,0,0,0,512,1,asynchronous
n010_027.bnet,ref,26,0.24889959094435263,48,0,0,0,512,1,asynchronous
n010_027.bnet,ref,27,0.20035304822028682,48,0,0,0,512,1,asynchronous
n010_027.bnet,ref,28,0.2671399975096156,48,0,0,0,512,1,asynchronous
n010_027.bnet,ref,29,0.14251804702007595,48,0,0,0,512,1,asynchronous
n010_029.bnet,sd_mc,,0.13411049526682925,10,0,0,0,128,2,asynchronous
n010_029.bnet,ref,0,0.1861544690390409,10,0,0,0,128,2,asynchronous
n010_029.bnet,ref,1,0.239774277346614,10,0,0,0,128,2,asynchronous
n010_029.bnet,ref,2,0.16136184383842214,10,0,0,0,128,2,asynchronous
n010_029.bnet,ref,3,0.16245502397607312,10,0,0,0,128,2,asynchronous
n010_029.bnet,ref,4,0.2646265247222545,10,0,0,0,128,2,asynchronous
n010_029.bnet,ref,5,0.1660480632864926,10,0,0,0,128,2,asynchronous
n010_029.bnet,ref,6,0.09233206521678691,10,0,0,0,128,2,asynchronous
n010_029.bnet,ref,7,0.0968009299790159,10,0,0,0,128,2,asynchronous
n010_029.bnet,ref,8,0.26535574388894295,10,0,0,0,128,2,asynchronous
n010_029.bnet,ref,9,0.2518962044055106,10,0,0,0,128,2,asynchronous
n010_029.bnet,ref,10,0.1871788617879719,10,0,0,0,128,2,asynchronous
n010_029.bnet,ref,11,0.12522117361271215,10,0,0,0,128,2,asynchronous
n010_029.bnet,ref,12,0.14643456684532,10,0,0,0,128,2,asynchronous
n010_029.bnet,ref,13,0.26170014946927833,10,0,0,0,128,2,asynchronous
n010_029.bnet,ref,14,0.18474840688587302,10,0,0,0,128,2,asynchronous
n010_029.bnet,ref,15,0.20554385648624623,10,0,0,0,128,2,asynchronous
n010_029.bnet,ref,16,0.11509165748405129,10,0,0,0,128,2,asynchronous
n010_029.bnet,ref,17,0.15147591667814922,10,0,0,0,128,2,asynchronous
n010_029.bnet,ref,18,0.16055889318803157,10,0,0,0,128,2,asynchronous
n010_029.bnet,ref,19,0.13158323286680393,10,0,0,0,128,2,asynchronous
n010_029.bnet,ref,20,0.23659697437830865,10,0,0,0,128,2,asynchronous
n010_029.bnet,ref,21,0.22239749560596053,10,0,0,0,128,2,asynchronous
n010_029.bnet,ref,22,0.30199541655411033,10,0,0,0,128,2,asynchronous
n010_029.bnet,ref,23,0.15511843511444667,10,0,0,0,128,2,asynchronous
n010_029.bnet,ref,24,0.12710279059864776,10,0,0,0,128,2,asynchronous
n010_029.bnet,ref,25,0.12625391658692198,10,0,0,0,128,2,asynchronous
n010_029.bnet,ref,26,0.2191906787128508,10,0,0,0,128,2,asynchronous
n010_029.bnet,ref,27,0.2419182520791135,10,0,0,0,128,2,asynchronous
n010_029.bnet,ref,28,0.1575493919211778,10,0,0,0,128,2,asynchronous
n010_029.bnet,ref,29,0.09917404167288098,10,0,0,0,128,2,asynchronous
n010_030.bnet,sd_mc,,0.15257287862161853,8,0,0,0,1024,1,asynchronous
n010_030.bnet,ref,0,0.22373898537744918,8,0,0,0,1024,1,asynchronous
n010_030.bnet,ref,1,0.13839104685324774,8,0,0,0,1024,1,asynchronous
n010_030.bnet,ref,2,0.2761698644853835,8,0,0,0,1024,1,asynchronous
n010_030.bnet,ref,3,0.23409986724995638,8,0,0,0,1024,1,asynchronous
n010_030.bnet,ref,4,0.3845633989624149,8,0,0,0,1024,1,asynchronous
n010_030.bnet,ref,5,0.2731521984179075,8,0,0,0,1024,1,asynchronous
n010_030.bnet,ref,6,0.4182979833110654,8,0,0,0,1024,1,asynchronous
n010_030.bnet,ref,7,0.29417765151134023,8,0,0,0,1024,1,asynchronous
n010_030.bnet,ref,8,0.4073844475825886,8,0,0,0,1024,1,asynchronous
n010_030.bnet,ref,9,0.5106071726720869,8,0,0,0,1024,1,asynchronous
n010_030.bnet,ref,10,0.24566540508567994,8,0,0,0,1024,1,asynchronous
n010_030.bnet,ref,11,0.2218963579611049,8,0,0,0,1024,1,asynchronous
n010_030.bnet,ref,12,0.3994839469320639,8,0,0,0,1024,1,asynchronous
n010_030.bnet,ref,13,0.2523301979728314,8,0,0,0,1024,1,asynchronous
n010_030.bnet,ref,14,0.23549389752468836,8,0,0,0,1024,1,asynchronous
n010_030.bnet,ref,15,0.44300381806273165,8,0,0,0,1024,1,asynchronous
n010_030.bnet,ref,16,0.2828054401169864,8,0,0,0,1024,1,asynchronous
n010_030.bnet,ref,17,0.17313813795004615,8,0,0,0,1024,1,asynchronous
n010_030.bnet,ref,18,0.178621559255351,8,0,0,0,1024,1,asynchronous
n010_030.bnet,ref,19,0.31967459794758585,8,0,0,0,1024,1,asynchronous
n010_030.bnet,ref,20,0.34095808729105404,8,0,0,0,1024,1,asynchronous
n010_030.bnet,ref,21,0.3344512689639956,8,0,0,0,1024,1,asynchronous
n010_030.bnet,ref,22,0.5176445118481043,8,0,0,0,1024,1,asynchronous
n010_030.bnet,ref,23,0.19871906191685032,8,0,0,0,1024,1,asynchronous
n010_030.bnet,ref,24,0.43109972996902446,8,0,0,0,1024,1,asynchronous
n010_030.bnet,ref,25,0.11524709124295833,8,0,0,0,1024,1,asynchronous
n010_030.bnet,ref,26,0.4826065432217558,8,0,0,0,1024,1,asynchronous
n010_030.bnet,ref,27,0.38094194267914167,8,0,0,0,1024,1,asynchronous
n010_030.bnet,ref,28,0.3147176541179541,8,0,0,0,1024,1,asynchronous
n010_030.bnet,ref,29,0.24034737944625095,8,0,0,0,1024,1,asynchronous
n010_031.bnet,sd_mc,,0.0692522888580332,310,0,0,0,512,1,asynchronous
n010_031.bnet,ref,0,0.09429631933788979,310,0,0,0,512,1,asynchronous
n010_031.bnet,ref,1,0.10207905960614436,310,0,0,0,512,1,asynchronous
n010_031.bnet,ref,2,0.07541887687359579,310,0,0,0,512,1,asynchronous
n010_031.bnet,ref,3,0.10604600430492268,310,0,0,0,512,1,asynchronous
n010_031.bnet,ref,4,0.10219523079044374,310,0,0,0,512,1,asynchronous
n010_031.bnet,ref,5,0.10664079522723835,310,0,0,0,512,1,asynchronous
n010_031.bnet,ref,6,0.09451612521245091,310,0,0,0,512,1,asynchronous
n010_031.bnet,ref,7,0.09001988798289108,310,0,0,0,512,1,asynchronous
n010_031.bnet,ref,8,0.07290558601052777,310,0,0,0,512,1,asynchronous
n010_031.bnet,ref,9,0.09109264631154151,310,0,0,0,512,1,asynchronous
n010_031.bnet,ref,10,0.09861162882386362,310,0,0,0,512,1,asynchronous
n010_031.bnet,ref,11,0.08920581092859638,310,0,0,0,512,1,asynchronous
n010_031.bnet,ref,12,0.09279568346663739,310,0,0,0,512,1,asynchronous
n010_031.bnet,ref,13,0.08735107247284364,310,0,0,0,512,1,asynchronous
n010_031.bnet,ref,14,0.09324840230758455,310,0,0,0,512,1,asynchronous
n010_031.bnet,ref,15,0.11047962677789151,310,0,0,0,512,1,asynchronous
n010_031.bnet,ref,16,0.09135780842225101,310,0,0,0,512,1,asynchronous
n010_031.bnet,ref,17,0.08410948556334186,310,0,0,0,512,1,asynchronous
n010_031.bnet,ref,18,0.10399206287775438,310,0,0,0,512,1,asynchronous
n010_031.bnet,ref,19,0.09340784108982705,310,0,0,0,512,1,asynchronous
n010_031.bnet,ref,20,0.11281415703193844,310,0,0,0,512,1,asynchronous
n010_031.bnet,ref,21,0.12424393340753455,310,0,0,0,512,1,asynchronous
n010_031.bnet,ref,22,0.10381514487552305,310,0,0,0,512,1,asynchronous
n010_031.bnet,ref,23,0.09402527690089214,310,0,0,0,512,1,asynchronous
n010_031.bnet,ref,24,0.09799367536381101,310,0,0,0,512,1,asynchronous
n010_031.bnet,ref,25,0.12901879133268887,310,0,0,0,512,1,asynchronous
n010_031.bnet,ref,26,0.10391573805674238,310,0,0,0,512,1,asynchronous
n010_031.bnet,ref,27,0.09491389668383407,310,0,0,0,512,1,asynchronous
n010_031.bnet,ref,28,0.07265959540122316,310,0,0,0,512,1,asynchronous
n010_031.bnet,ref,29,0.09019907900985848,310,0,0,0,512,1,asynchronous
n010_032.bnet,sd_mc,,0.0,0,0,0,0,16,2,asynchronous
n010_032.bnet,ref,0,0.0,0,0,0,0,16,2,asynchronous
n010_032.bnet,ref,1,0.0,0,0,0,0,16,2,asynchronous
n010_032.bnet,ref,2,0.0,0,0,0,0,16,2,asynchronous
n010_032.bnet,ref,3,0.0,0,0,0,0,16,2,asynchronous
n010_032.bnet,ref,4,0.0,0,0,0,0,16,2,asynchronous
n010_032.bnet,ref,5,0.0,0,0,0,0,16,2,asynchronous
n010_032.bnet,ref,6,0.0,0,0,0,0,16,2,asynchronous
n010_032.bnet,ref,7,0.0,0,0,0,0,16,2,asynchronous
n010_032.bnet,ref,8,0.0,0,0,0,0,16,2,asynchronous
n010_032.bnet,ref,9,0.0,0,0,0,0,16,2,asynchronous
n010_032.bnet,ref,10,0.0,0,0,0,0,16,2,asynchronous
n010_032.bnet,ref,11,0.0,0,0,0,0,16,2,asynchronous
n010_032.bnet,ref,12,0.0,0,0,0,0,16,2,asynchronous
n010_032.bnet,ref,13,0.0,0,0,0,0,16,2,asynchronous
n010_032.bnet,ref,14,0.0,0,0,0,0,16,2,asynchronous
n010_032.bnet,ref,15,0.0,0,0,0,0,16,2,asynchronous
n010_032.bnet,ref,16,0.0,0,0,0,0,16,2,asynchronous
n010_032.bnet,ref,17,0.0,0,0,0,0,16,2,asynchronous
n010_032.bnet,ref,18,0.0,0,0,0,0,16,2,asynchronous
n010_032.bnet,ref,19,0.0,0,0,0,0,16,2,asynchronous
n010_032.bnet,ref,20,0.0,0,0,0,0,16,2,asynchronous
n010_032.bnet,ref,21,0.0,0,0,0,0,16,2,asynchronous
n010_032.bnet,ref,22,0.0,0,0,0,0,16,2,asynchronous
n010_032.bnet,ref,23,0.0,0,0,0,0,16,2,asynchronous
n010_032.bnet,ref,24,0.0,0,0,0,0,16,2,asynchronous
n010_032.bnet,ref,25,0.0,0,0,0,0,16,2,asynchronous
n010_032.bnet,ref,26,0.0,0,0,0,0,16,2,asynchronous
n010_032.bnet,ref,27,0.0,0,0,0,0,16,2,asynchronous
n010_032.bnet,ref,28,0.0,0,0,0,0,16,2,asynchronous
n010_032.bnet,ref,29,0.0,0,0,0,0,16,2,asynchronous
n010_033.bnet,sd_mc,,0.0,0,0,0,0,8,2,asynchronous
n010_033.bnet,ref,0,0.0,0,0,0,0,8,2,asynchronous
n010_033.bnet,ref,1,0.0,0,0,0,0,8,2,asynchronous
n010_033.bnet,ref,2,0.0,0,0,0,0,8,2,asynchronous
n010_033.bnet,ref,3,0.0,0,0,0,0,8,2,asynchronous
n010_033.bnet,ref,4,0.0,0,0,0,0,8,2,asynchronous
n010_033.bnet,ref,5,0.0,0,0,0,0,8,2,asynchronous
n010_033.bnet,ref,6,0.0,0,0,0,0,8,2,asynchronous
n010_033.bnet,ref,7,0.0,0,0,0,0,8,2,asynchronous
n010_033.bnet,ref,8,0.0,0,0,0,0,8,2,asynchronous
n010_033.bnet,ref,9,0.0,0,0,0,0,8,2,asynchronous
n010_033.bnet,ref,10,0.0,0,0,0,0,8,2,asynchronous
n010_033.bnet,ref,11,0.0,0,0,0,0,8,2,asynchronous
n010_033.bnet,ref,12,0.0,0,0,0,0,8,2,asynchronous
n010_033.bnet,ref,13,0.0,0,0,0,0,8,2,asynchronous
n010_033.bnet,ref,14,0.0,0,0,0,0,8,2,asynchronous
n010_033.bnet,ref,15,0.0,0,0,0,0,8,2,asynchronous
n010_033.bnet,ref,16,0.0,0,0,0,0,8,2,asynchronous
n010_033.bnet,ref,17,0.0,0,0,0,0,8,2,asynchronous
n010_033.bnet,ref,18,0.0,0,0,0,0,8,2,asynchronous
n010_033.bnet,ref,19,0.0,0,0,0,0,8,2,asynchronous
n010_033.bnet,ref,20,0.0,0,0,0,0,8,2,asynchronous
n010_033.bnet,ref,21,0.0,0,0,0,0,8,2,asynchronous
n010_033.bnet,ref,22,0.0,0,0,0,0,8,2,asynchronous
n010_033.bnet,ref,23,0.0,0,0,0,0,8,2,asynchronous
n010_033.bnet,ref,24,0.0,0,0,0,0,8,2,asynchronous
n010_033.bnet,ref,25,0.0,0,0,0,0,8,2,asynchronous
n010_033.bnet,ref,26,0.0,0,0,0,0,8,2,asynchronous
n010_033.bnet,ref,27,0.0,0,0,0,0,8,2,asynchronous
n010_033.bnet,ref,28,0.0,0,0,0,0,8,2,asynchronous
n010_033.bnet,ref,29,0.0,0,0,0,0,8,2,asynchronous
n010_034.bnet,sd_mc,,0.0,0,0,0,0,2,2,asynchronous
n010_034.bnet,ref,0,0.0,0,0,0,0,2,2,asynchronous
n010_034.bnet,ref,1,0.0,0,0,0,0,2,2,asynchronous
n010_034.bnet,ref,2,0.0,0,0,0,0,2,2,asynchronous
n010_034.bnet,ref,3,0.0,0,0,0,0,2,2,asynchronous
n010_034.bnet,ref,4,0.0,0,0,0,0,2,2,asynchronous
n010_034.bnet,ref,5,0.0,0,0,0,0,2,2,asynchronous
n010_034.bnet,ref,6,0.0,0,0,0,0,2,2,asynchronous
n010_034.bnet,ref,7,0.0,0,0,0,0,2,2,asynchronous
n010_034.bnet,ref,8,0.0,0,0,0,0,2,2,asynchronous
n010_034.bnet,ref,9,0.0,0,0,0,0,2,2,asynchronous
n010_034.bnet,ref,10,0.0,0,0,0,0,2,2,asynchronous
n010_034.bnet,ref,11,0.0,0,0,0,0,2,2,asynchronous
n010_034.bnet,ref,12,0.0,0,0,0,0,2,2,asynchronous
n010_034.bnet,ref,13,0.0,0,0,0,0,2,2,asynchronous
n010_034.bnet,ref,14,0.0,0,0,0,0,2,2,asynchronous
n010_034.bnet,ref,15,0.0,0,0,0,0,2,2,asynchronous
n010_034.bnet,ref,16,0.0,0,0,0,0,2,2,asynchronous
n010_034.bnet,ref,17,0.0,0,0,0,0,2,2,asynchronous
n010_034.bnet,ref,18,0.0,0,0,0,0,2,2,asynchronous
n010_034.bnet,ref,19,0.0,0,0,0,0,2,2,asynchronous
n010_034.bnet,ref,20,0.0,0,0,0,0,2,2,asynchronous
n010_034.bnet,ref,21,0.0,0,0,0,0,2,2,asynchronous
n010_034.bnet,ref,22,0.0,0,0,0,0,2,2,asynchronous
n010_034.bnet,ref,23,0.0,0,0,0,0,2,2,asynchronous
n010_034.bnet,ref,24,0.0,0,0,0,0,2,2,asynchronous
n010_034.bnet,ref,25,0.0,0,0,0,0,2,2,asynchronous
n010_034.bnet,ref,26,0.0,0,0,0,0,2,2,asynchronous
n010_034.bnet,ref,27,0.0,0,0,0,0,2,2,asynchronous
n010_034.bnet,ref,28,0.0,0,0,0,0,2,2,asynchronous
n010_034.bnet,ref,29,0.0,0,0,0,0,2,2,asynchronous
n010_035.bnet,sd_mc,,0.0,0,0,0,0,32,4,asynchronous
n010_035.bnet,ref,0,0.0,0,0,0,0,32,4,asynchronous
n010_035.bnet,ref,1,0.0,0,0,0,0,32,4,asynchronous
n010_035.bnet,ref,2,0.0,0,0,0,0,32,4,asynchronous
n010_035.bnet,ref,3,0.0,0,0,0,0,32,4,asynchronous
n010_035.bnet,ref,4,0.0,0,0,0,0,32,4,asynchronous
n010_035.bnet,ref,5,0.0,0,0,0,0,32,4,asynchronous
n010_035.bnet,ref,6,0.0,0,0,0,0,32,4,asynchronous
n010_035.bnet,ref,7,0.0,0,0,0,0,32,4,asynchronous
n010_035.bnet,ref,8,0.0,0,0,0,0,32,4,asynchronous
n010_035.bnet,ref,9,0.0,0,0,0,0,32,4,asynchronous
n010_035.bnet,ref,10,0.0,0,0,0,0,32,4,asynchronous
n010_035.bnet,ref,11,0.0,0,0,0,0,32,4,asynchronous
n010_035.bnet,ref,12,0.0,0,0,0,0,32,4,asynchronous
n010_035.bnet,ref,13,0.0,0,0,0,0,32,4,asynchronous
n010_035.bnet,ref,14,0.0,0,0,0,0,32,4,asynchronous
n010_035.bnet,ref,15,0.0,0,0,0,0,32,4,asynchronous
n010_035.bnet,ref,16,0.0,0,0,0,0,32,4,asynchronous
n010_035.bnet,ref,17,0.0,0,0,0,0,32,4,asynchronous
n010_035.bnet,ref,18,0.0,0,0,0,0,32,4,asynchronous
n010_035.bnet,ref,19,0.0,0,0,0,0,32,4,asynchronous
n010_035.bnet,ref,20,0.0,0,0,0,0,32,4,asynchronous
n010_035.bnet,ref,21,0.0,0,0,0,0,32,4,asynchronous
n010_035.bnet,ref,22,0.0,0,0,0,0,32,4,asynchronous
n010_035.bnet,ref,23,0.0,0,0,0,0,32,4,asynchronous
n010_035.bnet,ref,24,0.0,0,0,0,0,32,4,asynchronous
n010_035.bnet,ref,25,0.0,0,0,0,0,32,4,asynchronous
n010_035.bnet,ref,26,0.0,0,0,0,0,32,4,asynchronous
n010_035.bnet,ref,27,0.0,0,0,0,0,32,4,asynchronous
n010_035.bnet,ref,28,0.0,0,0,0,0,32,4,asynchronous
n010_035.bnet,ref,29,0.0,0,0,0,0,32,4,asynchronous
n010_036.bnet,sd_mc,,0.07764560308254204,70,0,0,0,64,4,asynchronous
n010_036.bnet,ref,0,0.1478786189933618,70,0,0,0,64,4,asynchronous
n010_036.bnet,ref,1,0.12673115128749293,70,0,0,0,64,4,asynchronous
n010_036.bnet,ref,2,0.15614684066670817,70,0,0,0,64,4,asynchronous
n010_036.bnet,ref,3,0.2126659451315121,70,0,0,0,64,4,asynchronous
n010_036.bnet,ref,4,0.1511264552099211,70,0,0,0,64,4,asynchronous
n010_036.bnet,ref,5,0.19103952063329446,70,0,0,0,64,4,asynchronous
n010_036.bnet,ref,6,0.13644704952223163,70,0,0,0,64,4,asynchronous
n010_036.bnet,ref,7,0.19280668947357726,70,0,0,0,64,4,asynchronous
n010_036.bnet,ref,8,0.1440792695807483,70,0,0,0,64,4,asynchronous
n010_036.bnet,ref,9,0.12103566205580192,70,0,0,0,64,4,asynchronous
n010_036.bnet,ref,10,0.18924531456635776,70,0,0,0,64,4,asynchronous
n010_036.bnet,ref,11,0.13690914973657894,70,0,0,0,64,4,asynchronous
n010_036.bnet,ref,12,0.1294082299638804,70,0,0,0,64,4,asynchronous
n010_036.bnet,ref,13,0.14326363065351466,70,0,0,0,64,4,asynchronous
n010_036.bnet,ref,14,0.11471593734391759,70,0,0,0,64,4,asynchronous
n010_036.bnet,ref,15,0.1670458861088582,70,0,0,0,64,4,asynchronous
n010_036.bnet,ref,16,0.12407072815506308,70,0,0,0,64,4,asynchronous
n010_036.bnet,ref,17,0.1839594900798578,70,0,0,0,64,4,asynchronous
n010_036.bnet,ref,18,0.13455267583271996,70,0,0,0,64,4,asynchronous
n010_036.bnet,ref,19,0.13565538741122385,70,0,0,0,64,4,asynchronous
n010_036.bnet,ref,20,0.06956191854327018,70,0,0,0,64,4,asynchronous
n010_036.bnet,ref,21,0.19887241036913708,70,0,0,0,64,4,asynchronous
n010_036.bnet,ref,22,0.16930652392163936,70,0,0,0,64,4,asynchronous
n010_036.bnet,ref,23,0.15053094806278255,70,0,0,0,64,4,asynchronous
n010_036.bnet,ref,24,0.1843218701375317,70,0,0,0,64,4,asynchronous
n010_036.bnet,ref,25,0.18071870345945754,70,0,0,0,64,4,asynchronous
n010_036.bnet,ref,26,0.11730269837008261,70,0,0,0,64,4,asynchronous
n010_036.bnet,ref,27,0.13053132512412904,70,0,0,0,64,4,asynchronous
n010_036.bnet,ref,28,0.12821583491281996,70,0,0,0,64,4,asynchronous
n010_036.bnet,ref,29,0.15024790967755502,70,0,0,0,64,4,asynchronous
n010_037.bnet,sd_mc,,0.0,0,0,0,0,2,1,asynchronous
n010_037.bnet,ref,0,0.0,0,0,0,0,2,1,asynchronous
n010_037.bnet,ref,1,0.0,0,0,0,0,2,1,asynchronous
n010_037.bnet,ref,2,0.0,0,0,0,0,2,1,asynchronous
n010_037.bnet,ref,3,0.0,0,0,0,0,2,1,asynchronous
n010_037.bnet,ref,4,0.0,0,0,0,0,2,1,asynchronous
n010_037.bnet,ref,5,0.0,0,0,0,0,2,1,asynchronous
n010_037.bnet,ref,6,0.0,0,0,0,0,2,1,asynchronous
n010_037.bnet,ref,7,0.0,0,0,0,0,2,1,asynchronous
n010_037.bnet,ref,8,0.0,0,0,0,0,2,1,asynchronous
n010_037.bnet,ref,9,0.0,0,0,0,0,2,1,asynchronous
n010_037.bnet,ref,10,0.0,0,0,0,0,2,1,asynchronous
n010_037.bnet,ref,11,0.0,0,0,0,0,2,1,asynchronous
n010_037.bnet,ref,12,0.0,0,0,0,0,2,1,asynchronous
n010_037.bnet,ref,13,0.0,0,0,0,0,2,1,asynchronous
n010_037.bnet,ref,14,0.0,0,0,0,0,2,1,asynchronous
n010_037.bnet,ref,15,0.0,0,0,0,0,2,1,asynchronous
n010_037.bnet,ref,16,0.0,0,0,0,0,2,1,asynchronous
n010_037.bnet,ref,17,0.0,0,0,0,0,2,1,asynchronous
n010_037.bnet,ref,18,0.0,0,0,0,0,2,1,asynchronous
n010_037.bnet,ref,19,0.0,0,0,0,0,2,1,asynchronous
n010_037.bnet,ref,20,0.0,0,0,0,0,2,1,asynchronous
n010_037.bnet,ref,21,0.0,0,0,0,0,2,1,asynchronous
n010_037.bnet,ref,22,0.0,0,0,0,0,2,1,asynchronous
n010_037.bnet,ref,23,0.0,0,0,0,0,2,1,asynchronous
n010_037.bnet,ref,24,0.0,0,0,0,0,2,1,asynchronous
n010_037.bnet,ref,25,0.0,0,0,0,0,2,1,asynchronous
n010_037.bnet,ref,26,0.0,0,0,0,0,2,1,asynchronous
n010_037.bnet,ref,27,0.0,0,0,0,0,2,1,asynchronous
n010_037.bnet,ref,28,0.0,0,0,0,0,2,1,asynchronous
n010_037.bnet,ref,29,0.0,0,0,0,0,2,1,asynchronous
n010_039.bnet,sd_mc,,0.19724427156911306,1,0,0,0,256,1,asynchronous
n010_039.bnet,ref,0,0.15077472183403695,1,0,0,0,256,1,asynchronous
n010_039.bnet,ref,1,0.5409004417977359,1,0,0,0,256,1,asynchronous
n010_039.bnet,ref,2,0.1756004288690074,1,0,0,0,256,1,asynchronous
n010_039.bnet,ref,3,0.3735285520532653,1,0,0,0,256,1,asynchronous
n010_039.bnet,ref,4,0.018111787273135116,1,0,0,0,256,1,asynchronous
n010_039.bnet,ref,5,0.221313389512048,1,0,0,0,256,1,asynchronous
n010_039.bnet,ref,6,0.18661292604464125,1,0,0,0,256,1,asynchronous
n010_039.bnet,ref,7,0.0044542702909814436,1,0,0,0,256,1,asynchronous
n010_039.bnet,ref,8,0.4870865201121101,1,0,0,0,256,1,asynchronous
n010_039.bnet,ref,9,0.12413061923085134,1,0,0,0,256,1,asynchronous
n010_039.bnet,ref,10,0.10651973435593132,1,0,0,0,256,1,asynchronous
n010_039.bnet,ref,11,0.2308074632396726,1,0,0,0,256,1,asynchronous
n010_039.bnet,ref,12,0.25853967156249047,1,0,0,0,256,1,asynchronous
n010_039.bnet,ref,13,0.40345975804786416,1,0,0,0,256,1,asynchronous
n010_039.bnet,ref,14,0.5457731712230249,1,0,0,0,256,1,asynchronous
n010_039.bnet,ref,15,0.3103139495837435,1,0,0,0,256,1,asynchronous
n010_039.bnet,ref,16,0.2483955173932786,1,0,0,0,256,1,asynchronous
n010_039.bnet,ref,17,0.28489514721714043,1,0,0,0,256,1,asynchronous
n010_039.bnet,ref,18,0.4626544465336566,1,0,0,0,256,1,asynchronous
n010_039.bnet,ref,19,0.21461714705568152,1,0,0,0,256,1,asynchronous
n010_039.bnet,ref,20,0.10884864600735955,1,0,0,0,256,1,asynchronous
n010_039.bnet,ref,21,0.4847683479951689,1,0,0,0,256,1,asynchronous
n010_039.bnet,ref,22,0.1944712832850075,1,0,0,0,256,1,asynchronous
n010_039.bnet,ref,23,0.18409170213742349,1,0,0,0,256,1,asynchronous
n010_039.bnet,ref,24,0.2188140494547119,1,0,0,0,256,1,asynchronous
n010_039.bnet,ref,25,0.3886189551569852,1,0,0,0,256,1,asynchronous
n010_039.bnet,ref,26,0.108830309697174,1,0,0,0,256,1,asynchronous
n010_039.bnet,ref,27,0.1973400024197841,1,0,0,0,256,1,asynchronous
n010_039.bnet,ref,28,0.21445448029499137,1,0,0,0,256,1,asynchronous
n010_039.bnet,ref,29,0.06461347663367278,1,0,0,0,256,1,asynchronous
n010_040.bnet,sd_mc,,0.0,0,0,0,0,4,4,asynchronous
n010_040.bnet,ref,0,0.0,0,0,0,0,4,4,asynchronous
n010_040.bnet,ref,1,0.0,0,0,0,0,4,4,asynchronous
n010_040.bnet,ref,2,0.0,0,0,0,0,4,4,asynchronous
n010_040.bnet,ref,3,0.0,0,0,0,0,4,4,asynchronous
n010_040.bnet,ref,4,0.0,0,0,0,0,4,4,asynchronous
n010_040.bnet,ref,5,0.0,0,0,0,0,4,4,asynchronous
n010_040.bnet,ref,6,0.0,0,0,0,0,4,4,asynchronous
n010_040.bnet,ref,7,0.0,0,0,0,0,4,4,asynchronous
n010_040.bnet,ref,8,0.0,0,0,0,0,4,4,asynchronous
n010_040.bnet,ref,9,0.0,0,0,0,0,4,4,asynchronous
n010_040.bnet,ref,10,0.0,0,0,0,0,4,4,asynchronous
n010_040.bnet,ref,11,0.0,0,0,0,0,4,4,asynchronous
n010_040.bnet,ref,12,0.0,0,0,0,0,4,4,asynchronous
n010_040.bnet,ref,13,0.0,0,0,0,0,4,4,asynchronous
n010_040.bnet,ref,14,0.0,0,0,0,0,4,4,asynchronous
n010_040.bnet,ref,15,0.0,0,0,0,0,4,4,asynchronous
n010_040.bnet,ref,16,0.0,0,0,0,0,4,4,asynchronous
n010_040.bnet,ref,17,0.0,0,0,0,0,4,4,asynchronous
n010_040.bnet,ref,18,0.0,0,0,0,0,4,4,asynchronous
n010_040.bnet,ref,19,0.0,0,0,0,0,4,4,asynchronous
n010_040.bnet,ref,20,0.0,0,0,0,0,4,4,asynchronous
n010_040.bnet,ref,21,0.0,0,0,0,0,4,4,asynchronous
n010_040.bnet,ref,22,0.0,0,0,0,0,4,4,asynchronous
n010_040.bnet,ref,23,0.0,0,0,0,0,4,4,asynchronous
n010_040.bnet,ref,24,0.0,0,0,0,0,4,4,asynchronous
n010_040.bnet,ref,25,0.0,0,0,0,0,4,4,asynchronous
n010_040.bnet,ref,26,0.0,0,0,0,0,4,4,asynchronous
n010_040.bnet,ref,27,0.0,0,0,0,0,4,4,asynchronous
n010_040.bnet,ref,28,0.0,0,0,0,0,4,4,asynchronous
n010_040.bnet,ref,29,0.0,0,0,0,0,4,4,asynchronous
n010_041.bnet,sd_mc,,0.04888709353783279,774,0,0,0,1024,1,asynchronous
n010_041.bnet,ref,0,0.07987762807718077,774,0,0,0,1024,1,asynchronous
n010_041.bnet,ref,1,0.09300388286036293,774,0,0,0,1024,1,asynchronous
n010_041.bnet,ref,2,0.09023871026577265,774,0,0,0,1024,1,asynchronous
n010_041.bnet,ref,3,0.08722673707610405,774,0,0,0,1024,1,asynchronous
n010_041.bnet,ref,4,0.08679702090683324,774,0,0,0,1024,1,asynchronous
n010_041.bnet,ref,5,0.08930926798560963,774,0,0,0,1024,1,asynchronous
n010_041.bnet,ref,6,0.09262357262405693,774,0,0,0,1024,1,asynchronous
n010_041.bnet,ref,7,0.08741858073536347,774,0,0,0,1024,1,asynchronous
n010_041.bnet,ref,8,0.08295628295669447,774,0,0,0,1024,1,asynchronous
n010_041.bnet,ref,9,0.08773380600272322,774,0,0,0,1024,1,asynchronous
n010_041.bnet,ref,10,0.09270466631452325,774,0,0,0,1024,1,asynchronous
n010_041.bnet,ref,11,0.08271321979172924,774,0,0,0,1024,1,asynchronous
n010_041.bnet,ref,12,0.09620538274486233,774,0,0,0,1024,1,asynchronous
n010_041.bnet,ref,13,0.08914587986819827,774,0,0,0,1024,1,asynchronous
n010_041.bnet,ref,14,0.09563288798471196,774,0,0,0,1024,1,asynchronous
n010_041.bnet,ref,15,0.08939091690988861,774,0,0,0,1024,1,asynchronous
n010_041.bnet,ref,16,0.08811410648431107,774,0,0,0,1024,1,asynchronous
n010_041.bnet,ref,17,0.08744280419247899,774,0,0,0,1024,1,asynchronous
n010_041.bnet,ref,18,0.08704119693888906,774,0,0,0,1024,1,asynchronous
n010_041.bnet,ref,19,0.08425204596546043,774,0,0,0,1024,1,asynchronous
n010_041.bnet,ref,20,0.09665700966050893,774,0,0,0,1024,1,asynchronous
n010_041.bnet,ref,21,0.0921937433318546,774,0,0,0,1024,1,asynchronous
n010_041.bnet,ref,22,0.0884879521120771,774,0,0,0,1024,1,asynchronous
n010_041.bnet,ref,23,0.09607156221362859,774,0,0,0,1024,1,asynchronous
n010_041.bnet,ref,24,0.09093566332536379,774,0,0,0,1024,1,asynchronous
n010_041.bnet,ref,25,0.08919135719020256,774,0,0,0,1024,1,asynchronous
n010_041.bnet,ref,26,0.08799629107844192,774,0,0,0,1024,1,asynchronous
n010_041.bnet,ref,27,0.08777553312991757,774,0,0,0,1024,1,asynchronous
n010_041.bnet,ref,28,0.09057184603875487,774,0,0,0,1024,1,asynchronous
n010_041.bnet,ref,29,0.08833104492282613,774,0,0,0,1024,1,asynchronous
n010_042.bnet,sd_mc,,0.12917787114567975,45,0,0,0,64,1,asynchronous
n010_042.bnet,ref,0,0.1389617000312944,45,0,0,0,64,1,asynchronous
n010_042.bnet,ref,1,0.13759855267144666,45,0,0,0,64,1,asynchronous
n010_042.bnet,ref,2,0.10827932365789812,45,0,0,0,64,1,asynchronous
n010_042.bnet,ref,3,0.1252034662020267,45,0,0,0,64,1,asynchronous
n010_042.bnet,ref,4,0.12401056203969417,45,0,0,0,64,1,asynchronous
n010_042.bnet,ref,5,0.13048441129200863,45,0,0,0,64,1,asynchronous
n010_042.bnet,ref,6,0.18228190618336887,45,0,0,0,64,1,asynchronous
n010_042.bnet,ref,7,0.2140158061810306,45,0,0,0,64,1,asynchronous
n010_042.bnet,ref,8,0.28425809753255293,45,0,0,0,64,1,asynchronous
n010_042.bnet,ref,9,0.2278935263668052,45,0,0,0,64,1,asynchronous
n010_042.bnet,ref,10,0.11929088383258946,45,0,0,0,64,1,asynchronous
n010_042.bnet,ref,11,0.2063921107644872,45,0,0,0,64,1,asynchronous
n010_042.bnet,ref,12,0.20187616376317735,45,0,0,0,64,1,asynchronous
n010_042.bnet,ref,13,0.1498193695657521,45,0,0,0,64,1,asynchronous
n010_042.bnet,ref,14,0.18612207711414916,45,0,0,0,64,1,asynchronous
n010_042.bnet,ref,15,0.17860478919679762,45,0,0,0,64,1,asynchronous
n010_042.bnet,ref,16,0.14433766242477683,45,0,0,0,64,1,asynchronous
n010_042.bnet,ref,17,0.053860786607802316,45,0,0,0,64,1,asynchronous
n010_042.bnet,ref,18,0.08475442370557841,45,0,0,0,64,1,asynchronous
n010_042.bnet,ref,19,0.14279339421594023,45,0,0,0,64,1,asynchronous
n010_042.bnet,ref,20,0.1436286095448039,45,0,0,0,64,1,asynchronous
n010_042.bnet,ref,21,0.15796272246133944,45,0,0,0,64,1,asynchronous
n010_042.bnet,ref,22,0.2251416967818578,45,0,0,0,64,1,asynchronous
n010_042.bnet,ref,23,0.22660955741139424,45,0,0,0,64,1,asynchronous
n010_042.bnet,ref,24,0.20375203438833348,45,0,0,0,64,1,asynchronous
n010_042.bnet,ref,25,0.19268300353089066,45,0,0,0,64,1,asynchronous
n010_042.bnet,ref,26,0.22157162505812247,45,0,0,0,64,1,asynchronous
n010_042.bnet,ref,27,0.18832443136087432,45,0,0,0,64,1,asynchronous
n010_042.bnet,ref,28,0.2632363073565508,45,0,0,0,64,1,asynchronous
n010_042.bnet,ref,29,0.10294293965523783,45,0,0,0,64,1,asynchronous
n010_043.bnet,sd_mc,,0.10001162076249315,1,0,0,0,256,2,asynchronous
n010_043.bnet,ref,0,0.24122575361220555,1,0,0,0,256,2,asynchronous
n010_043.bnet,ref,1,0.35840177171060295,1,0,0,0,256,2,asynchronous
n010_043.bnet,ref,2,0.05933180365356194,1,0,0,0,256,2,asynchronous
n010_043.bnet,ref,3,0.28904669022888574,1,0,0,0,256,2,asynchronous
n010_043.bnet,ref,4,0.6777107002383047,1,0,0,0,256,2,asynchronous
n010_043.bnet,ref,5,0.40173724130013055,1,0,0,0,256,2,asynchronous
n010_043.bnet,ref,6,0.2554718968330906,1,0,0,0,256,2,asynchronous
n010_043.bnet,ref,7,0.6962213854519873,1,0,0,0,256,2,asynchronous
n010_043.bnet,ref,8,0.00040957531733776253,1,0,0,0,256,2,asynchronous
n010_043.bnet,ref,9,0.1550267547720896,1,0,0,0,256,2,asynchronous
n010_043.bnet,ref,10,0.45844736985289897,1,0,0,0,256,2,asynchronous
n010_043.bnet,ref,11,0.5071539385919881,1,0,0,0,256,2,asynchronous
n010_043.bnet,ref,12,0.38773904334249126,1,0,0,0,256,2,asynchronous
n010_043.bnet,ref,13,0.3839339478965428,1,0,0,0,256,2,asynchronous
n010_043.bnet,ref,14,0.3657075118423676,1,0,0,0,256,2,asynchronous
n010_043.bnet,ref,15,0.868774866888411,1,0,0,0,256,2,asynchronous
n010_043.bnet,ref,16,0.34896908333424526,1,0,0,0,256,2,asynchronous
n010_043.bnet,ref,17,0.4278800312041496,1,0,0,0,256,2,asynchronous
n010_043.bnet,ref,18,0.22026998335233317,1,0,0,0,256,2,asynchronous
n010_043.bnet,ref,19,0.28307268126252494,1,0,0,0,256,2,asynchronous
n010_043.bnet,ref,20,0.4119849102439611,1,0,0,0,256,2,asynchronous
n010_043.bnet,ref,21,0.3636929559066622,1,0,0,0,256,2,asynchronous
n010_043.bnet,ref,22,0.028377679225873087,1,0,0,0,256,2,asynchronous
n010_043.bnet,ref,23,0.3691077463527782,1,0,0,0,256,2,asynchronous
n010_043.bnet,ref,24,0.06295628121294261,1,0,0,0,256,2,asynchronous
n010_043.bnet,ref,25,0.3608236353695766,1,0,0,0,256,2,asynchronous
n010_043.bnet,ref,26,0.38731257656448836,1,0,0,0,256,2,asynchronous
n010_043.bnet,ref,27,0.4614481932644677,1,0,0,0,256,2,asynchronous
n010_043.bnet,ref,28,0.7046493010204574,1,0,0,0,256,2,asynchronous
n010_043.bnet,ref,29,0.593915082818405,1,0,0,0,256,2,asynchronous
n010_044.bnet,sd_mc,,0.1659667511950056,1,0,0,0,1024,1,asynchronous
n010_044.bnet,ref,0,0.2445522422081392,1,0,0,0,1024,1,asynchronous
n010_044.bnet,ref,1,0.6346779621718381,1,0,0,0,1024,1,asynchronous
n010_044.bnet,ref,2,0.26937794924310965,1,0,0,0,1024,1,asynchronous
n010_044.bnet,ref,3,0.46730607242736755,1,0,0,0,1024,1,asynchronous
n010_044.bnet,ref,4,0.07566573310096714,1,0,0,0,1024,1,asynchronous
n010_044.bnet,ref,5,0.31509090988615024,1,0,0,0,1024,1,asynchronous
n010_044.bnet,ref,6,0.2803904464187435,1,0,0,0,1024,1,asynchronous
n010_044.bnet,ref,7,0.08932325008312081,1,0,0,0,1024,1,asynchronous
n010_044.bnet,ref,8,0.5808640404862124,1,0,0,0,1024,1,asynchronous
n010_044.bnet,ref,9,0.2179081396049536,1,0,0,0,1024,1,asynchronous
n010_044.bnet,ref,10,0.20029725473003357,1,0,0,0,1024,1,asynchronous
n010_044.bnet,ref,11,0.32458498361377486,1,0,0,0,1024,1,asynchronous
n010_044.bnet,ref,12,0.3523171919365927,1,0,0,0,1024,1,asynchronous
n010_044.bnet,ref,13,0.4972372784219664,1,0,0,0,1024,1,asynchronous
n010_044.bnet,ref,14,0.6395506915971272,1,0,0,0,1024,1,asynchronous
n010_044.bnet,ref,15,0.21653642920964122,1,0,0,0,1024,1,asynchronous
n010_044.bnet,ref,16,0.34217303776738084,1,0,0,0,1024,1,asynchronous
n010_044.bnet,ref,17,0.3786726675912427,1,0,0,0,1024,1,asynchronous
n010_044.bnet,ref,18,0.5564319669077589,1,0,0,0,1024,1,asynchronous
n010_044.bnet,ref,19,0.3083946674297838,1,0,0,0,1024,1,asynchronous
n010_044.bnet,ref,20,0.2026261663814618,1,0,0,0,1024,1,asynchronous
n010_044.bnet,ref,21,0.5785458683692711,1,0,0,0,1024,1,asynchronous
n010_044.bnet,ref,22,0.10069376291090526,1,0,0,0,1024,1,asynchronous
n010_044.bnet,ref,23,0.27786922251152574,1,0,0,0,1024,1,asynchronous
n010_044.bnet,ref,24,0.31259156982881414,1,0,0,0,1024,1,asynchronous
n010_044.bnet,ref,25,0.48239647553108744,1,0,0,0,1024,1,asynchronous
n010_044.bnet,ref,26,0.015052789323071747,1,0,0,0,1024,1,asynchronous
n010_044.bnet,ref,27,0.29111752279388636,1,0,0,0,1024,1,asynchronous
n010_044.bnet,ref,28,0.3082320006690936,1,0,0,0,1024,1,asynchronous
n010_044.bnet,ref,29,0.15839099700777504,1,0,0,0,1024,1,asynchronous
n010_045.bnet,sd_mc,,0.0,0,0,0,0,64,1,asynchronous
n010_045.bnet,ref,0,0.0,0,0,0,0,64,1,asynchronous
n010_045.bnet,ref,1,0.0,0,0,0,0,64,1,asynchronous
n010_045.bnet,ref,2,0.0,0,0,0,0,64,1,asynchronous
n010_045.bnet,ref,3,0.0,0,0,0,0,64,1,asynchronous
n010_045.bnet,ref,4,0.0,0,0,0,0,64,1,asynchronous
n010_045.bnet,ref,5,0.0,0,0,0,0,64,1,asynchronous
n010_045.bnet,ref,6,0.0,0,0,0,0,64,1,asynchronous
n010_045.bnet,ref,7,0.0,0,0,0,0,64,1,asynchronous
n010_045.bnet,ref,8,0.0,0,0,0,0,64,1,asynchronous
n010_045.bnet,ref,9,0.0,0,0,0,0,64,1,asynchronous
n010_045.bnet,ref,10,0.0,0,0,0,0,64,1,asynchronous
n010_045.bnet,ref,11,0.0,0,0,0,0,64,1,asynchronous
n010_045.bnet,ref,12,0.0,0,0,0,0,64,1,asynchronous
n010_045.bnet,ref,13,0.0,0,0,0,0,64,1,asynchronous
n010_045.bnet,ref,14,0.0,0,0,0,0,64,1,asynchronous
n010_045.bnet,ref,15,0.0,0,0,0,0,64,1,asynchronous
n010_045.bnet,ref,16,0.0,0,0,0,0,64,1,asynchronous
n010_045.bnet,ref,17,0.0,0,0,0,0,64,1,asynchronous
n010_045.bnet,ref,18,0.0,0,0,0,0,64,1,asynchronous
n010_045.bnet,ref,19,0.0,0,0,0,0,64,1,asynchronous
n010_045.bnet,ref,20,0.0,0,0,0,0,64,1,asynchronous
n010_045.bnet,ref,21,0.0,0,0,0,0,64,1,asynchronous
n010_045.bnet,ref,22,0.0,0,0,0,0,64,1,asynchronous
n010_045.bnet,ref,23,0.0,0,0,0,0,64,1,asynchronous
n010_045.bnet,ref,24,0.0,0,0,0,0,64,1,asynchronous
n010_045.bnet,ref,25,0.0,0,0,0,0,64,1,asynchronous
n010_045.bnet,ref,26,0.0,0,0,0,0,64,1,asynchronous
n010_045.bnet,ref,27,0.0,0,0,0,0,64,1,asynchronous
n010_045.bnet,ref,28,0.0,0,0,0,0,64,1,asynchronous
n010_045.bnet,ref,29,0.0,0,0,0,0,64,1,asynchronous
n010_047.bnet,sd_mc,,0.050485931358361165,126,0,0,0,512,1,asynchronous
n010_047.bnet,ref,0,0.10137430721686605,126,0,0,0,512,1,asynchronous
n010_047.bnet,ref,1,0.10387073818784609,126,0,0,0,512,1,asynchronous
n010_047.bnet,ref,2,0.14219978630045305,126,0,0,0,512,1,asynchronous
n010_047.bnet,ref,3,0.10679906150828951,126,0,0,0,512,1,asynchronous
n010_047.bnet,ref,4,0.13950572916482668,126,0,0,0,512,1,asynchronous
n010_047.bnet,ref,5,0.110710030184589,126,0,0,0,512,1,asynchronous
n010_047.bnet,ref,6,0.10495143561378516,126,0,0,0,512,1,asynchronous
n010_047.bnet,ref,7,0.09729427646807585,126,0,0,0,512,1,asynchronous
n010_047.bnet,ref,8,0.09426543906482104,126,0,0,0,512,1,asynchronous
n010_047.bnet,ref,9,0.09986921872835616,126,0,0,0,512,1,asynchronous
n010_047.bnet,ref,10,0.14069790445122124,126,0,0,0,512,1,asynchronous
n010_047.bnet,ref,11,0.11676107079405008,126,0,0,0,512,1,asynchronous
n010_047.bnet,ref,12,0.15193050166176708,126,0,0,0,512,1,asynchronous
n010_047.bnet,ref,13,0.09726536060907628,126,0,0,0,512,1,asynchronous
n010_047.bnet,ref,14,0.08180007423430517,126,0,0,0,512,1,asynchronous
n010_047.bnet,ref,15,0.1033027068577552,126,0,0,0,512,1,asynchronous
n010_047.bnet,ref,16,0.09793867424650994,126,0,0,0,512,1,asynchronous
n010_047.bnet,ref,17,0.11712092570647312,126,0,0,0,512,1,asynchronous
n010_047.bnet,ref,18,0.09664633515131776,126,0,0,0,512,1,asynchronous
n010_047.bnet,ref,19,0.11151866423903342,126,0,0,0,512,1,asynchronous
n010_047.bnet,ref,20,0.09020626403379275,126,0,0,0,512,1,asynchronous
n010_047.bnet,ref,21,0.11473827428602941,126,0,0,0,512,1,asynchronous
n010_047.bnet,ref,22,0.11674073408305344,126,0,0,0,512,1,asynchronous
n010_047.bnet,ref,23,0.11825822392406729,126,0,0,0,512,1,asynchronous
n010_047.bnet,ref,24,0.1012157053486658,126,0,0,0,512,1,asynchronous
n010_047.bnet,ref,25,0.10510625933041193,126,0,0,0,512,1,asynchronous
n010_047.bnet,ref,26,0.1300998907391847,126,0,0,0,512,1,asynchronous
n010_047.bnet,ref,27,0.09319760224390866,126,0,0,0,512,1,asynchronous
n010_047.bnet,ref,28,0.14578701025590937,126,0,0,0,512,1,asynchronous
n010_047.bnet,ref,29,0.12257520847992785,126,0,0,0,512,1,asynchronous
n010_048.bnet,sd_mc,,0.10678771300772533,52,0,0,0,512,2,asynchronous
n010_048.bnet,ref,0,0.1176225625651593,52,0,0,0,512,2,asynchronous
n010_048.bnet,ref,1,0.1745747838947734,52,0,0,0,512,2,asynchronous
n010_048.bnet,ref,2,0.12607530664747219,52,0,0,0,512,2,asynchronous
n010_048.bnet,ref,3,0.18059788050413922,52,0,0,0,512,2,asynchronous
n010_048.bnet,ref,4,0.15049234248244853,52,0,0,0,512,2,asynchronous
n010_048.bnet,ref,5,0.11901911228087084,52,0,0,0,512,2,asynchronous
n010_048.bnet,ref,6,0.16274062397313274,52,0,0,0,512,2,asynchronous
n010_048.bnet,ref,7,0.15250365681564218,52,0,0,0,512,2,asynchronous
n010_048.bnet,ref,8,0.14307637727345338,52,0,0,0,512,2,asynchronous
n010_048.bnet,ref,9,0.19303146663350446,52,0,0,0,512,2,asynchronous
n010_048.bnet,ref,10,0.17502399281259676,52,0,0,0,512,2,asynchronous
n010_048.bnet,ref,11,0.13494471679292477,52,0,0,0,512,2,asynchronous
n010_048.bnet,ref,12,0.10126347452094497,52,0,0,0,512,2,asynchronous
n010_048.bnet,ref,13,0.10238132487076164,52,0,0,0,512,2,asynchronous
n010_048.bnet,ref,14,0.17937232835384323,52,0,0,0,512,2,asynchronous
n010_048.bnet,ref,15,0.19188471065462134,52,0,0,0,512,2,asynchronous
n010_048.bnet,ref,16,0.13774181440407068,52,0,0,0,512,2,asynchronous
n010_048.bnet,ref,17,0.15031667910131744,52,0,0,0,512,2,asynchronous
n010_048.bnet,ref,18,0.13811916040931957,52,0,0,0,512,2,asynchronous
n010_048.bnet,ref,19,0.11943968499840928,52,0,0,0,512,2,asynchronous
n010_048.bnet,ref,20,0.16326542654876636,52,0,0,0,512,2,asynchronous
n010_048.bnet,ref,21,0.21292425129209183,52,0,0,0,512,2,asynchronous
n010_048.bnet,ref,22,0.17990680572955853,52,0,0,0,512,2,asynchronous
n010_048.bnet,ref,23,0.2029535008957632,52,0,0,0,512,2,asynchronous
n010_048.bnet,ref,24,0.11619260995424836,52,0,0,0,512,2,asynchronous
n010_048.bnet,ref,25,0.15060005575624727,52,0,0,0,512,2,asynchronous
n010_048.bnet,ref,26,0.17251135326479838,52,0,0,0,512,2,asynchronous
n010_048.bnet,ref,27,0.10197355650318687,52,0,0,0,512,2,asynchronous
n010_048.bnet,ref,28,0.15019080001720123,52,0,0,0,512,2,asynchronous
n010_048.bnet,ref,29,0.14683444257094505,52,0,0,0,512,2,asynchronous
n010_049.bnet,sd_mc,,0.07065417068460922,733,0,0,0,512,4,asynchronous
n010_049.bnet,ref,0,0.07422758587521001,733,0,0,0,512,4,asynchronous
n010_049.bnet,ref,1,0.09836246579082487,733,0,0,0,512,4,asynchronous
n010_049.bnet,ref,2,0.09362378885473148,733,0,0,0,512,4,asynchronous
n010_049.bnet,ref,3,0.08551254124155824,733,0,0,0,512,4,asynchronous
n010_049.bnet,ref,4,0.08721987911175443,733,0,0,0,512,4,asynchronous
n010_049.bnet,ref,5,0.09706110744754275,733,0,0,0,512,4,asynchronous
n010_049.bnet,ref,6,0.08474682797329276,733,0,0,0,512,4,asynchronous
n010_049.bnet,ref,7,0.0809589980205625,733,0,0,0,512,4,asynchronous
n010_049.bnet,ref,8,0.08167056942928559,733,0,0,0,512,4,asynchronous
n010_049.bnet,ref,9,0.07325112030788282,733,0,0,0,512,4,asynchronous
n010_049.bnet,ref,10,0.08830748224452038,733,0,0,0,512,4,asynchronous
n010_049.bnet,ref,11,0.08578462913659106,733,0,0,0,512,4,asynchronous
n010_049.bnet,ref,12,0.09350430057267309,733,0,0,0,512,4,asynchronous
n010_049.bnet,ref,13,0.09130233425887684,733,0,0,0,512,4,asynchronous
n010_049.bnet,ref,14,0.09629589754059209,733,0,0,0,512,4,asynchronous
n010_049.bnet,ref,15,0.0921663010763544,733,0,0,0,512,4,asynchronous
n010_049.bnet,ref,16,0.09265858056868943,733,0,0,0,512,4,asynchronous
n010_049.bnet,ref,17,0.09019313439465156,733,0,0,0,512,4,asynchronous
n010_049.bnet,ref,18,0.08724274836794997,733,0,0,0,512,4,asynchronous
n010_049.bnet,ref,19,0.08380736042329331,733,0,0,0,512,4,asynchronous
n010_049.bnet,ref,20,0.0915370348061683,733,0,0,0,512,4,asynchronous
n010_049.bnet,ref,21,0.07886394533897816,733,0,0,0,512,4,asynchronous
n010_049.bnet,ref,22,0.09211046679419381,733,0,0,0,512,4,asynchronous
n010_049.bnet,ref,23,0.09035708910498381,733,0,0,0,512,4,asynchronous
n010_049.bnet,ref,24,0.08725795718778863,733,0,0,0,512,4,asynchronous
n010_049.bnet,ref,25,0.09288153532750903,733,0,0,0,512,4,asynchronous
n010_049.bnet,ref,26,0.09283456036392818,733,0,0,0,512,4,asynchronous
n010_049.bnet,ref,27,0.08554825749606858,733,0,0,0,512,4,asynchronous
n010_049.bnet,ref,28,0.09440404993555376,733,0,0,0,512,4,asynchronous
n010_049.bnet,ref,29,0.08311659269932066,733,0,0,0,512,4,asynchronous
n010_050.bnet,sd_mc,,0.0,0,0,0,0,8,1,asynchronous
n010_050.bnet,ref,0,0.0,0,0,0,0,8,1,asynchronous
n010_050.bnet,ref,1,0.0,0,0,0,0,8,1,asynchronous
n010_050.bnet,ref,2,0.0,0,0,0,0,8,1,asynchronous
n010_050.bnet,ref,3,0.0,0,0,0,0,8,1,asynchronous
n010_050.bnet,ref,4,0.0,0,0,0,0,8,1,asynchronous
n010_050.bnet,ref,5,0.0,0,0,0,0,8,1,asynchronous
n010_050.bnet,ref,6,0.0,0,0,0,0,8,1,asynchronous
n010_050.bnet,ref,7,0.0,0,0,0,0,8,1,asynchronous
n010_050.bnet,ref,8,0.0,0,0,0,0,8,1,asynchronous
n010_050.bnet,ref,9,0.0,0,0,0,0,8,1,asynchronous
n010_050.bnet,ref,10,0.0,0,0,0,0,8,1,asynchronous
n010_050.bnet,ref,11,0.0,0,0,0,0,8,1,asynchronous
n010_050.bnet,ref,12,0.0,0,0,0,0,8,1,asynchronous
n010_050.bnet,ref,13,0.0,0,0,0,0,8,1,asynchronous
n010_050.bnet,ref,14,0.0,0,0,0,0,8,1,asynchronous
n010_050.bnet,ref,15,0.0,0,0,0,0,8,1,asynchronous
n010_050.bnet,ref,16,0.0,0,0,0,0,8,1,asynchronous
n010_050.bnet,ref,17,0.0,0,0,0,0,8,1,asynchronous
n010_050.bnet,ref,18,0.0,0,0,0,0,8,1,asynchronous
n010_050.bnet,ref,19,0.0,0,0,0,0,8,1,asynchronous
n010_050.bnet,ref,20,0.0,0,0,0,0,8,1,asynchronous
n010_050.bnet,ref,21,0.0,0,0,0,0,8,1,asynchronous
n010_050.bnet,ref,22,0.0,0,0,0,0,8,1,asynchronous
n010_050.bnet,ref,23,0.0,0,0,0,0,8,1,asynchronous
n010_050.bnet,ref,24,0.0,0,0,0,0,8,1,asynchronous
n010_050.bnet,ref,25,0.0,0,0,0,0,8,1,asynchronous
n010_050.bnet,ref,26,0.0,0,0,0,0,8,1,asynchronous
n010_050.bnet,ref,27,0.0,0,0,0,0,8,1,asynchronous
n010_050.bnet,ref,28,0.0,0,0,0,0,8,1,asynchronous
n010_050.bnet,ref,29,0.0,0,0,0,0,8,1,asynchronous
n010_051.bnet,sd_mc,,0.03207662030777505,182,0,0,0,1024,6,asynchronous
n010_051.bnet,ref,0,0.05642014922785035,182,0,0,0,1024,6,asynchronous
n010_051.bnet,ref,1,0.0636459252571833,182,0,0,0,1024,6,asynchronous
n010_051.bnet,ref,2,0.05192623321376417,182,0,0,0,1024,6,asynchronous
n010_051.bnet,ref,3,0.0465351368743157,182,0,0,0,1024,6,asynchronous
n010_051.bnet,ref,4,0.05160315665502581,182,0,0,0,1024,6,asynchronous
n010_051.bnet,ref,5,0.0607903934911429,182,0,0,0,1024,6,asynchronous
n010_051.bnet,ref,6,0.05582072516274245,182,0,0,0,1024,6,asynchronous
n010_051.bnet,ref,7,0.060063344903374866,182,0,0,0,1024,6,asynchronous
n010_051.bnet,ref,8,0.05474642010390393,182,0,0,0,1024,6,asynchronous
n010_051.bnet,ref,9,0.05861089792970968,182,0,0,0,1024,6,asynchronous
n010_051.bnet,ref,10,0.06335479034629427,182,0,0,0,1024,6,asynchronous
n010_051.bnet,ref,11,0.060684169558569465,182,0,0,0,1024,6,asynchronous
n010_051.bnet,ref,12,0.0673943219506803,182,0,0,0,1024,6,asynchronous
n010_051.bnet,ref,13,0.058437843227255606,182,0,0,0,1024,6,asynchronous
n010_051.bnet,ref,14,0.06766561010720722,182,0,0,0,1024,6,asynchronous
n010_051.bnet,ref,15,0.057610100616555186,182,0,0,0,1024,6,asynchronous
n010_051.bnet,ref,16,0.05918040418391236,182,0,0,0,1024,6,asynchronous
n010_051.bnet,ref,17,0.055227889510780157,182,0,0,0,1024,6,asynchronous
n010_051.bnet,ref,18,0.05625441971987142,182,0,0,0,1024,6,asynchronous
n010_051.bnet,ref,19,0.066058932049471,182,0,0,0,1024,6,asynchronous
n010_051.bnet,ref,20,0.05013419990327767,182,0,0,0,1024,6,asynchronous
n010_051.bnet,ref,21,0.05199431377105215,182,0,0,0,1024,6,asynchronous
n010_051.bnet,ref,22,0.05173759185868939,182,0,0,0,1024,6,asynchronous
n010_051.bnet,ref,23,0.06237481399980083,182,0,0,0,1024,6,asynchronous
n010_051.bnet,ref,24,0.050746190943011624,182,0,0,0,1024,6,asynchronous
n010_051.bnet,ref,25,0.05152929715115216,182,0,0,0,1024,6,asynchronous
n010_051.bnet,ref,26,0.07656885037289908,182,0,0,0,1024,6,asynchronous
n010_051.bnet,ref,27,0.0601955649004652,182,0,0,0,1024,6,asynchronous
n010_051.bnet,ref,28,0.061029085479250816,182,0,0,0,1024,6,asynchronous
n010_051.bnet,ref,29,0.046388407975905994,182,0,0,0,1024,6,asynchronous
n010_052.bnet,sd_mc,,0.0,0,0,0,0,2,2,asynchronous
n010_052.bnet,ref,0,0.0,0,0,0,0,2,2,asynchronous
n010_052.bnet,ref,1,0.0,0,0,0,0,2,2,asynchronous
n010_052.bnet,ref,2,0.0,0,0,0,0,2,2,asynchronous
n010_052.bnet,ref,3,0.0,0,0,0,0,2,2,asynchronous
n010_052.bnet,ref,4,0.0,0,0,0,0,2,2,asynchronous
n010_052.bnet,ref,5,0.0,0,0,0,0,2,2,asynchronous
n010_052.bnet,ref,6,0.0,0,0,0,0,2,2,asynchronous
n010_052.bnet,ref,7,0.0,0,0,0,0,2,2,asynchronous
n010_052.bnet,ref,8,0.0,0,0,0,0,2,2,asynchronous
n010_052.bnet,ref,9,0.0,0,0,0,0,2,2,asynchronous
n010_052.bnet,ref,10,0.0,0,0,0,0,2,2,asynchronous
n010_052.bnet,ref,11,0.0,0,0,0,0,2,2,asynchronous
n010_052.bnet,ref,12,0.0,0,0,0,0,2,2,asynchronous
n010_052.bnet,ref,13,0.0,0,0,0,0,2,2,asynchronous
n010_052.bnet,ref,14,0.0,0,0,0,0,2,2,asynchronous
n010_052.bnet,ref,15,0.0,0,0,0,0,2,2,asynchronous
n010_052.bnet,ref,16,0.0,0,0,0,0,2,2,asynchronous
n010_052.bnet,ref,17,0.0,0,0,0,0,2,2,asynchronous
n010_052.bnet,ref,18,0.0,0,0,0,0,2,2,asynchronous
n010_052.bnet,ref,19,0.0,0,0,0,0,2,2,asynchronous
n010_052.bnet,ref,20,0.0,0,0,0,0,2,2,asynchronous
n010_052.bnet,ref,21,0.0,0,0,0,0,2,2,asynchronous
n010_052.bnet,ref,22,0.0,0,0,0,0,2,2,asynchronous
n010_052.bnet,ref,23,0.0,0,0,0,0,2,2,asynchronous
n010_052.bnet,ref,24,0.0,0,0,0,0,2,2,asynchronous
n010_052.bnet,ref,25,0.0,0,0,0,0,2,2,asynchronous
n010_052.bnet,ref,26,0.0,0,0,0,0,2,2,asynchronous
n010_052.bnet,ref,27,0.0,0,0,0,0,2,2,asynchronous
n010_052.bnet,ref,28,0.0,0,0,0,0,2,2,asynchronous
n010_052.bnet,ref,29,0.0,0,0,0,0,2,2,asynchronous
n010_053.bnet,sd_mc,,6.661338147750939e-16,1,0,0,0,512,1,asynchronous
n010_053.bnet,ref,0,5.995204332975845e-15,1,0,0,0,512,1,asynchronous
n010_053.bnet,ref,1,5.995204332975845e-15,1,0,0,0,512,1,asynchronous
n010_053.bnet,ref,2,5.995204332975845e-15,1,0,0,0,512,1,asynchronous
n010_053.bnet,ref,3,5.995204332975845e-15,1,0,0,0,512,1,asynchronous
n010_053.bnet,ref,4,5.995204332975845e-15,1,0,0,0,512,1,asynchronous
n010_053.bnet,ref,5,5.995204332975845e-15,1,0,0,0,512,1,asynchronous
n010_053.bnet,ref,6,5.995204332975845e-15,1,0,0,0,512,1,asynchronous
n010_053.bnet,ref,7,5.995204332975845e-15,1,0,0,0,512,1,asynchronous
n010_053.bnet,ref,8,5.995204332975845e-15,1,0,0,0,512,1,asynchronous
n010_053.bnet,ref,9,5.995204332975845e-15,1,0,0,0,512,1,asynchronous
n010_053.bnet,ref,10,5.995204332975845e-15,1,0,0,0,512,1,asynchronous
n010_053.bnet,ref,11,5.995204332975845e-15,1,0,0,0,512,1,asynchronous
n010_053.bnet,ref,12,5.995204332975845e-15,1,0,0,0,512,1,asynchronous
n010_053.bnet,ref,13,5.995204332975845e-15,1,0,0,0,512,1,asynchronous
n010_053.bnet,ref,14,5.995204332975845e-15,1,0,0,0,512,1,asynchronous
n010_053.bnet,ref,15,5.995204332975845e-15,1,0,0,0,512,1,asynchronous
n010_053.bnet,ref,16,5.995204332975845e-15,1,0,0,0,512,1,asynchronous
n010_053.bnet,ref,17,5.995204332975845e-15,1,0,0,0,512,1,asynchronous
n010_053.bnet,ref,18,5.995204332975845e-15,1,0,0,0,512,1,asynchronous
n010_053.bnet,ref,19,5.995204332975845e-15,1,0,0,0,512,1,asynchronous
n010_053.bnet,ref,20,5.995204332975845e-15,1,0,0,0,512,1,asynchronous
n010_053.bnet,ref,21,5.995204332975845e-15,1,0,0,0,512,1,asynchronous
n010_053.bnet,ref,22,5.995204332975845e-15,1,0,0,0,512,1,asynchronous
n010_053.bnet,ref,23,5.995204332975845e-15,1,0,0,0,512,1,asynchronous
n010_053.bnet,ref,24,5.995204332975845e-15,1,0,0,0,512,1,asynchronous
n010_053.bnet,ref,25,5.995204332975845e-15,1,0,0,0,512,1,asynchronous
n010_053.bnet,ref,26,5.995204332975845e-15,1,0,0,0,512,1,asynchronous
n010_053.bnet,ref,27,5.995204332975845e-15,1,0,0,0,512,1,asynchronous
n010_053.bnet,ref,28,5.995204332975845e-15,1,0,0,0,512,1,asynchronous
n010_053.bnet,ref,29,5.995204332975845e-15,1,0,0,0,512,1,asynchronous
n010_054.bnet,sd_mc,,4.440892098500626e-16,1,0,0,0,8,1,asynchronous
n010_054.bnet,ref,0,0.0,1,0,0,0,8,1,asynchronous
n010_054.bnet,ref,1,0.0,1,0,0,0,8,1,asynchronous
n010_054.bnet,ref,2,0.0,1,0,0,0,8,1,asynchronous
n010_054.bnet,ref,3,0.0,1,0,0,0,8,1,asynchronous
n010_054.bnet,ref,4,0.0,1,0,0,0,8,1,asynchronous
n010_054.bnet,ref,5,0.0,1,0,0,0,8,1,asynchronous
n010_054.bnet,ref,6,0.0,1,0,0,0,8,1,asynchronous
n010_054.bnet,ref,7,0.0,1,0,0,0,8,1,asynchronous
n010_054.bnet,ref,8,0.0,1,0,0,0,8,1,asynchronous
n010_054.bnet,ref,9,0.0,1,0,0,0,8,1,asynchronous
n010_054.bnet,ref,10,0.0,1,0,0,0,8,1,asynchronous
n010_054.bnet,ref,11,0.0,1,0,0,0,8,1,asynchronous
n010_054.bnet,ref,12,0.0,1,0,0,0,8,1,asynchronous
n010_054.bnet,ref,13,0.0,1,0,0,0,8,1,asynchronous
n010_054.bnet,ref,14,0.0,1,0,0,0,8,1,asynchronous
n010_054.bnet,ref,15,0.0,1,0,0,0,8,1,asynchronous
n010_054.bnet,ref,16,0.0,1,0,0,0,8,1,asynchronous
n010_054.bnet,ref,17,0.0,1,0,0,0,8,1,asynchronous
n010_054.bnet,ref,18,0.0,1,0,0,0,8,1,asynchronous
n010_054.bnet,ref,19,0.0,1,0,0,0,8,1,asynchronous
n010_054.bnet,ref,20,0.0,1,0,0,0,8,1,asynchronous
n010_054.bnet,ref,21,0.0,1,0,0,0,8,1,asynchronous
n010_054.bnet,ref,22,0.0,1,0,0,0,8,1,asynchronous
n010_054.bnet,ref,23,0.0,1,0,0,0,8,1,asynchronous
n010_054.bnet,ref,24,0.0,1,0,0,0,8,1,asynchronous
n010_054.bnet,ref,25,0.0,1,0,0,0,8,1,asynchronous
n010_054.bnet,ref,26,0.0,1,0,0,0,8,1,asynchronous
n010_054.bnet,ref,27,0.0,1,0,0,0,8,1,asynchronous
n010_054.bnet,ref,28,0.0,1,0,0,0,8,1,asynchronous
n010_054.bnet,ref,29,0.0,1,0,0,0,8,1,asynchronous
n010_055.bnet,sd_mc,,0.07983165726462695,71,0,0,0,512,3,asynchronous
n010_055.bnet,ref,0,0.0564302286527065,71,0,0,0,512,3,asynchronous
n010_055.bnet,ref,1,0.0778581768086658,71,0,0,0,512,3,asynchronous
n010_055.bnet,ref,2,0.04269114545488274,71,0,0,0,512,3,asynchronous
n010_055.bnet,ref,3,0.07291241189367605,71,0,0,0,512,3,asynchronous
n010_055.bnet,ref,4,0.06963440958349426,71,0,0,0,512,3,asynchronous
n010_055.bnet,ref,5,0.06858423556898588,71,0,0,0,512,3,asynchronous
n010_055.bnet,ref,6,0.0640614093823576,71,0,0,0,512,3,asynchronous
n010_055.bnet,ref,7,0.08414390147331832,71,0,0,0,512,3,asynchronous
n010_055.bnet,ref,8,0.07842895116701229,71,0,0,0,512,3,asynchronous
n010_055.bnet,ref,9,0.08586167909833699,71,0,0,0,512,3,asynchronous
n010_055.bnet,ref,10,0.08070703585424202,71,0,0,0,512,3,asynchronous
n010_055.bnet,ref,11,0.06644577485045414,71,0,0,0,512,3,asynchronous
n010_055.bnet,ref,12,0.060593556709285123,71,0,0,0,512,3,asynchronous
n010_055.bnet,ref,13,0.052436708286226714,71,0,0,0,512,3,asynchronous
n010_055.bnet,ref,14,0.07961145007785494,71,0,0,0,512,3,asynchronous
n010_055.bnet,ref,15,0.0809788118191152,71,0,0,0,512,3,asynchronous
n010_055.bnet,ref,16,0.06079455428520551,71,0,0,0,512,3,asynchronous
n010_055.bnet,ref,17,0.06031876020906945,71,0,0,0,512,3,asynchronous
n010_055.bnet,ref,18,0.08854712348363133,71,0,0,0,512,3,asynchronous
n010_055.bnet,ref,19,0.04946598302867469,71,0,0,0,512,3,asynchronous
n010_055.bnet,ref,20,0.06156699193756208,71,0,0,0,512,3,asynchronous
n010_055.bnet,ref,21,0.0874817384906983,71,0,0,0,512,3,asynchronous
n010_055.bnet,ref,22,0.0401520553272959,71,0,0,0,512,3,asynchronous
n010_055.bnet,ref,23,0.07498786401515052,71,0,0,0,512,3,asynchronous
n010_055.bnet,ref,24,0.05278415756998566,71,0,0,0,512,3,asynchronous
n010_055.bnet,ref,25,0.06267717817636922,71,0,0,0,512,3,asynchronous
n010_055.bnet,ref,26,0.07686629286793702,71,0,0,0,512,3,asynchronous
n010_055.bnet,ref,27,0.06331187849999774,71,0,0,0,512,3,asynchronous
n010_055.bnet,ref,28,0.08956647962530022,71,0,0,0,512,3,asynchronous
n010_055.bnet,ref,29,0.06581168345535891,71,0,0,0,512,3,asynchronous
n010_056.bnet,sd_mc,,0.0,0,0,0,0,32,1,asynchronous
n010_056.bnet,ref,0,0.0,0,0,0,0,32,1,asynchronous
n010_056.bnet,ref,1,0.0,0,0,0,0,32,1,asynchronous
n010_056.bnet,ref,2,0.0,0,0,0,0,32,1,asynchronous
n010_056.bnet,ref,3,0.0,0,0,0,0,32,1,asynchronous
n010_056.bnet,ref,4,0.0,0,0,0,0,32,1,asynchronous
n010_056.bnet,ref,5,0.0,0,0,0,0,32,1,asynchronous
n010_056.bnet,ref,6,0.0,0,0,0,0,32,1,asynchronous
n010_056.bnet,ref,7,0.0,0,0,0,0,32,1,asynchronous
n010_056.bnet,ref,8,0.0,0,0,0,0,32,1,asynchronous
n010_056.bnet,ref,9,0.0,0,0,0,0,32,1,asynchronous
n010_056.bnet,ref,10,0.0,0,0,0,0,32,1,asynchronous
n010_056.bnet,ref,11,0.0,0,0,0,0,32,1,asynchronous
n010_056.bnet,ref,12,0.0,0,0,0,0,32,1,asynchronous
n010_056.bnet,ref,13,0.0,0,0,0,0,32,1,asynchronous
n010_056.bnet,ref,14,0.0,0,0,0,0,32,1,asynchronous
n010_056.bnet,ref,15,0.0,0,0,0,0,32,1,asynchronous
n010_056.bnet,ref,16,0.0,0,0,0,0,32,1,asynchronous
n010_056.bnet,ref,17,0.0,0,0,0,0,32,1,asynchronous
n010_056.bnet,ref,18,0.0,0,0,0,0,32,1,asynchronous
n010_056.bnet,ref,19,0.0,0,0,0,0,32,1,asynchronous
n010_056.bnet,ref,20,0.0,0,0,0,0,32,1,asynchronous
n010_056.bnet,ref,21,0.0,0,0,0,0,32,1,asynchronous
n010_056.bnet,ref,22,0.0,0,0,0,0,32,1,asynchronous
n010_056.bnet,ref,23,0.0,0,0,0,0,32,1,asynchronous
n010_056.bnet,ref,24,0.0,0,0,0,0,32,1,asynchronous
n010_056.bnet,ref,25,0.0,0,0,0,0,32,1,asynchronous
n010_056.bnet,ref,26,0.0,0,0,0,0,32,1,asynchronous
n010_056.bnet,ref,27,0.0,0,0,0,0,32,1,asynchronous
n010_056.bnet,ref,28,0.0,0,0,0,0,32,1,asynchronous
n010_056.bnet,ref,29,0.0,0,0,0,0,32,1,asynchronous
n010_057.bnet,sd_mc,,0.19228130809392238,9,0,0,0,1024,1,asynchronous
n010_057.bnet,ref,0,0.10185923458570857,9,0,0,0,1024,1,asynchronous
n010_057.bnet,ref,1,0.14113100514414445,9,0,0,0,1024,1,asynchronous
n010_057.bnet,ref,2,0.1648224646577829,9,0,0,0,1024,1,asynchronous
n010_057.bnet,ref,3,0.2734337271856928,9,0,0,0,1024,1,asynchronous
n010_057.bnet,ref,4,0.2297358610000966,9,0,0,0,1024,1,asynchronous
n010_057.bnet,ref,5,0.26504816387533064,9,0,0,0,1024,1,asynchronous
n010_057.bnet,ref,6,0.2981575491395525,9,0,0,0,1024,1,asynchronous
n010_057.bnet,ref,7,0.24276622069516024,9,0,0,0,1024,1,asynchronous
n010_057.bnet,ref,8,0.22675844159300224,9,0,0,0,1024,1,asynchronous
n010_057.bnet,ref,9,0.2787948654300577,9,0,0,0,1024,1,asynchronous
n010_057.bnet,ref,10,0.09420202417656345,9,0,0,0,1024,1,asynchronous
n010_057.bnet,ref,11,0.19516821209027424,9,0,0,0,1024,1,asynchronous
n010_057.bnet,ref,12,0.3045207654087789,9,0,0,0,1024,1,asynchronous
n010_057.bnet,ref,13,0.1650101929254852,9,0,0,0,1024,1,asynchronous
n010_057.bnet,ref,14,0.1252390706355103,9,0,0,0,1024,1,asynchronous
n010_057.bnet,ref,15,0.22621974946324627,9,0,0,0,1024,1,asynchronous
n010_057.bnet,ref,16,0.20450045991906426,9,0,0,0,1024,1,asynchronous
n010_057.bnet,ref,17,0.10439563912372105,9,0,0,0,1024,1,asynchronous
n010_057.bnet,ref,18,0.13696154836149405,9,0,0,0,1024,1,asynchronous
n010_057.bnet,ref,19,0.16962971063457802,9,0,0,0,1024,1,asynchronous
n010_057.bnet,ref,20,0.18119983235571735,9,0,0,0,1024,1,asynchronous
n010_057.bnet,ref,21,0.19393494746881,9,0,0,0,1024,1,asynchronous
n010_057.bnet,ref,22,0.15752174386225679,9,0,0,0,1024,1,asynchronous
n010_057.bnet,ref,23,0.08760827840967472,9,0,0,0,1024,1,asynchronous
n010_057.bnet,ref,24,0.3039283057007021,9,0,0,0,1024,1,asynchronous
n010_057.bnet,ref,25,0.26604021475015127,9,0,0,0,1024,1,asynchronous
n010_057.bnet,ref,26,0.271761279162367,9,0,0,0,1024,1,asynchronous
n010_057.bnet,ref,27,0.2524377783477541,9,0,0,0,1024,1,asynchronous
n010_057.bnet,ref,28,0.2062097513233846,9,0,0,0,1024,1,asynchronous
n010_057.bnet,ref,29,0.169552574874897,9,0,0,0,1024,1,asynchronous
n010_058.bnet,sd_mc,,0.2574941665807959,9,0,0,0,256,1,asynchronous
n010_058.bnet,ref,0,0.32187917133196425,9,0,0,0,256,1,asynchronous
n010_058.bnet,ref,1,0.2499786210394234,9,0,0,0,256,1,asynchronous
n010_058.bnet,ref,2,0.32160903787947365,9,0,0,0,256,1,asynchronous
n010_058.bnet,ref,3,0.15608368635246525,9,0,0,0,256,1,asynchronous
n010_058.bnet,ref,4,0.3614141900937626,9,0,0,0,256,1,asynchronous
n010_058.bnet,ref,5,0.2024607845311306,9,0,0,0,256,1,asynchronous
n010_058.bnet,ref,6,0.3360916040511468,9,0,0,0,256,1,asynchronous
n010_058.bnet,ref,7,0.2662140886196839,9,0,0,0,256,1,asynchronous
n010_058.bnet,ref,8,0.39563730117003393,9,0,0,0,256,1,asynchronous
n010_058.bnet,ref,9,0.4436513752973546,9,0,0,0,256,1,asynchronous
n010_058.bnet,ref,10,0.3550121372670613,9,0,0,0,256,1,asynchronous
n010_058.bnet,ref,11,0.2379827171663343,9,0,0,0,256,1,asynchronous
n010_058.bnet,ref,12,0.3140965235415386,9,0,0,0,256,1,asynchronous
n010_058.bnet,ref,13,0.24242921590465943,9,0,0,0,256,1,asynchronous
n010_058.bnet,ref,14,0.2663999188367774,9,0,0,0,256,1,asynchronous
n010_058.bnet,ref,15,0.370862127974331,9,0,0,0,256,1,asynchronous
n010_058.bnet,ref,16,0.2283562243131109,9,0,0,0,256,1,asynchronous
n010_058.bnet,ref,17,0.37605888769654183,9,0,0,0,256,1,asynchronous
n010_058.bnet,ref,18,0.25292646353990766,9,0,0,0,256,1,asynchronous
n010_058.bnet,ref,19,0.3315764952586827,9,0,0,0,256,1,asynchronous
n010_058.bnet,ref,20,0.29836052140969793,9,0,0,0,256,1,asynchronous
n010_058.bnet,ref,21,0.3359936546141859,9,0,0,0,256,1,asynchronous
n010_058.bnet,ref,22,0.3104480676390796,9,0,0,0,256,1,asynchronous
n010_058.bnet,ref,23,0.3544505021583943,9,0,0,0,256,1,asynchronous
n010_058.bnet,ref,24,0.2307150651606489,9,0,0,0,256,1,asynchronous
n010_058.bnet,ref,25,0.16323826815105083,9,0,0,0,256,1,asynchronous
n010_058.bnet,ref,26,0.4478666059408499,9,0,0,0,256,1,asynchronous
n010_058.bnet,ref,27,0.3464634887127679,9,0,0,0,256,1,asynchronous
n010_058.bnet,ref,28,0.3853616434028995,9,0,0,0,256,1,asynchronous
n010_058.bnet,ref,29,0.24845330237978974,9,0,0,0,256,1,asynchronous
n010_059.bnet,sd_mc,,0.2171335010677375,6,0,0,0,128,4,asynchronous
n010_059.bnet,ref,0,0.24635734351195337,6,0,0,0,128,4,asynchronous
n010_059.bnet,ref,1,0.33550376142113386,6,0,0,0,128,4,asynchronous
n010_059.bnet,ref,2,0.3463402600949625,6,0,0,0,128,4,asynchronous
n010_059.bnet,ref,3,0.26916635914611853,6,0,0,0,128,4,asynchronous
n010_059.bnet,ref,4,0.2011509172611104,6,0,0,0,128,4,asynchronous
n010_059.bnet,ref,5,0.29589598685932017,6,0,0,0,128,4,asynchronous
n010_059.bnet,ref,6,0.13053308431661756,6,0,0,0,128,4,asynchronous
n010_059.bnet,ref,7,0.2003894545229938,6,0,0,0,128,4,asynchronous
n010_059.bnet,ref,8,0.36854365210478396,6,0,0,0,128,4,asynchronous
n010_059.bnet,ref,9,0.2855301208839328,6,0,0,0,128,4,asynchronous
n010_059.bnet,ref,10,0.22634609645498138,6,0,0,0,128,4,asynchronous
n010_059.bnet,ref,11,0.2421419097914097,6,0,0,0,128,4,asynchronous
n010_059.bnet,ref,12,0.2513818309552009,6,0,0,0,128,4,asynchronous
n010_059.bnet,ref,13,0.2929560209176935,6,0,0,0,128,4,asynchronous
n010_059.bnet,ref,14,0.3228453227449875,6,0,0,0,128,4,asynchronous
n010_059.bnet,ref,15,0.2163485515134657,6,0,0,0,128,4,asynchronous
n010_059.bnet,ref,16,0.24570584629333048,6,0,0,0,128,4,asynchronous
n010_059.bnet,ref,17,0.2821590278220258,6,0,0,0,128,4,asynchronous
n010_059.bnet,ref,18,0.29973119900820944,6,0,0,0,128,4,asynchronous
n010_059.bnet,ref,19,0.22821225231583678,6,0,0,0,128,4,asynchronous
n010_059.bnet,ref,20,0.22511493840072508,6,0,0,0,128,4,asynchronous
n010_059.bnet,ref,21,0.2913547182563878,6,0,0,0,128,4,asynchronous
n010_059.bnet,ref,22,0.3540488441279316,6,0,0,0,128,4,asynchronous
n010_059.bnet,ref,23,0.30238755425512726,6,0,0,0,128,4,asynchronous
n010_059.bnet,ref,24,0.28337305464695023,6,0,0,0,128,4,asynchronous
n010_059.bnet,ref,25,0.29100048244876014,6,0,0,0,128,4,asynchronous
n010_059.bnet,ref,26,0.20853057241105696,6,0,0,0,128,4,asynchronous
n010_059.bnet,ref,27,0.30649350508515844,6,0,0,0,128,4,asynchronous
n010_059.bnet,ref,28,0.26012082971607,6,0,0,0,128,4,asynchronous
n010_059.bnet,ref,29,0.1527036506403272,6,0,0,0,128,4,asynchronous
n010_060.bnet,sd_mc,,0.09486619023979515,106,0,0,0,1024,2,asynchronous
n010_060.bnet,ref,0,0.10737414151691553,106,0,0,0,1024,2,asynchronous
n010_060.bnet,ref,1,0.12352882631148564,106,0,0,0,1024,2,asynchronous
n010_060.bnet,ref,2,0.11597377799227412,106,0,0,0,1024,2,asynchronous
n010_060.bnet,ref,3,0.11092086797071898,106,0,0,0,1024,2,asynchronous
n010_060.bnet,ref,4,0.09985488408171518,106,0,0,0,1024,2,asynchronous
n010_060.bnet,ref,5,0.09724235915640872,106,0,0,0,1024,2,asynchronous
n010_060.bnet,ref,6,0.1016399277306596,106,0,0,0,1024,2,asynchronous
n010_060.bnet,ref,7,0.10068600950904223,106,0,0,0,1024,2,asynchronous
n010_060.bnet,ref,8,0.10665911548988566,106,0,0,0,1024,2,asynchronous
n010_060.bnet,ref,9,0.10973457224118793,106,0,0,0,1024,2,asynchronous
n010_060.bnet,ref,10,0.10508401114314811,106,0,0,0,1024,2,asynchronous
n010_060.bnet,ref,11,0.10507400660854037,106,0,0,0,1024,2,asynchronous
n010_060.bnet,ref,12,0.08758476071326432,106,0,0,0,1024,2,asynchronous
n010_060.bnet,ref,13,0.0906341496668602,106,0,0,0,1024,2,asynchronous
n010_060.bnet,ref,14,0.11309505226844897,106,0,0,0,1024,2,asynchronous
n010_060.bnet,ref,15,0.11007794795290084,106,0,0,0,1024,2,asynchronous
n010_060.bnet,ref,16,0.1093302979420597,106,0,0,0,1024,2,asynchronous
n010_060.bnet,ref,17,0.10272969276788807,106,0,0,0,1024,2,asynchronous
n010_060.bnet,ref,18,0.10813144918309735,106,0,0,0,1024,2,asynchronous
n010_060.bnet,ref,19,0.10523065460423706,106,0,0,0,1024,2,asynchronous
n010_060.bnet,ref,20,0.10528059329036545,106,0,0,0,1024,2,asynchronous
n010_060.bnet,ref,21,0.10500806123138802,106,0,0,0,1024,2,asynchronous
n010_060.bnet,ref,22,0.11782466305429805,106,0,0,0,1024,2,asynchronous
n010_060.bnet,ref,23,0.10334435678138017,106,0,0,0,1024,2,asynchronous
n010_060.bnet,ref,24,0.1154190869151733,106,0,0,0,1024,2,asynchronous
n010_060.bnet,ref,25,0.10667429855197212,106,0,0,0,1024,2,asynchronous
n010_060.bnet,ref,26,0.11923421139867972,106,0,0,0,1024,2,asynchronous
n010_060.bnet,ref,27,0.1006692061357445,106,0,0,0,1024,2,asynchronous
n010_060.bnet,ref,28,0.09121513430916456,106,0,0,0,1024,2,asynchronous
n010_060.bnet,ref,29,0.09970427871049696,106,0,0,0,1024,2,asynchronous
n010_061.bnet,sd_mc,,0.13072704978507152,16,0,0,0,128,3,asynchronous
n010_061.bnet,ref,0,0.10700214270769512,16,0,0,0,128,3,asynchronous
n010_061.bnet,ref,1,0.15446124386177731,16,0,0,0,128,3,asynchronous
n010_061.bnet,ref,2,0.11118332632812965,16,0,0,0,128,3,asynchronous
n010_061.bnet,ref,3,0.22310649250659292,16,0,0,0,128,3,asynchronous
n010_061.bnet,ref,4,0.09943371645782682,16,0,0,0,128,3,asynchronous
n010_061.bnet,ref,5,0.14653363114628104,16,0,0,0,128,3,asynchronous
n010_061.bnet,ref,6,0.17741705928181933,16,0,0,0,128,3,asynchronous
n010_061.bnet,ref,7,0.20861224754227345,16,0,0,0,128,3,asynchronous
n010_061.bnet,ref,8,0.14908143008166483,16,0,0,0,128,3,asynchronous
n010_061.bnet,ref,9,0.18666550276779714,16,0,0,0,128,3,asynchronous
n010_061.bnet,ref,10,0.11477607896170039,16,0,0,0,128,3,asynchronous
n010_061.bnet,ref,11,0.12969418799566834,16,0,0,0,128,3,asynchronous
n010_061.bnet,ref,12,0.16030745593083331,16,0,0,0,128,3,asynchronous
n010_061.bnet,ref,13,0.06607102086845912,16,0,0,0,128,3,asynchronous
n010_061.bnet,ref,14,0.12433027347087872,16,0,0,0,128,3,asynchronous
n010_061.bnet,ref,15,0.21891331788201931,16,0,0,0,128,3,asynchronous
n010_061.bnet,ref,16,0.15588738551781703,16,0,0,0,128,3,asynchronous
n010_061.bnet,ref,17,0.16946441529349598,16,0,0,0,128,3,asynchronous
n010_061.bnet,ref,18,0.10832184522120451,16,0,0,0,128,3,asynchronous
n010_061.bnet,ref,19,0.0962280964509845,16,0,0,0,128,3,asynchronous
n010_061.bnet,ref,20,0.09537178179172902,16,0,0,0,128,3,asynchronous
n010_061.bnet,ref,21,0.1254636559640475,16,0,0,0,128,3,asynchronous
n010_061.bnet,ref,22,0.11173079916443325,16,0,0,0,128,3,asynchronous
n010_061.bnet,ref,23,0.13785602725169507,16,0,0,0,128,3,asynchronous
n010_061.bnet,ref,24,0.18707105651958067,16,0,0,0,128,3,asynchronous
n010_061.bnet,ref,25,0.18365918947010568,16,0,0,0,128,3,asynchronous
n010_061.bnet,ref,26,0.17859109838736342,16,0,0,0,128,3,asynchronous
n010_061.bnet,ref,27,0.11520819538552103,16,0,0,0,128,3,asynchronous
n010_061.bnet,ref,28,0.1463939973789271,16,0,0,0,128,3,asynchronous
n010_061.bnet,ref,29,0.15050270025398418,16,0,0,0,128,3,asynchronous
n010_062.bnet,sd_mc,,0.18109974707064821,16,0,0,0,1024,1,asynchronous
n010_062.bnet,ref,0,0.0863592404246107,16,0,0,0,1024,1,asynchronous
n010_062.bnet,ref,1,0.25134125796609086,16,0,0,0,1024,1,asynchronous
n010_062.bnet,ref,2,0.09807421703000249,16,0,0,0,1024,1,asynchronous
n010_062.bnet,ref,3,0.25942795766895266,16,0,0,0,1024,1,asynchronous
n010_062.bnet,ref,4,0.1683646519074131,16,0,0,0,1024,1,asynchronous
n010_062.bnet,ref,5,0.1487355188323199,16,0,0,0,1024,1,asynchronous
n010_062.bnet,ref,6,0.2176223901386914,16,0,0,0,1024,1,asynchronous
n010_062.bnet,ref,7,0.2871541893822068,16,0,0,0,1024,1,asynchronous
n010_062.bnet,ref,8,0.12505443403401942,16,0,0,0,1024,1,asynchronous
n010_062.bnet,ref,9,0.14096076494510226,16,0,0,0,1024,1,asynchronous
n010_062.bnet,ref,10,0.11636138269944177,16,0,0,0,1024,1,asynchronous
n010_062.bnet,ref,11,0.15708307726011195,16,0,0,0,1024,1,asynchronous
n010_062.bnet,ref,12,0.20288186725936386,16,0,0,0,1024,1,asynchronous
n010_062.bnet,ref,13,0.12887109171291547,16,0,0,0,1024,1,asynchronous
n010_062.bnet,ref,14,0.17129895454793048,16,0,0,0,1024,1,asynchronous
n010_062.bnet,ref,15,0.12560951452679872,16,0,0,0,1024,1,asynchronous
n010_062.bnet,ref,16,0.26266455653379567,16,0,0,0,1024,1,asynchronous
n010_062.bnet,ref,17,0.21466918329927662,16,0,0,0,1024,1,asynchronous
n010_062.bnet,ref,18,0.17779982961303628,16,0,0,0,1024,1,asynchronous
n010_062.bnet,ref,19,0.16539685953482333,16,0,0,0,1024,1,asynchronous
n010_062.bnet,ref,20,0.15272500135848838,16,0,0,0,1024,1,asynchronous
n010_062.bnet,ref,21,0.1714497071911804,16,0,0,0,1024,1,asynchronous
n010_062.bnet,ref,22,0.07643550588759829,16,0,0,0,1024,1,asynchronous
n010_062.bnet,ref,23,0.1099757861523064,16,0,0,0,1024,1,asynchronous
n010_062.bnet,ref,24,0.2507651635445543,16,0,0,0,1024,1,asynchronous
n010_062.bnet,ref,25,0.24454084848244895,16,0,0,0,1024,1,asynchronous
n010_062.bnet,ref,26,0.16933712023584901,16,0,0,0,1024,1,asynchronous
n010_062.bnet,ref,27,0.20918339442321185,16,0,0,0,1024,1,asynchronous
n010_062.bnet,ref,28,0.19753575796580597,16,0,0,0,1024,1,asynchronous
n010_062.bnet,ref,29,0.23487828780972084,16,0,0,0,1024,1,asynchronous
n010_063.bnet,sd_mc,,0.07156858048841423,2,0,0,0,32,2,asynchronous
n010_063.bnet,ref,0,0.07982228012289556,2,0,0,0,32,2,asynchronous
n010_063.bnet,ref,1,0.32724923842862064,2,0,0,0,32,2,asynchronous
n010_063.bnet,ref,2,0.10699191764986425,2,0,0,0,32,2,asynchronous
n010_063.bnet,ref,3,0.24662750822036397,2,0,0,0,32,2,asynchronous
n010_063.bnet,ref,4,0.24340781510787637,2,0,0,0,32,2,asynchronous
n010_063.bnet,ref,5,0.20691262917731953,2,0,0,0,32,2,asynchronous
n010_063.bnet,ref,6,0.10563175097935106,2,0,0,0,32,2,asynchronous
n010_063.bnet,ref,7,0.2987305094723634,2,0,0,0,32,2,asynchronous
n010_063.bnet,ref,8,0.27448510248539765,2,0,0,0,32,2,asynchronous
n010_063.bnet,ref,9,0.17904482803299643,2,0,0,0,32,2,asynchronous
n010_063.bnet,ref,10,0.1544015873902761,2,0,0,0,32,2,asynchronous
n010_063.bnet,ref,11,0.25433707567067576,2,0,0,0,32,2,asynchronous
n010_063.bnet,ref,12,0.20500358285725404,2,0,0,0,32,2,asynchronous
n010_063.bnet,ref,13,0.2762732324153503,2,0,0,0,32,2,asynchronous
n010_063.bnet,ref,14,0.31686797242933706,2,0,0,0,32,2,asynchronous
n010_063.bnet,ref,15,0.15397068732864944,2,0,0,0,32,2,asynchronous
n010_063.bnet,ref,16,0.1971540906451918,2,0,0,0,32,2,asynchronous
n010_063.bnet,ref,17,0.24119291439911006,2,0,0,0,32,2,asynchronous
n010_063.bnet,ref,18,0.25240435574473946,2,0,0,0,32,2,asynchronous
n010_063.bnet,ref,19,0.15094316528411553,2,0,0,0,32,2,asynchronous
n010_063.bnet,ref,20,0.15056176877503794,2,0,0,0,32,2,asynchronous
n010_063.bnet,ref,21,0.30002880207607946,2,0,0,0,32,2,asynchronous
n010_063.bnet,ref,22,0.12013027124086603,2,0,0,0,32,2,asynchronous
n010_063.bnet,ref,23,0.1470656616156532,2,0,0,0,32,2,asynchronous
n010_063.bnet,ref,24,0.17570777741549892,2,0,0,0,32,2,asynchronous
n010_063.bnet,ref,25,0.2612124768589821,2,0,0,0,32,2,asynchronous
n010_063.bnet,ref,26,0.05930919861074591,2,0,0,0,32,2,asynchronous
n010_063.bnet,ref,27,0.2141512347480788,2,0,0,0,32,2,asynchronous
n010_063.bnet,ref,28,0.3903226203520625,2,0,0,0,32,2,asynchronous
n010_063.bnet,ref,29,0.22585719930401377,2,0,0,0,32,2,asynchronous
n010_064.bnet,sd_mc,,0.0,0,0,0,0,64,1,asynchronous
n010_064.bnet,ref,0,0.0,0,0,0,0,64,1,asynchronous
n010_064.bnet,ref,1,0.0,0,0,0,0,64,1,asynchronous
n010_064.bnet,ref,2,0.0,0,0,0,0,64,1,asynchronous
n010_064.bnet,ref,3,0.0,0,0,0,0,64,1,asynchronous
n010_064.bnet,ref,4,0.0,0,0,0,0,64,1,asynchronous
n010_064.bnet,ref,5,0.0,0,0,0,0,64,1,asynchronous
n010_064.bnet,ref,6,0.0,0,0,0,0,64,1,asynchronous
n010_064.bnet,ref,7,0.0,0,0,0,0,64,1,asynchronous
n010_064.bnet,ref,8,0.0,0,0,0,0,64,1,asynchronous
n010_064.bnet,ref,9,0.0,0,0,0,0,64,1,asynchronous
n010_064.bnet,ref,10,0.0,0,0,0,0,64,1,asynchronous
n010_064.bnet,ref,11,0.0,0,0,0,0,64,1,asynchronous
n010_064.bnet,ref,12,0.0,0,0,0,0,64,1,asynchronous
n010_064.bnet,ref,13,0.0,0,0,0,0,64,1,asynchronous
n010_064.bnet,ref,14,0.0,0,0,0,0,64,1,asynchronous
n010_064.bnet,ref,15,0.0,0,0,0,0,64,1,asynchronous
n010_064.bnet,ref,16,0.0,0,0,0,0,64,1,asynchronous
n010_064.bnet,ref,17,0.0,0,0,0,0,64,1,asynchronous
n010_064.bnet,ref,18,0.0,0,0,0,0,64,1,asynchronous
n010_064.bnet,ref,19,0.0,0,0,0,0,64,1,asynchronous
n010_064.bnet,ref,20,0.0,0,0,0,0,64,1,asynchronous
n010_064.bnet,ref,21,0.0,0,0,0,0,64,1,asynchronous
n010_064.bnet,ref,22,0.0,0,0,0,0,64,1,asynchronous
n010_064.bnet,ref,23,0.0,0,0,0,0,64,1,asynchronous
n010_064.bnet,ref,24,0.0,0,0,0,0,64,1,asynchronous
n010_064.bnet,ref,25,0.0,0,0,0,0,64,1,asynchronous
n010_064.bnet,ref,26,0.0,0,0,0,0,64,1,asynchronous
n010_064.bnet,ref,27,0.0,0,0,0,0,64,1,asynchronous
n010_064.bnet,ref,28,0.0,0,0,0,0,64,1,asynchronous
n010_064.bnet,ref,29,0.0,0,0,0,0,64,1,asynchronous
n010_065.bnet,sd_mc,,0.0,0,0,0,0,16,1,asynchronous
n010_065.bnet,ref,0,0.0,0,0,0,0,16,1,asynchronous
n010_065.bnet,ref,1,0.0,0,0,0,0,16,1,asynchronous
n010_065.bnet,ref,2,0.0,0,0,0,0,16,1,asynchronous
n010_065.bnet,ref,3,0.0,0,0,0,0,16,1,asynchronous
n010_065.bnet,ref,4,0.0,0,0,0,0,16,1,asynchronous
n010_065.bnet,ref,5,0.0,0,0,0,0,16,1,asynchronous
n010_065.bnet,ref,6,0.0,0,0,0,0,16,1,asynchronous
n010_065.bnet,ref,7,0.0,0,0,0,0,16,1,asynchronous
n010_065.bnet,ref,8,0.0,0,0,0,0,16,1,asynchronous
n010_065.bnet,ref,9,0.0,0,0,0,0,16,1,asynchronous
n010_065.bnet,ref,10,0.0,0,0,0,0,16,1,asynchronous
n010_065.bnet,ref,11,0.0,0,0,0,0,16,1,asynchronous
n010_065.bnet,ref,12,0.0,0,0,0,0,16,1,asynchronous
n010_065.bnet,ref,13,0.0,0,0,0,0,16,1,asynchronous
n010_065.bnet,ref,14,0.0,0,0,0,0,16,1,asynchronous
n010_065.bnet,ref,15,0.0,0,0,0,0,16,1,asynchronous
n010_065.bnet,ref,16,0.0,0,0,0,0,16,1,asynchronous
n010_065.bnet,ref,17,0.0,0,0,0,0,16,1,asynchronous
n010_065.bnet,ref,18,0.0,0,0,0,0,16,1,asynchronous
n010_065.bnet,ref,19,0.0,0,0,0,0,16,1,asynchronous
n010_065.bnet,ref,20,0.0,0,0,0,0,16,1,asynchronous
n010_065.bnet,ref,21,0.0,0,0,0,0,16,1,asynchronous
n010_065.bnet,ref,22,0.0,0,0,0,0,16,1,asynchronous
n010_065.bnet,ref,23,0.0,0,0,0,0,16,1,asynchronous
n010_065.bnet,ref,24,0.0,0,0,0,0,16,1,asynchronous
n010_065.bnet,ref,25,0.0,0,0,0,0,16,1,asynchronous
n010_065.bnet,ref,26,0.0,0,0,0,0,16,1,asynchronous
n010_065.bnet,ref,27,0.0,0,0,0,0,16,1,asynchronous
n010_065.bnet,ref,28,0.0,0,0,0,0,16,1,asynchronous
n010_065.bnet,ref,29,0.0,0,0,0,0,16,1,asynchronous
n010_066.bnet,sd_mc,,0.10831688099856901,162,0,0,0,1024,1,asynchronous
n010_066.bnet,ref,0,0.11723222187044322,162,0,0,0,1024,1,asynchronous
n010_066.bnet,ref,1,0.13303315535720617,162,0,0,0,1024,1,asynchronous
n010_066.bnet,ref,2,0.13049682797116108,162,0,0,0,1024,1,asynchronous
n010_066.bnet,ref,3,0.14147578208045014,162,0,0,0,1024,1,asynchronous
n010_066.bnet,ref,4,0.11958211866567516,162,0,0,0,1024,1,asynchronous
n010_066.bnet,ref,5,0.16705115473249932,162,0,0,0,1024,1,asynchronous
n010_066.bnet,ref,6,0.12060912082072467,162,0,0,0,1024,1,asynchronous
n010_066.bnet,ref,7,0.1612346820620423,162,0,0,0,1024,1,asynchronous
n010_066.bnet,ref,8,0.13954855999416166,162,0,0,0,1024,1,asynchronous
n010_066.bnet,ref,9,0.13725236912568417,162,0,0,0,1024,1,asynchronous
n010_066.bnet,ref,10,0.1359627563583812,162,0,0,0,1024,1,asynchronous
n010_066.bnet,ref,11,0.17130869203341856,162,0,0,0,1024,1,asynchronous
n010_066.bnet,ref,12,0.15242900656276362,162,0,0,0,1024,1,asynchronous
n010_066.bnet,ref,13,0.12337262331956166,162,0,0,0,1024,1,asynchronous
n010_066.bnet,ref,14,0.13019241295058312,162,0,0,0,1024,1,asynchronous
n010_066.bnet,ref,15,0.1314086886722414,162,0,0,0,1024,1,asynchronous
n010_066.bnet,ref,16,0.1253090092812886,162,0,0,0,1024,1,asynchronous
n010_066.bnet,ref,17,0.1338494600369165,162,0,0,0,1024,1,asynchronous
n010_066.bnet,ref,18,0.12321751019216717,162,0,0,0,1024,1,asynchronous
n010_066.bnet,ref,19,0.08876668194014212,162,0,0,0,1024,1,asynchronous
n010_066.bnet,ref,20,0.12044617400929848,162,0,0,0,1024,1,asynchronous
n010_066.bnet,ref,21,0.16177588371132268,162,0,0,0,1024,1,asynchronous
n010_066.bnet,ref,22,0.14268559073071155,162,0,0,0,1024,1,asynchronous
n010_066.bnet,ref,23,0.12725957631317772,162,0,0,0,1024,1,asynchronous
n010_066.bnet,ref,24,0.1399106871402818,162,0,0,0,1024,1,asynchronous
n010_066.bnet,ref,25,0.12402691424932437,162,0,0,0,1024,1,asynchronous
n010_066.bnet,ref,26,0.146559356520327,162,0,0,0,1024,1,asynchronous
n010_066.bnet,ref,27,0.13996183087779077,162,0,0,0,1024,1,asynchronous
n010_066.bnet,ref,28,0.12386202999696257,162,0,0,0,1024,1,asynchronous
n010_066.bnet,ref,29,0.14092760422840836,162,0,0,0,1024,1,asynchronous
n010_067.bnet,sd_mc,,0.06492390770741552,1,0,0,0,16,1,asynchronous
n010_067.bnet,ref,0,0.0379429011105612,1,0,0,0,16,1,asynchronous
n010_067.bnet,ref,1,0.42806862107426014,1,0,0,0,16,1,asynchronous
n010_067.bnet,ref,2,0.06276860814553165,1,0,0,0,16,1,asynchronous
n010_067.bnet,ref,3,0.26069673132978954,1,0,0,0,16,1,asynchronous
n010_067.bnet,ref,4,0.13094360799661087,1,0,0,0,16,1,asynchronous
n010_067.bnet,ref,5,0.10848156878857224,1,0,0,0,16,1,asynchronous
n010_067.bnet,ref,6,0.0737811053211655,1,0,0,0,16,1,asynchronous
n010_067.bnet,ref,7,0.1172860910144572,1,0,0,0,16,1,asynchronous
n010_067.bnet,ref,8,0.37425469938863437,1,0,0,0,16,1,asynchronous
n010_067.bnet,ref,9,0.011298798507375585,1,0,0,0,16,1,asynchronous
n010_067.bnet,ref,10,0.006312086367544434,1,0,0,0,16,1,asynchronous
n010_067.bnet,ref,11,0.11797564251619685,1,0,0,0,16,1,asynchronous
n010_067.bnet,ref,12,0.14570785083901472,1,0,0,0,16,1,asynchronous
n010_067.bnet,ref,13,0.2906279373243884,1,0,0,0,16,1,asynchronous
n010_067.bnet,ref,14,0.4329413504995491,1,0,0,0,16,1,asynchronous
n010_067.bnet,ref,15,0.4231457703072192,1,0,0,0,16,1,asynchronous
n010_067.bnet,ref,16,0.13556369666980284,1,0,0,0,16,1,asynchronous
n010_067.bnet,ref,17,0.17206332649366468,1,0,0,0,16,1,asynchronous
n010_067.bnet,ref,18,0.34982262581018087,1,0,0,0,16,1,asynchronous
n010_067.bnet,ref,19,0.10178532633220577,1,0,0,0,16,1,asynchronous
n010_067.bnet,ref,20,0.0039831747161162,1,0,0,0,16,1,asynchronous
n010_067.bnet,ref,21,0.37193652727169313,1,0,0,0,16,1,asynchronous
n010_067.bnet,ref,22,0.30730310400848326,1,0,0,0,16,1,asynchronous
n010_067.bnet,ref,23,0.07125988141394773,1,0,0,0,16,1,asynchronous
n010_067.bnet,ref,24,0.10598222873123614,1,0,0,0,16,1,asynchronous
n010_067.bnet,ref,25,0.27578713443350944,1,0,0,0,16,1,asynchronous
n010_067.bnet,ref,26,0.22166213042064975,1,0,0,0,16,1,asynchronous
n010_067.bnet,ref,27,0.08450818169630836,1,0,0,0,16,1,asynchronous
n010_067.bnet,ref,28,0.10162265957151562,1,0,0,0,16,1,asynchronous
n010_067.bnet,ref,29,0.04821834408980297,1,0,0,0,16,1,asynchronous
n010_068.bnet,sd_mc,,0.3333333333333337,1,0,0,0,8,1,asynchronous
n010_068.bnet,ref,0,0.30635232673647916,1,0,0,0,8,1,asynchronous
n010_068.bnet,ref,1,0.6964780467001781,1,0,0,0,8,1,asynchronous
n010_068.bnet,ref,2,0.3311780337714496,1,0,0,0,8,1,asynchronous
n010_068.bnet,ref,3,0.5291061569557075,1,0,0,0,8,1,asynchronous
n010_068.bnet,ref,4,0.1374658176293071,1,0,0,0,8,1,asynchronous
n010_068.bnet,ref,5,0.3768909944144902,1,0,0,0,8,1,asynchronous
n010_068.bnet,ref,6,0.34219053094708346,1,0,0,0,8,1,asynchronous
n010_068.bnet,ref,7,0.15112333461146077,1,0,0,0,8,1,asynchronous
n010_068.bnet,ref,8,0.6426641250145524,1,0,0,0,8,1,asynchronous
n010_068.bnet,ref,9,0.27970822413329355,1,0,0,0,8,1,asynchronous
n010_068.bnet,ref,10,0.26209733925837353,1,0,0,0,8,1,asynchronous
n010_068.bnet,ref,11,0.3863850681421148,1,0,0,0,8,1,asynchronous
n010_068.bnet,ref,12,0.4141172764649327,1,0,0,0,8,1,asynchronous
n010_068.bnet,ref,13,0.5590373629503064,1,0,0,0,8,1,asynchronous
n010_068.bnet,ref,14,0.7013507761254671,1,0,0,0,8,1,asynchronous
n010_068.bnet,ref,15,0.15473634468130126,1,0,0,0,8,1,asynchronous
n010_068.bnet,ref,16,0.4039731222957208,1,0,0,0,8,1,asynchronous
n010_068.bnet,ref,17,0.44047275211958264,1,0,0,0,8,1,asynchronous
n010_068.bnet,ref,18,0.6182320514360988,1,0,0,0,8,1,asynchronous
n010_068.bnet,ref,19,0.37019475195812374,1,0,0,0,8,1,asynchronous
n010_068.bnet,ref,20,0.26442625090980176,1,0,0,0,8,1,asynchronous
n010_068.bnet,ref,21,0.6403459528976111,1,0,0,0,8,1,asynchronous
n010_068.bnet,ref,22,0.0388936783825653,1,0,0,0,8,1,asynchronous
n010_068.bnet,ref,23,0.3396693070398657,1,0,0,0,8,1,asynchronous
n010_068.bnet,ref,24,0.3743916543571541,1,0,0,0,8,1,asynchronous
n010_068.bnet,ref,25,0.5441965600594274,1,0,0,0,8,1,asynchronous
n010_068.bnet,ref,26,0.04674729520526821,1,0,0,0,8,1,asynchronous
n010_068.bnet,ref,27,0.3529176073222263,1,0,0,0,8,1,asynchronous
n010_068.bnet,ref,28,0.3700320851974336,1,0,0,0,8,1,asynchronous
n010_068.bnet,ref,29,0.220191081536115,1,0,0,0,8,1,asynchronous
n010_069.bnet,sd_mc,,0.13867545334398412,21,0,0,0,32,2,asynchronous
n010_069.bnet,ref,0,0.1129024262903724,21,0,0,0,32,2,asynchronous
n010_069.bnet,ref,1,0.27810569423641424,21,0,0,0,32,2,asynchronous
n010_069.bnet,ref,2,0.139526332398867,21,0,0,0,32,2,asynchronous
n010_069.bnet,ref,3,0.2089325352200662,21,0,0,0,32,2,asynchronous
n010_069.bnet,ref,4,0.17171189367690498,21,0,0,0,32,2,asynchronous
n010_069.bnet,ref,5,0.17749461699172936,21,0,0,0,32,2,asynchronous
n010_069.bnet,ref,6,0.18156375198247285,21,0,0,0,32,2,asynchronous
n010_069.bnet,ref,7,0.21457430849753253,21,0,0,0,32,2,asynchronous
n010_069.bnet,ref,8,0.11387933096915953,21,0,0,0,32,2,asynchronous
n010_069.bnet,ref,9,0.1652409584229303,21,0,0,0,32,2,asynchronous
n010_069.bnet,ref,10,0.19787258040300387,21,0,0,0,32,2,asynchronous
n010_069.bnet,ref,11,0.15037610581522162,21,0,0,0,32,2,asynchronous
n010_069.bnet,ref,12,0.12739091836070893,21,0,0,0,32,2,asynchronous
n010_069.bnet,ref,13,0.15662358147756467,21,0,0,0,32,2,asynchronous
n010_069.bnet,ref,14,0.15527166336337908,21,0,0,0,32,2,asynchronous
n010_069.bnet,ref,15,0.1929483430814454,21,0,0,0,32,2,asynchronous
n010_069.bnet,ref,16,0.24558372520711275,21,0,0,0,32,2,asynchronous
n010_069.bnet,ref,17,0.20873550440287156,21,0,0,0,32,2,asynchronous
n010_069.bnet,ref,18,0.17362911987268645,21,0,0,0,32,2,asynchronous
n010_069.bnet,ref,19,0.1160312036041448,21,0,0,0,32,2,asynchronous
n010_069.bnet,ref,20,0.13369661975867758,21,0,0,0,32,2,asynchronous
n010_069.bnet,ref,21,0.2225615485977119,21,0,0,0,32,2,asynchronous
n010_069.bnet,ref,22,0.1394553877467899,21,0,0,0,32,2,asynchronous
n010_069.bnet,ref,23,0.1007862865498063,21,0,0,0,32,2,asynchronous
n010_069.bnet,ref,24,0.18331778452403413,21,0,0,0,32,2,asynchronous
n010_069.bnet,ref,25,0.16977334222129542,21,0,0,0,32,2,asynchronous
n010_069.bnet,ref,26,0.14967394149089772,21,0,0,0,32,2,asynchronous
n010_069.bnet,ref,27,0.14735415043600777,21,0,0,0,32,2,asynchronous
n010_069.bnet,ref,28,0.1616859778569157,21,0,0,0,32,2,asynchronous
n010_069.bnet,ref,29,0.23857491931275637,21,0,0,0,32,2,asynchronous
n010_070.bnet,sd_mc,,0.0,0,0,0,0,2,2,asynchronous
n010_070.bnet,ref,0,0.0,0,0,0,0,2,2,asynchronous
n010_070.bnet,ref,1,0.0,0,0,0,0,2,2,asynchronous
n010_070.bnet,ref,2,0.0,0,0,0,0,2,2,asynchronous
n010_070.bnet,ref,3,0.0,0,0,0,0,2,2,asynchronous
n010_070.bnet,ref,4,0.0,0,0,0,0,2,2,asynchronous
n010_070.bnet,ref,5,0.0,0,0,0,0,2,2,asynchronous
n010_070.bnet,ref,6,0.0,0,0,0,0,2,2,asynchronous
n010_070.bnet,ref,7,0.0,0,0,0,0,2,2,asynchronous
n010_070.bnet,ref,8,0.0,0,0,0,0,2,2,asynchronous
n010_070.bnet,ref,9,0.0,0,0,0,0,2,2,asynchronous
n010_070.bnet,ref,10,0.0,0,0,0,0,2,2,asynchronous
n010_070.bnet,ref,11,0.0,0,0,0,0,2,2,asynchronous
n010_070.bnet,ref,12,0.0,0,0,0,0,2,2,asynchronous
n010_070.bnet,ref,13,0.0,0,0,0,0,2,2,asynchronous
n010_070.bnet,ref,14,0.0,0,0,0,0,2,2,asynchronous
n010_070.bnet,ref,15,0.0,0,0,0,0,2,2,asynchronous
n010_070.bnet,ref,16,0.0,0,0,0,0,2,2,asynchronous
n010_070.bnet,ref,17,0.0,0,0,0,0,2,2,asynchronous
n010_070.bnet,ref,18,0.0,0,0,0,0,2,2,asynchronous
n010_070.bnet,ref,19,0.0,0,0,0,0,2,2,asynchronous
n010_070.bnet,ref,20,0.0,0,0,0,0,2,2,asynchronous
n010_070.bnet,ref,21,0.0,0,0,0,0,2,2,asynchronous
n010_070.bnet,ref,22,0.0,0,0,0,0,2,2,asynchronous
n010_070.bnet,ref,23,0.0,0,0,0,0,2,2,asynchronous
n010_070.bnet,ref,24,0.0,0,0,0,0,2,2,asynchronous
n010_070.bnet,ref,25,0.0,0,0,0,0,2,2,asynchronous
n010_070.bnet,ref,26,0.0,0,0,0,0,2,2,asynchronous
n010_070.bnet,ref,27,0.0,0,0,0,0,2,2,asynchronous
n010_070.bnet,ref,28,0.0,0,0,0,0,2,2,asynchronous
n010_070.bnet,ref,29,0.0,0,0,0,0,2,2,asynchronous
n010_071.bnet,sd_mc,,0.16683740569446415,5,0,0,0,32,2,asynchronous
n010_071.bnet,ref,0,0.2827905455057962,5,0,0,0,32,2,asynchronous
n010_071.bnet,ref,1,0.34366084957108506,5,0,0,0,32,2,asynchronous
n010_071.bnet,ref,2,0.42627978193645516,5,0,0,0,32,2,asynchronous
n010_071.bnet,ref,3,0.27621527045097827,5,0,0,0,32,2,asynchronous
n010_071.bnet,ref,4,0.15925462957146094,5,0,0,0,32,2,asynchronous
n010_071.bnet,ref,5,0.21318384561769058,5,0,0,0,32,2,asynchronous
n010_071.bnet,ref,6,0.18287770161535383,5,0,0,0,32,2,asynchronous
n010_071.bnet,ref,7,0.3801150492316431,5,0,0,0,32,2,asynchronous
n010_071.bnet,ref,8,0.3275076131578378,5,0,0,0,32,2,asynchronous
n010_071.bnet,ref,9,0.16851529995100278,5,0,0,0,32,2,asynchronous
n010_071.bnet,ref,10,0.3422467923578324,5,0,0,0,32,2,asynchronous
n010_071.bnet,ref,11,0.24752546652835034,5,0,0,0,32,2,asynchronous
n010_071.bnet,ref,12,0.19999294845118143,5,0,0,0,32,2,asynchronous
n010_071.bnet,ref,13,0.24755149466078194,5,0,0,0,32,2,asynchronous
n010_071.bnet,ref,14,0.2961083772217572,5,0,0,0,32,2,asynchronous
n010_071.bnet,ref,15,0.39851719768698163,5,0,0,0,32,2,asynchronous
n010_071.bnet,ref,16,0.23044645259048674,5,0,0,0,32,2,asynchronous
n010_071.bnet,ref,17,0.32350069755593364,5,0,0,0,32,2,asynchronous
n010_071.bnet,ref,18,0.35905285198786563,5,0,0,0,32,2,asynchronous
n010_071.bnet,ref,19,0.20442612786806838,5,0,0,0,32,2,asynchronous
n010_071.bnet,ref,20,0.1257634602878528,5,0,0,0,32,2,asynchronous
n010_071.bnet,ref,21,0.2773046895940117,5,0,0,0,32,2,asynchronous
n010_071.bnet,ref,22,0.17955634335981452,5,0,0,0,32,2,asynchronous
n010_071.bnet,ref,23,0.3835111107540975,5,0,0,0,32,2,asynchronous
n010_071.bnet,ref,24,0.1674287815908952,5,0,0,0,32,2,asynchronous
n010_071.bnet,ref,25,0.3647115939675012,5,0,0,0,32,2,asynchronous
n010_071.bnet,ref,26,0.13255633282364143,5,0,0,0,32,2,asynchronous
n010_071.bnet,ref,27,0.1749411641980844,5,0,0,0,32,2,asynchronous
n010_071.bnet,ref,28,0.25486988080789413,5,0,0,0,32,2,asynchronous
n010_071.bnet,ref,29,0.27087604330029097,5,0,0,0,32,2,asynchronous
n010_073.bnet,sd_mc,,0.08862748668933704,195,0,0,0,256,1,asynchronous
n010_073.bnet,ref,0,0.11786223843538765,195,0,0,0,256,1,asynchronous
n010_073.bnet,ref,1,0.20807389508997853,195,0,0,0,256,1,asynchronous
n010_073.bnet,ref,2,0.14117247676361597,195,0,0,0,256,1,asynchronous
n010_073.bnet,ref,3,0.13912973042827206,195,0,0,0,256,1,asynchronous
n010_073.bnet,ref,4,0.13748454145180952,195,0,0,0,256,1,asynchronous
n010_073.bnet,ref,5,0.1558647822175243,195,0,0,0,256,1,asynchronous
n010_073.bnet,ref,6,0.12939756157238874,195,0,0,0,256,1,asynchronous
n010_073.bnet,ref,7,0.14619167583705958,195,0,0,0,256,1,asynchronous
n010_073.bnet,ref,8,0.1211981375295348,195,0,0,0,256,1,asynchronous
n010_073.bnet,ref,9,0.13822589743968738,195,0,0,0,256,1,asynchronous
n010_073.bnet,ref,10,0.19287086708110626,195,0,0,0,256,1,asynchronous
n010_073.bnet,ref,11,0.12615518680707616,195,0,0,0,256,1,asynchronous
n010_073.bnet,ref,12,0.14892052419519158,195,0,0,0,256,1,asynchronous
n010_073.bnet,ref,13,0.1346985644814222,195,0,0,0,256,1,asynchronous
n010_073.bnet,ref,14,0.1850769038313353,195,0,0,0,256,1,asynchronous
n010_073.bnet,ref,15,0.12363860024514779,195,0,0,0,256,1,asynchronous
n010_073.bnet,ref,16,0.15043157590589895,195,0,0,0,256,1,asynchronous
n010_073.bnet,ref,17,0.15820472308750683,195,0,0,0,256,1,asynchronous
n010_073.bnet,ref,18,0.11475004477908746,195,0,0,0,256,1,asynchronous
n010_073.bnet,ref,19,0.11648169250261714,195,0,0,0,256,1,asynchronous
n010_073.bnet,ref,20,0.16809354593562564,195,0,0,0,256,1,asynchronous
n010_073.bnet,ref,21,0.18105792429424347,195,0,0,0,256,1,asynchronous
n010_073.bnet,ref,22,0.1168961192522755,195,0,0,0,256,1,asynchronous
n010_073.bnet,ref,23,0.19340097216246788,195,0,0,0,256,1,asynchronous
n010_073.bnet,ref,24,0.15109568767289075,195,0,0,0,256,1,asynchronous
n010_073.bnet,ref,25,0.17460041036844937,195,0,0,0,256,1,asynchronous
n010_073.bnet,ref,26,0.14813609411170986,195,0,0,0,256,1,asynchronous
n010_073.bnet,ref,27,0.12240837669897643,195,0,0,0,256,1,asynchronous
n010_073.bnet,ref,28,0.13791625702748306,195,0,0,0,256,1,asynchronous
n010_073.bnet,ref,29,0.14035891087106245,195,0,0,0,256,1,asynchronous
n010_074.bnet,sd_mc,,0.09382617519749939,27,0,0,0,1024,3,asynchronous
n010_074.bnet,ref,0,0.09574607730470514,27,0,0,0,1024,3,asynchronous
n010_074.bnet,ref,1,0.19808068020475036,27,0,0,0,1024,3,asynchronous
n010_074.bnet,ref,2,0.09971633802746568,27,0,0,0,1024,3,asynchronous
n010_074.bnet,ref,3,0.08924423939138626,27,0,0,0,1024,3,asynchronous
n010_074.bnet,ref,4,0.14838584837726754,27,0,0,0,1024,3,asynchronous
n010_074.bnet,ref,5,0.15179078960145256,27,0,0,0,1024,3,asynchronous
n010_074.bnet,ref,6,0.1538251549821686,27,0,0,0,1024,3,asynchronous
n010_074.bnet,ref,7,0.14910670389259478,27,0,0,0,1024,3,asynchronous
n010_074.bnet,ref,8,0.15900430979274371,27,0,0,0,1024,3,asynchronous
n010_074.bnet,ref,9,0.07890849138922144,27,0,0,0,1024,3,asynchronous
n010_074.bnet,ref,10,0.10244685181775558,27,0,0,0,1024,3,asynchronous
n010_074.bnet,ref,11,0.11346140210617957,27,0,0,0,1024,3,asynchronous
n010_074.bnet,ref,12,0.14620549282541392,27,0,0,0,1024,3,asynchronous
n010_074.bnet,ref,13,0.14739336038028378,27,0,0,0,1024,3,asynchronous
n010_074.bnet,ref,14,0.16097813642634334,27,0,0,0,1024,3,asynchronous
n010_074.bnet,ref,15,0.14133136815619574,27,0,0,0,1024,3,asynchronous
n010_074.bnet,ref,16,0.1352192053344035,27,0,0,0,1024,3,asynchronous
n010_074.bnet,ref,17,0.10810697717179085,27,0,0,0,1024,3,asynchronous
n010_074.bnet,ref,18,0.09987277450151974,27,0,0,0,1024,3,asynchronous
n010_074.bnet,ref,19,0.04969978891956207,27,0,0,0,1024,3,asynchronous
n010_074.bnet,ref,20,0.13127575577239584,27,0,0,0,1024,3,asynchronous
n010_074.bnet,ref,21,0.10494684749137063,27,0,0,0,1024,3,asynchronous
n010_074.bnet,ref,22,0.10977939344316816,27,0,0,0,1024,3,asynchronous
n010_074.bnet,ref,23,0.15239139800072368,27,0,0,0,1024,3,asynchronous
n010_074.bnet,ref,24,0.12256701884012755,27,0,0,0,1024,3,asynchronous
n010_074.bnet,ref,25,0.13811414947229156,27,0,0,0,1024,3,asynchronous
n010_074.bnet,ref,26,0.14404983505197475,27,0,0,0,1024,3,asynchronous
n010_074.bnet,ref,27,0.10831606107632456,27,0,0,0,1024,3,asynchronous
n010_074.bnet,ref,28,0.12959184087775766,27,0,0,0,1024,3,asynchronous
n010_074.bnet,ref,29,0.06985060308428744,27,0,0,0,1024,3,asynchronous
n010_075.bnet,sd_mc,,0.0,0,0,0,0,32,1,asynchronous
n010_075.bnet,ref,0,0.0,0,0,0,0,32,1,asynchronous
n010_075.bnet,ref,1,0.0,0,0,0,0,32,1,asynchronous
n010_075.bnet,ref,2,0.0,0,0,0,0,32,1,asynchronous
n010_075.bnet,ref,3,0.0,0,0,0,0,32,1,asynchronous
n010_075.bnet,ref,4,0.0,0,0,0,0,32,1,asynchronous
n010_075.bnet,ref,5,0.0,0,0,0,0,32,1,asynchronous
n010_075.bnet,ref,6,0.0,0,0,0,0,32,1,asynchronous
n010_075.bnet,ref,7,0.0,0,0,0,0,32,1,asynchronous
n010_075.bnet,ref,8,0.0,0,0,0,0,32,1,asynchronous
n010_075.bnet,ref,9,0.0,0,0,0,0,32,1,asynchronous
n010_075.bnet,ref,10,0.0,0,0,0,0,32,1,asynchronous
n010_075.bnet,ref,11,0.0,0,0,0,0,32,1,asynchronous
n010_075.bnet,ref,12,0.0,0,0,0,0,32,1,asynchronous
n010_075.bnet,ref,13,0.0,0,0,0,0,32,1,asynchronous
n010_075.bnet,ref,14,0.0,0,0,0,0,32,1,asynchronous
n010_075.bnet,ref,15,0.0,0,0,0,0,32,1,asynchronous
n010_075.bnet,ref,16,0.0,0,0,0,0,32,1,asynchronous
n010_075.bnet,ref,17,0.0,0,0,0,0,32,1,asynchronous
n010_075.bnet,ref,18,0.0,0,0,0,0,32,1,asynchronous
n010_075.bnet,ref,19,0.0,0,0,0,0,32,1,asynchronous
n010_075.bnet,ref,20,0.0,0,0,0,0,32,1,asynchronous
n010_075.bnet,ref,21,0.0,0,0,0,0,32,1,asynchronous
n010_075.bnet,ref,22,0.0,0,0,0,0,32,1,asynchronous
n010_075.bnet,ref,23,0.0,0,0,0,0,32,1,asynchronous
n010_075.bnet,ref,24,0.0,0,0,0,0,32,1,asynchronous
n010_075.bnet,ref,25,0.0,0,0,0,0,32,1,asynchronous
n010_075.bnet,ref,26,0.0,0,0,0,0,32,1,asynchronous
n010_075.bnet,ref,27,0.0,0,0,0,0,32,1,asynchronous
n010_075.bnet,ref,28,0.0,0,0,0,0,32,1,asynchronous
n010_075.bnet,ref,29,0.0,0,0,0,0,32,1,asynchronous
n010_076.bnet,sd_mc,,0.0828740882157954,18,0,0,0,16,3,asynchronous
n010_076.bnet,ref,0,0.13866692320486035,18,0,0,0,16,3,asynchronous
n010_076.bnet,ref,1,0.20978373980656545,18,0,0,0,16,3,asynchronous
n010_076.bnet,ref,2,0.10384979401020901,18,0,0,0,16,3,asynchronous
n010_076.bnet,ref,3,0.1281797138239665,18,0,0,0,16,3,asynchronous
n010_076.bnet,ref,4,0.1657617846643153,18,0,0,0,16,3,asynchronous
n010_076.bnet,ref,5,0.10558272794702261,18,0,0,0,16,3,asynchronous
n010_076.bnet,ref,6,0.10010704207086348,18,0,0,0,16,3,asynchronous
n010_076.bnet,ref,7,0.12095732522043112,18,0,0,0,16,3,asynchronous
n010_076.bnet,ref,8,0.19621318647820257,18,0,0,0,16,3,asynchronous
n010_076.bnet,ref,9,0.16429067271325165,18,0,0,0,16,3,asynchronous
n010_076.bnet,ref,10,0.1105928662823497,18,0,0,0,16,3,asynchronous
n010_076.bnet,ref,11,0.09831142435812107,18,0,0,0,16,3,asynchronous
n010_076.bnet,ref,12,0.10402714527483414,18,0,0,0,16,3,asynchronous
n010_076.bnet,ref,13,0.1581215242575522,18,0,0,0,16,3,asynchronous
n010_076.bnet,ref,14,0.18060589961925475,18,0,0,0,16,3,asynchronous
n010_076.bnet,ref,15,0.21987973955502055,18,0,0,0,16,3,asynchronous
n010_076.bnet,ref,16,0.13773263889048995,18,0,0,0,16,3,asynchronous
n010_076.bnet,ref,17,0.17161943838779795,18,0,0,0,16,3,asynchronous
n010_076.bnet,ref,18,0.13298359236965757,18,0,0,0,16,3,asynchronous
n010_076.bnet,ref,19,0.07287621135967323,18,0,0,0,16,3,asynchronous
n010_076.bnet,ref,20,0.14367499911181889,18,0,0,0,16,3,asynchronous
n010_076.bnet,ref,21,0.16248734456908093,18,0,0,0,16,3,asynchronous
n010_076.bnet,ref,22,0.20925836991972183,18,0,0,0,16,3,asynchronous
n010_076.bnet,ref,23,0.14040228957933087,18,0,0,0,16,3,asynchronous
n010_076.bnet,ref,24,0.10529440757278566,18,0,0,0,16,3,asynchronous
n010_076.bnet,ref,25,0.1298136550777041,18,0,0,0,16,3,asynchronous
n010_076.bnet,ref,26,0.11891669233867443,18,0,0,0,16,3,asynchronous
n010_076.bnet,ref,27,0.12080237607603712,18,0,0,0,16,3,asynchronous
n010_076.bnet,ref,28,0.15194448434812446,18,0,0,0,16,3,asynchronous
n010_076.bnet,ref,29,0.14640891701871137,18,0,0,0,16,3,asynchronous
n010_077.bnet,sd_mc,,0.006759839193586692,1,0,0,0,256,2,asynchronous
n010_077.bnet,ref,0,0.3188525351811108,1,0,0,0,256,2,asynchronous
n010_077.bnet,ref,1,0.4360285532795082,1,0,0,0,256,2,asynchronous
n010_077.bnet,ref,2,0.01829497791534329,1,0,0,0,256,2,asynchronous
n010_077.bnet,ref,3,0.366673471797791,1,0,0,0,256,2,asynchronous
n010_077.bnet,ref,4,0.75533748180721,1,0,0,0,256,2,asynchronous
n010_077.bnet,ref,5,0.4793640228690358,1,0,0,0,256,2,asynchronous
n010_077.bnet,ref,6,0.3330986784019958,1,0,0,0,256,2,asynchronous
n010_077.bnet,ref,7,0.7738481670208925,1,0,0,0,256,2,asynchronous
n010_077.bnet,ref,8,0.078036356886243,1,0,0,0,256,2,asynchronous
n010_077.bnet,ref,9,0.23265353634099484,1,0,0,0,256,2,asynchronous
n010_077.bnet,ref,10,0.5360741514218041,1,0,0,0,256,2,asynchronous
n010_077.bnet,ref,11,0.5847807201608932,1,0,0,0,256,2,asynchronous
n010_077.bnet,ref,12,0.4653658249113965,1,0,0,0,256,2,asynchronous
n010_077.bnet,ref,13,0.461560729465448,1,0,0,0,256,2,asynchronous
n010_077.bnet,ref,14,0.44333429341127284,1,0,0,0,256,2,asynchronous
n010_077.bnet,ref,15,0.9464016484573162,1,0,0,0,256,2,asynchronous
n010_077.bnet,ref,16,0.4265958649031505,1,0,0,0,256,2,asynchronous
n010_077.bnet,ref,17,0.5055068127730549,1,0,0,0,256,2,asynchronous
n010_077.bnet,ref,18,0.2978967649212384,1,0,0,0,256,2,asynchronous
n010_077.bnet,ref,19,0.3606994628314302,1,0,0,0,256,2,asynchronous
n010_077.bnet,ref,20,0.48961169181286635,1,0,0,0,256,2,asynchronous
n010_077.bnet,ref,21,0.4413197374755674,1,0,0,0,256,2,asynchronous
n010_077.bnet,ref,22,0.10600446079477832,1,0,0,0,256,2,asynchronous
n010_077.bnet,ref,23,0.44673452792168344,1,0,0,0,256,2,asynchronous
n010_077.bnet,ref,24,0.14058306278184785,1,0,0,0,256,2,asynchronous
n010_077.bnet,ref,25,0.43845041693848186,1,0,0,0,256,2,asynchronous
n010_077.bnet,ref,26,0.4649393581333936,1,0,0,0,256,2,asynchronous
n010_077.bnet,ref,27,0.539074974833373,1,0,0,0,256,2,asynchronous
n010_077.bnet,ref,28,0.7822760825893627,1,0,0,0,256,2,asynchronous
n010_077.bnet,ref,29,0.6715418643873103,1,0,0,0,256,2,asynchronous
n010_078.bnet,sd_mc,,0.0027751765176865506,1,0,0,0,512,1,asynchronous
n010_078.bnet,ref,0,0.4389938168854619,1,0,0,0,512,1,asynchronous
n010_078.bnet,ref,1,0.8291195368491608,1,0,0,0,512,1,asynchronous
n010_078.bnet,ref,2,0.46381952392043235,1,0,0,0,512,1,asynchronous
n010_078.bnet,ref,3,0.6617476471046903,1,0,0,0,512,1,asynchronous
n010_078.bnet,ref,4,0.27010730777828984,1,0,0,0,512,1,asynchronous
n010_078.bnet,ref,5,0.509532484563473,1,0,0,0,512,1,asynchronous
n010_078.bnet,ref,6,0.4748320210960662,1,0,0,0,512,1,asynchronous
n010_078.bnet,ref,7,0.2837648247604435,1,0,0,0,512,1,asynchronous
n010_078.bnet,ref,8,0.7753056151635351,1,0,0,0,512,1,asynchronous
n010_078.bnet,ref,9,0.4123497142822763,1,0,0,0,512,1,asynchronous
n010_078.bnet,ref,10,0.3947388294073563,1,0,0,0,512,1,asynchronous
n010_078.bnet,ref,11,0.5190265582910976,1,0,0,0,512,1,asynchronous
n010_078.bnet,ref,12,0.5467587666139154,1,0,0,0,512,1,asynchronous
n010_078.bnet,ref,13,0.6916788530992891,1,0,0,0,512,1,asynchronous
n010_078.bnet,ref,14,0.8339922662744499,1,0,0,0,512,1,asynchronous
n010_078.bnet,ref,15,0.02209485453231852,1,0,0,0,512,1,asynchronous
n010_078.bnet,ref,16,0.5366146124447035,1,0,0,0,512,1,asynchronous
n010_078.bnet,ref,17,0.5731142422685653,1,0,0,0,512,1,asynchronous
n010_078.bnet,ref,18,0.7508735415850816,1,0,0,0,512,1,asynchronous
n010_078.bnet,ref,19,0.5028362421071064,1,0,0,0,512,1,asynchronous
n010_078.bnet,ref,20,0.3970677410587845,1,0,0,0,512,1,asynchronous
n010_078.bnet,ref,21,0.7729874430465938,1,0,0,0,512,1,asynchronous
n010_078.bnet,ref,22,0.09374781176641744,1,0,0,0,512,1,asynchronous
n010_078.bnet,ref,23,0.47231079718884844,1,0,0,0,512,1,asynchronous
n010_078.bnet,ref,24,0.5070331445061369,1,0,0,0,512,1,asynchronous
n010_078.bnet,ref,25,0.6768380502084101,1,0,0,0,512,1,asynchronous
n010_078.bnet,ref,26,0.17938878535425096,1,0,0,0,512,1,asynchronous
n010_078.bnet,ref,27,0.48555909747120907,1,0,0,0,512,1,asynchronous
n010_078.bnet,ref,28,0.5026735753464163,1,0,0,0,512,1,asynchronous
n010_078.bnet,ref,29,0.35283257168509774,1,0,0,0,512,1,asynchronous
n010_079.bnet,sd_mc,,0.0,0,0,0,0,8,1,asynchronous
n010_079.bnet,ref,0,0.0,0,0,0,0,8,1,asynchronous
n010_079.bnet,ref,1,0.0,0,0,0,0,8,1,asynchronous
n010_079.bnet,ref,2,0.0,0,0,0,0,8,1,asynchronous
n010_079.bnet,ref,3,0.0,0,0,0,0,8,1,asynchronous
n010_079.bnet,ref,4,0.0,0,0,0,0,8,1,asynchronous
n010_079.bnet,ref,5,0.0,0,0,0,0,8,1,asynchronous
n010_079.bnet,ref,6,0.0,0,0,0,0,8,1,asynchronous
n010_079.bnet,ref,7,0.0,0,0,0,0,8,1,asynchronous
n010_079.bnet,ref,8,0.0,0,0,0,0,8,1,asynchronous
n010_079.bnet,ref,9,0.0,0,0,0,0,8,1,asynchronous
n010_079.bnet,ref,10,0.0,0,0,0,0,8,1,asynchronous
n010_079.bnet,ref,11,0.0,0,0,0,0,8,1,asynchronous
n010_079.bnet,ref,12,0.0,0,0,0,0,8,1,asynchronous
n010_079.bnet,ref,13,0.0,0,0,0,0,8,1,asynchronous
n010_079.bnet,ref,14,0.0,0,0,0,0,8,1,asynchronous
n010_079.bnet,ref,15,0.0,0,0,0,0,8,1,asynchronous
n010_079.bnet,ref,16,0.0,0,0,0,0,8,1,asynchronous
n010_079.bnet,ref,17,0.0,0,0,0,0,8,1,asynchronous
n010_079.bnet,ref,18,0.0,0,0,0,0,8,1,asynchronous
n010_079.bnet,ref,19,0.0,0,0,0,0,8,1,asynchronous
n010_079.bnet,ref,20,0.0,0,0,0,0,8,1,asynchronous
n010_079.bnet,ref,21,0.0,0,0,0,0,8,1,asynchronous
n010_079.bnet,ref,22,0.0,0,0,0,0,8,1,asynchronous
n010_079.bnet,ref,23,0.0,0,0,0,0,8,1,asynchronous
n010_079.bnet,ref,24,0.0,0,0,0,0,8,1,asynchronous
n010_079.bnet,ref,25,0.0,0,0,0,0,8,1,asynchronous
n010_079.bnet,ref,26,0.0,0,0,0,0,8,1,asynchronous
n010_079.bnet,ref,27,0.0,0,0,0,0,8,1,asynchronous
n010_079.bnet,ref,28,0.0,0,0,0,0,8,1,asynchronous
n010_079.bnet,ref,29,0.0,0,0,0,0,8,1,asynchronous
n010_080.bnet,sd_mc,,0.06694430714829676,126,0,0,0,512,3,asynchronous
n010_080.bnet,ref,0,0.10958356386916801,126,0,0,0,512,3,asynchronous
n010_080.bnet,ref,1,0.14135734024365984,126,0,0,0,512,3,asynchronous
n010_080.bnet,ref,2,0.13299298525431685,126,0,0,0,512,3,asynchronous
n010_080.bnet,ref,3,0.15686522732592678,126,0,0,0,512,3,asynchronous
n010_080.bnet,ref,4,0.13369946165891172,126,0,0,0,512,3,asynchronous
n010_080.bnet,ref,5,0.14008191157575559,126,0,0,0,512,3,asynchronous
n010_080.bnet,ref,6,0.11079903488949244,126,0,0,0,512,3,asynchronous
n010_080.bnet,ref,7,0.1578504355260355,126,0,0,0,512,3,asynchronous
n010_080.bnet,ref,8,0.1251069693399411,126,0,0,0,512,3,asynchronous
n010_080.bnet,ref,9,0.15057645043158616,126,0,0,0,512,3,asynchronous
n010_080.bnet,ref,10,0.14381063573089456,126,0,0,0,512,3,asynchronous
n010_080.bnet,ref,11,0.11485580511398809,126,0,0,0,512,3,asynchronous
n010_080.bnet,ref,12,0.10757399668425417,126,0,0,0,512,3,asynchronous
n010_080.bnet,ref,13,0.13621408932333565,126,0,0,0,512,3,asynchronous
n010_080.bnet,ref,14,0.12161411690669703,126,0,0,0,512,3,asynchronous
n010_080.bnet,ref,15,0.1390665886107039,126,0,0,0,512,3,asynchronous
n010_080.bnet,ref,16,0.13644910991827808,126,0,0,0,512,3,asynchronous
n010_080.bnet,ref,17,0.11957786615679354,126,0,0,0,512,3,asynchronous
n010_080.bnet,ref,18,0.1364551297540052,126,0,0,0,512,3,asynchronous
n010_080.bnet,ref,19,0.08668041673445614,126,0,0,0,512,3,asynchronous
n010_080.bnet,ref,20,0.10136003464757418,126,0,0,0,512,3,asynchronous
n010_080.bnet,ref,21,0.16055742464507636,126,0,0,0,512,3,asynchronous
n010_080.bnet,ref,22,0.13251967168869316,126,0,0,0,512,3,asynchronous
n010_080.bnet,ref,23,0.105399552844944,126,0,0,0,512,3,asynchronous
n010_080.bnet,ref,24,0.1476001874803079,126,0,0,0,512,3,asynchronous
n010_080.bnet,ref,25,0.17409461901509096,126,0,0,0,512,3,asynchronous
n010_080.bnet,ref,26,0.1287216401043433,126,0,0,0,512,3,asynchronous
n010_080.bnet,ref,27,0.12517609613796385,126,0,0,0,512,3,asynchronous
n010_080.bnet,ref,28,0.09375272339795697,126,0,0,0,512,3,asynchronous
n010_080.bnet,ref,29,0.12850757462915818,126,0,0,0,512,3,asynchronous
n010_082.bnet,sd_mc,,0.014818118610345654,1,0,0,0,1024,1,asynchronous
n010_082.bnet,ref,0,0.40450377868016096,1,0,0,0,1024,1,asynchronous
n010_082.bnet,ref,1,0.7946294986438599,1,0,0,0,1024,1,asynchronous
n010_082.bnet,ref,2,0.4293294857151314,1,0,0,0,1024,1,asynchronous
n010_082.bnet,ref,3,0.6272576088993893,1,0,0,0,1024,1,asynchronous
n010_082.bnet,ref,4,0.2356172695729889,1,0,0,0,1024,1,asynchronous
n010_082.bnet,ref,5,0.475042446358172,1,0,0,0,1024,1,asynchronous
n010_082.bnet,ref,6,0.44034198289076526,1,0,0,0,1024,1,asynchronous
n010_082.bnet,ref,7,0.24927478655514257,1,0,0,0,1024,1,asynchronous
n010_082.bnet,ref,8,0.7408155769582341,1,0,0,0,1024,1,asynchronous
n010_082.bnet,ref,9,0.37785967607697535,1,0,0,0,1024,1,asynchronous
n010_082.bnet,ref,10,0.36024879120205533,1,0,0,0,1024,1,asynchronous
n010_082.bnet,ref,11,0.4845365200857966,1,0,0,0,1024,1,asynchronous
n010_082.bnet,ref,12,0.5122687284086145,1,0,0,0,1024,1,asynchronous
n010_082.bnet,ref,13,0.6571888148939882,1,0,0,0,1024,1,asynchronous
n010_082.bnet,ref,14,0.7995022280691488,1,0,0,0,1024,1,asynchronous
n010_082.bnet,ref,15,0.05658489273761946,1,0,0,0,1024,1,asynchronous
n010_082.bnet,ref,16,0.5021245742394026,1,0,0,0,1024,1,asynchronous
n010_082.bnet,ref,17,0.5386242040632645,1,0,0,0,1024,1,asynchronous
n010_082.bnet,ref,18,0.7163835033797806,1,0,0,0,1024,1,asynchronous
n010_082.bnet,ref,19,0.46834620390180554,1,0,0,0,1024,1,asynchronous
n010_082.bnet,ref,20,0.36257770285348356,1,0,0,0,1024,1,asynchronous
n010_082.bnet,ref,21,0.7384974048412929,1,0,0,0,1024,1,asynchronous
n010_082.bnet,ref,22,0.0592577735611165,1,0,0,0,1024,1,asynchronous
n010_082.bnet,ref,23,0.4378207589835475,1,0,0,0,1024,1,asynchronous
n010_082.bnet,ref,24,0.4725431063008359,1,0,0,0,1024,1,asynchronous
n010_082.bnet,ref,25,0.6423480120031092,1,0,0,0,1024,1,asynchronous
n010_082.bnet,ref,26,0.14489874714895,1,0,0,0,1024,1,asynchronous
n010_082.bnet,ref,27,0.4510690592659081,1,0,0,0,1024,1,asynchronous
n010_082.bnet,ref,28,0.4681835371411154,1,0,0,0,1024,1,asynchronous
n010_082.bnet,ref,29,0.3183425334797968,1,0,0,0,1024,1,asynchronous
n010_083.bnet,sd_mc,,0.04468965647382018,3,0,0,0,64,3,asynchronous
n010_083.bnet,ref,0,0.08135335015039158,3,0,0,0,64,3,asynchronous
n010_083.bnet,ref,1,0.09899893131161881,3,0,0,0,64,3,asynchronous
n010_083.bnet,ref,2,0.04444383820052998,3,0,0,0,64,3,asynchronous
n010_083.bnet,ref,3,0.12567329762604312,3,0,0,0,64,3,asynchronous
n010_083.bnet,ref,4,0.1711256496341508,3,0,0,0,64,3,asynchronous
n010_083.bnet,ref,5,0.14251543900554256,3,0,0,0,64,3,asynchronous
n010_083.bnet,ref,6,0.043545551495558894,3,0,0,0,64,3,asynchronous
n010_083.bnet,ref,7,0.19156224282008041,3,0,0,0,64,3,asynchronous
n010_083.bnet,ref,8,0.08327599399794594,3,0,0,0,64,3,asynchronous
n010_083.bnet,ref,9,0.11587621192131042,3,0,0,0,64,3,asynchronous
n010_083.bnet,ref,10,0.13636428440974657,3,0,0,0,64,3,asynchronous
n010_083.bnet,ref,11,0.13334073711691846,3,0,0,0,64,3,asynchronous
n010_083.bnet,ref,12,0.04174971760085693,3,0,0,0,64,3,asynchronous
n010_083.bnet,ref,13,0.11078783739773514,3,0,0,0,64,3,asynchronous
n010_083.bnet,ref,14,0.12556540606452532,3,0,0,0,64,3,asynchronous
n010_083.bnet,ref,15,0.26216604592267195,3,0,0,0,64,3,asynchronous
n010_083.bnet,ref,16,0.1125077548100453,3,0,0,0,64,3,asynchronous
n010_083.bnet,ref,17,0.10338320792832953,3,0,0,0,64,3,asynchronous
n010_083.bnet,ref,18,0.07946013755399167,3,0,0,0,64,3,asynchronous
n010_083.bnet,ref,19,0.0924663006517147,3,0,0,0,64,3,asynchronous
n010_083.bnet,ref,20,0.11775815356745208,3,0,0,0,64,3,asynchronous
n010_083.bnet,ref,21,0.09650194334578184,3,0,0,0,64,3,asynchronous
n010_083.bnet,ref,22,0.23124862425131798,3,0,0,0,64,3,asynchronous
n010_083.bnet,ref,23,0.07045576593938986,3,0,0,0,64,3,asynchronous
n010_083.bnet,ref,24,0.1013424312890523,3,0,0,0,64,3,asynchronous
n010_083.bnet,ref,25,0.10255967980400287,3,0,0,0,64,3,asynchronous
n010_083.bnet,ref,26,0.17242732651163734,3,0,0,0,64,3,asynchronous
n010_083.bnet,ref,27,0.08552514794909089,3,0,0,0,64,3,asynchronous
n010_083.bnet,ref,28,0.17968953304784474,3,0,0,0,64,3,asynchronous
n010_083.bnet,ref,29,0.15255231209239656,3,0,0,0,64,3,asynchronous
n010_084.bnet,sd_mc,,0.1097636601904352,8,0,0,0,512,1,asynchronous
n010_084.bnet,ref,0,0.21183824458565392,8,0,0,0,512,1,asynchronous
n010_084.bnet,ref,1,0.20383464182271624,8,0,0,0,512,1,asynchronous
n010_084.bnet,ref,2,0.2854687821240542,8,0,0,0,512,1,asynchronous
n010_084.bnet,ref,3,0.24435451726496069,8,0,0,0,512,1,asynchronous
n010_084.bnet,ref,4,0.36812669557554345,8,0,0,0,512,1,asynchronous
n010_084.bnet,ref,5,0.28785145349922614,8,0,0,0,512,1,asynchronous
n010_084.bnet,ref,6,0.43185743206016247,8,0,0,0,512,1,asynchronous
n010_084.bnet,ref,7,0.2356113415340091,8,0,0,0,512,1,asynchronous
n010_084.bnet,ref,8,0.4475992155282593,8,0,0,0,512,1,asynchronous
n010_084.bnet,ref,9,0.5359785242758841,8,0,0,0,512,1,asynchronous
n010_084.bnet,ref,10,0.22073704149778756,8,0,0,0,512,1,asynchronous
n010_084.bnet,ref,11,0.22559339168147735,8,0,0,0,512,1,asynchronous
n010_084.bnet,ref,12,0.41364278479583577,8,0,0,0,512,1,asynchronous
n010_084.bnet,ref,13,0.28829302273118323,8,0,0,0,512,1,asynchronous
n010_084.bnet,ref,14,0.2852113492005665,8,0,0,0,512,1,asynchronous
n010_084.bnet,ref,15,0.36855263029637547,8,0,0,0,512,1,asynchronous
n010_084.bnet,ref,16,0.30140182810893296,8,0,0,0,512,1,asynchronous
n010_084.bnet,ref,17,0.17655460552130847,8,0,0,0,512,1,asynchronous
n010_084.bnet,ref,18,0.22487491119714118,8,0,0,0,512,1,asynchronous
n010_084.bnet,ref,19,0.33615824715875076,8,0,0,0,512,1,asynchronous
n010_084.bnet,ref,20,0.3488264930190343,8,0,0,0,512,1,asynchronous
n010_084.bnet,ref,21,0.3770855564204467,8,0,0,0,512,1,asynchronous
n010_084.bnet,ref,22,0.5251436096347126,8,0,0,0,512,1,asynchronous
n010_084.bnet,ref,23,0.15958529015126632,8,0,0,0,512,1,asynchronous
n010_084.bnet,ref,24,0.4583691018601912,8,0,0,0,512,1,asynchronous
n010_084.bnet,ref,25,0.14383402650804117,8,0,0,0,512,1,asynchronous
n010_084.bnet,ref,26,0.49113054013170365,8,0,0,0,512,1,asynchronous
n010_084.bnet,ref,27,0.3863948874581261,8,0,0,0,512,1,asynchronous
n010_084.bnet,ref,28,0.3204618351701399,8,0,0,0,512,1,asynchronous
n010_084.bnet,ref,29,0.19965594568706094,8,0,0,0,512,1,asynchronous
n010_085.bnet,sd_mc,,0.1399425809572512,4,0,0,0,128,4,asynchronous
n010_085.bnet,ref,0,0.2304286958272655,4,0,0,0,128,4,asynchronous
n010_085.bnet,ref,1,0.35915696109824374,4,0,0,0,128,4,asynchronous
n010_085.bnet,ref,2,0.29850435952650084,4,0,0,0,128,4,asynchronous
n010_085.bnet,ref,3,0.30948677567699384,4,0,0,0,128,4,asynchronous
n010_085.bnet,ref,4,0.23915405707901413,4,0,0,0,128,4,asynchronous
n010_085.bnet,ref,5,0.20777737967372772,4,0,0,0,128,4,asynchronous
n010_085.bnet,ref,6,0.22088290396775456,4,0,0,0,128,4,asynchronous
n010_085.bnet,ref,7,0.32755976512765844,4,0,0,0,128,4,asynchronous
n010_085.bnet,ref,8,0.36176639952344114,4,0,0,0,128,4,asynchronous
n010_085.bnet,ref,9,0.14384631942263099,4,0,0,0,128,4,asynchronous
n010_085.bnet,ref,10,0.2577620238782118,4,0,0,0,128,4,asynchronous
n010_085.bnet,ref,11,0.23885277617893216,4,0,0,0,128,4,asynchronous
n010_085.bnet,ref,12,0.252009616333511,4,0,0,0,128,4,asynchronous
n010_085.bnet,ref,13,0.26612534019826073,4,0,0,0,128,4,asynchronous
n010_085.bnet,ref,14,0.31069366875404314,4,0,0,0,128,4,asynchronous
n010_085.bnet,ref,15,0.2825648993857689,4,0,0,0,128,4,asynchronous
n010_085.bnet,ref,16,0.22849149032600474,4,0,0,0,128,4,asynchronous
n010_085.bnet,ref,17,0.2922845140390256,4,0,0,0,128,4,asynchronous
n010_085.bnet,ref,18,0.35843867334821805,4,0,0,0,128,4,asynchronous
n010_085.bnet,ref,19,0.21318686133703574,4,0,0,0,128,4,asynchronous
n010_085.bnet,ref,20,0.14534512566737293,4,0,0,0,128,4,asynchronous
n010_085.bnet,ref,21,0.31757978713750695,4,0,0,0,128,4,asynchronous
n010_085.bnet,ref,22,0.12525922200043088,4,0,0,0,128,4,asynchronous
n010_085.bnet,ref,23,0.2921142679388209,4,0,0,0,128,4,asynchronous
n010_085.bnet,ref,24,0.18545815534921425,4,0,0,0,128,4,asynchronous
n010_085.bnet,ref,25,0.36057454982241116,4,0,0,0,128,4,asynchronous
n010_085.bnet,ref,26,0.10985340798518578,4,0,0,0,128,4,asynchronous
n010_085.bnet,ref,27,0.24580038968611376,4,0,0,0,128,4,asynchronous
n010_085.bnet,ref,28,0.2884208496459045,4,0,0,0,128,4,asynchronous
n010_085.bnet,ref,29,0.2316252926188329,4,0,0,0,128,4,asynchronous
n010_086.bnet,sd_mc,,0.04042192086124341,1,0,0,0,64,1,asynchronous
n010_086.bnet,ref,0,0.450940914264389,1,0,0,0,64,1,asynchronous
n010_086.bnet,ref,1,0.8410666342280879,1,0,0,0,64,1,asynchronous
n010_086.bnet,ref,2,0.4757666212993594,1,0,0,0,64,1,asynchronous
n010_086.bnet,ref,3,0.6736947444836173,1,0,0,0,64,1,asynchronous
n010_086.bnet,ref,4,0.2820544051572169,1,0,0,0,64,1,asynchronous
n010_086.bnet,ref,5,0.5214795819424001,1,0,0,0,64,1,asynchronous
n010_086.bnet,ref,6,0.4867791184749933,1,0,0,0,64,1,asynchronous
n010_086.bnet,ref,7,0.2957119221393706,1,0,0,0,64,1,asynchronous
n010_086.bnet,ref,8,0.7872527125424622,1,0,0,0,64,1,asynchronous
n010_086.bnet,ref,9,0.42429681166120337,1,0,0,0,64,1,asynchronous
n010_086.bnet,ref,10,0.40668592678628335,1,0,0,0,64,1,asynchronous
n010_086.bnet,ref,11,0.5309736556700246,1,0,0,0,64,1,asynchronous
n010_086.bnet,ref,12,0.5587058639928425,1,0,0,0,64,1,asynchronous
n010_086.bnet,ref,13,0.7036259504782162,1,0,0,0,64,1,asynchronous
n010_086.bnet,ref,14,0.845939363653377,1,0,0,0,64,1,asynchronous
n010_086.bnet,ref,15,0.010147757153391446,1,0,0,0,64,1,asynchronous
n010_086.bnet,ref,16,0.5485617098236306,1,0,0,0,64,1,asynchronous
n010_086.bnet,ref,17,0.5850613396474924,1,0,0,0,64,1,asynchronous
n010_086.bnet,ref,18,0.7628206389640086,1,0,0,0,64,1,asynchronous
n010_086.bnet,ref,19,0.5147833394860335,1,0,0,0,64,1,asynchronous
n010_086.bnet,ref,20,0.4090148384377116,1,0,0,0,64,1,asynchronous
n010_086.bnet,ref,21,0.7849345404255209,1,0,0,0,64,1,asynchronous
n010_086.bnet,ref,22,0.10569490914534452,1,0,0,0,64,1,asynchronous
n010_086.bnet,ref,23,0.4842578945677755,1,0,0,0,64,1,asynchronous
n010_086.bnet,ref,24,0.518980241885064,1,0,0,0,64,1,asynchronous
n010_086.bnet,ref,25,0.6887851475873372,1,0,0,0,64,1,asynchronous
n010_086.bnet,ref,26,0.19133588273317803,1,0,0,0,64,1,asynchronous
n010_086.bnet,ref,27,0.49750619485013614,1,0,0,0,64,1,asynchronous
n010_086.bnet,ref,28,0.5146206727253434,1,0,0,0,64,1,asynchronous
n010_086.bnet,ref,29,0.3647796690640248,1,0,0,0,64,1,asynchronous
n010_088.bnet,sd_mc,,0.0,0,0,0,0,64,1,asynchronous
n010_088.bnet,ref,0,0.0,0,0,0,0,64,1,asynchronous
n010_088.bnet,ref,1,0.0,0,0,0,0,64,1,asynchronous
n010_088.bnet,ref,2,0.0,0,0,0,0,64,1,asynchronous
n010_088.bnet,ref,3,0.0,0,0,0,0,64,1,asynchronous
n010_088.bnet,ref,4,0.0,0,0,0,0,64,1,asynchronous
n010_088.bnet,ref,5,0.0,0,0,0,0,64,1,asynchronous
n010_088.bnet,ref,6,0.0,0,0,0,0,64,1,asynchronous
n010_088.bnet,ref,7,0.0,0,0,0,0,64,1,asynchronous
n010_088.bnet,ref,8,0.0,0,0,0,0,64,1,asynchronous
n010_088.bnet,ref,9,0.0,0,0,0,0,64,1,asynchronous
n010_088.bnet,ref,10,0.0,0,0,0,0,64,1,asynchronous
n010_088.bnet,ref,11,0.0,0,0,0,0,64,1,asynchronous
n010_088.bnet,ref,12,0.0,0,0,0,0,64,1,asynchronous
n010_088.bnet,ref,13,0.0,0,0,0,0,64,1,asynchronous
n010_088.bnet,ref,14,0.0,0,0,0,0,64,1,asynchronous
n010_088.bnet,ref,15,0.0,0,0,0,0,64,1,asynchronous
n010_088.bnet,ref,16,0.0,0,0,0,0,64,1,asynchronous
n010_088.bnet,ref,17,0.0,0,0,0,0,64,1,asynchronous
n010_088.bnet,ref,18,0.0,0,0,0,0,64,1,asynchronous
n010_088.bnet,ref,19,0.0,0,0,0,0,64,1,asynchronous
n010_088.bnet,ref,20,0.0,0,0,0,0,64,1,asynchronous
n010_088.bnet,ref,21,0.0,0,0,0,0,64,1,asynchronous
n010_088.bnet,ref,22,0.0,0,0,0,0,64,1,asynchronous
n010_088.bnet,ref,23,0.0,0,0,0,0,64,1,asynchronous
n010_088.bnet,ref,24,0.0,0,0,0,0,64,1,asynchronous
n010_088.bnet,ref,25,0.0,0,0,0,0,64,1,asynchronous
n010_088.bnet,ref,26,0.0,0,0,0,0,64,1,asynchronous
n010_088.bnet,ref,27,0.0,0,0,0,0,64,1,asynchronous
n010_088.bnet,ref,28,0.0,0,0,0,0,64,1,asynchronous
n010_088.bnet,ref,29,0.0,0,0,0,0,64,1,asynchronous
n010_089.bnet,sd_mc,,0.0,0,0,0,0,1024,1,asynchronous
n010_089.bnet,ref,0,0.0,0,0,0,0,1024,1,asynchronous
n010_089.bnet,ref,1,0.0,0,0,0,0,1024,1,asynchronous
n010_089.bnet,ref,2,0.0,0,0,0,0,1024,1,asynchronous
n010_089.bnet,ref,3,0.0,0,0,0,0,1024,1,asynchronous
n010_089.bnet,ref,4,0.0,0,0,0,0,1024,1,asynchronous
n010_089.bnet,ref,5,0.0,0,0,0,0,1024,1,asynchronous
n010_089.bnet,ref,6,0.0,0,0,0,0,1024,1,asynchronous
n010_089.bnet,ref,7,0.0,0,0,0,0,1024,1,asynchronous
n010_089.bnet,ref,8,0.0,0,0,0,0,1024,1,asynchronous
n010_089.bnet,ref,9,0.0,0,0,0,0,1024,1,asynchronous
n010_089.bnet,ref,10,0.0,0,0,0,0,1024,1,asynchronous
n010_089.bnet,ref,11,0.0,0,0,0,0,1024,1,asynchronous
n010_089.bnet,ref,12,0.0,0,0,0,0,1024,1,asynchronous
n010_089.bnet,ref,13,0.0,0,0,0,0,1024,1,asynchronous
n010_089.bnet,ref,14,0.0,0,0,0,0,1024,1,asynchronous
n010_089.bnet,ref,15,0.0,0,0,0,0,1024,1,asynchronous
n010_089.bnet,ref,16,0.0,0,0,0,0,1024,1,asynchronous
n010_089.bnet,ref,17,0.0,0,0,0,0,1024,1,asynchronous
n010_089.bnet,ref,18,0.0,0,0,0,0,1024,1,asynchronous
n010_089.bnet,ref,19,0.0,0,0,0,0,1024,1,asynchronous
n010_089.bnet,ref,20,0.0,0,0,0,0,1024,1,asynchronous
n010_089.bnet,ref,21,0.0,0,0,0,0,1024,1,asynchronous
n010_089.bnet,ref,22,0.0,0,0,0,0,1024,1,asynchronous
n010_089.bnet,ref,23,0.0,0,0,0,0,1024,1,asynchronous
n010_089.bnet,ref,24,0.0,0,0,0,0,1024,1,asynchronous
n010_089.bnet,ref,25,0.0,0,0,0,0,1024,1,asynchronous
n010_089.bnet,ref,26,0.0,0,0,0,0,1024,1,asynchronous
n010_089.bnet,ref,27,0.0,0,0,0,0,1024,1,asynchronous
n010_089.bnet,ref,28,0.0,0,0,0,0,1024,1,asynchronous
n010_089.bnet,ref,29,0.0,0,0,0,0,1024,1,asynchronous
n010_090.bnet,sd_mc,,0.0966170052350166,5,0,0,0,128,1,asynchronous
n010_090.bnet,ref,0,0.33461151515805115,5,0,0,0,128,1,asynchronous
n010_090.bnet,ref,1,0.38802368038625434,5,0,0,0,128,1,asynchronous
n010_090.bnet,ref,2,0.4738709229176018,5,0,0,0,128,1,asynchronous
n010_090.bnet,ref,3,0.31376151233129196,5,0,0,0,128,1,asynchronous
n010_090.bnet,ref,4,0.21876357239082955,5,0,0,0,128,1,asynchronous
n010_090.bnet,ref,5,0.26003376297319253,5,0,0,0,128,1,asynchronous
n010_090.bnet,ref,6,0.14723083566732217,5,0,0,0,128,1,asynchronous
n010_090.bnet,ref,7,0.451705499667877,5,0,0,0,128,1,asynchronous
n010_090.bnet,ref,8,0.3088609846161449,5,0,0,0,128,1,asynchronous
n010_090.bnet,ref,9,0.11074669590583396,5,0,0,0,128,1,asynchronous
n010_090.bnet,ref,10,0.40491777739691526,5,0,0,0,128,1,asynchronous
n010_090.bnet,ref,11,0.3042167509142534,5,0,0,0,128,1,asynchronous
n010_090.bnet,ref,12,0.199278656491049,5,0,0,0,128,1,asynchronous
n010_090.bnet,ref,13,0.2633563431501748,5,0,0,0,128,1,asynchronous
n010_090.bnet,ref,14,0.3142558943494201,5,0,0,0,128,1,asynchronous
n010_090.bnet,ref,15,0.47058072906165777,5,0,0,0,128,1,asynchronous
n010_090.bnet,ref,16,0.27525692237277793,5,0,0,0,128,1,asynchronous
n010_090.bnet,ref,17,0.38046868562470665,5,0,0,0,128,1,asynchronous
n010_090.bnet,ref,18,0.398734053611139,5,0,0,0,128,1,asynchronous
n010_090.bnet,ref,19,0.2438117595357729,5,0,0,0,128,1,asynchronous
n010_090.bnet,ref,20,0.15285761909603515,5,0,0,0,128,1,asynchronous
n010_090.bnet,ref,21,0.3029684220495151,5,0,0,0,128,1,asynchronous
n010_090.bnet,ref,22,0.14953163410777548,5,0,0,0,128,1,asynchronous
n010_090.bnet,ref,23,0.4423431463292369,5,0,0,0,128,1,asynchronous
n010_090.bnet,ref,24,0.1442490873335948,5,0,0,0,128,1,asynchronous
n010_090.bnet,ref,25,0.41739613818293153,5,0,0,0,128,1,asynchronous
n010_090.bnet,ref,26,0.09461460075107841,5,0,0,0,128,1,asynchronous
n010_090.bnet,ref,27,0.2083140208800305,5,0,0,0,128,1,asynchronous
n010_090.bnet,ref,28,0.31682098209161846,5,0,0,0,128,1,asynchronous
n010_090.bnet,ref,29,0.3381830010251269,5,0,0,0,128,1,asynchronous
n010_091.bnet,sd_mc,,0.028126127097449223,6524,0,0,0,1024,2,asynchronous
n010_091.bnet,ref,0,0.04960592602261858,6524,0,0,0,1024,2,asynchronous
n010_091.bnet,ref,1,0.048736544718984906,6524,0,0,0,1024,2,asynchronous
n010_091.bnet,ref,2,0.0637997767109215,6524,0,0,0,1024,2,asynchronous
n010_091.bnet,ref,3,0.06080852447130873,6524,0,0,0,1024,2,asynchronous
n010_091.bnet,ref,4,0.056721531553787306,6524,0,0,0,1024,2,asynchronous
n010_091.bnet,ref,5,0.05083013115225384,6524,0,0,0,1024,2,asynchronous
n010_091.bnet,ref,6,0.05886487833756978,6524,0,0,0,1024,2,asynchronous
n010_091.bnet,ref,7,0.051181100627558755,6524,0,0,0,1024,2,asynchronous
n010_091.bnet,ref,8,0.04245629363830407,6524,0,0,0,1024,2,asynchronous
n010_091.bnet,ref,9,0.0638920793983236,6524,0,0,0,1024,2,asynchronous
n010_091.bnet,ref,10,0.050076113621287666,6524,0,0,0,1024,2,asynchronous
n010_091.bnet,ref,11,0.049879988124450284,6524,0,0,0,1024,2,asynchronous
n010_091.bnet,ref,12,0.044851438213157166,6524,0,0,0,1024,2,asynchronous
n010_091.bnet,ref,13,0.05513259281627492,6524,0,0,0,1024,2,asynchronous
n010_091.bnet,ref,14,0.050568894986070284,6524,0,0,0,1024,2,asynchronous
n010_091.bnet,ref,15,0.046570578589205866,6524,0,0,0,1024,2,asynchronous
n010_091.bnet,ref,16,0.053754970781331665,6524,0,0,0,1024,2,asynchronous
n010_091.bnet,ref,17,0.055312635598788074,6524,0,0,0,1024,2,asynchronous
n010_091.bnet,ref,18,0.053430524914434084,6524,0,0,0,1024,2,asynchronous
n010_091.bnet,ref,19,0.05072469688248581,6524,0,0,0,1024,2,asynchronous
n010_091.bnet,ref,20,0.05412853347553655,6524,0,0,0,1024,2,asynchronous
n010_091.bnet,ref,21,0.05503903564146479,6524,0,0,0,1024,2,asynchronous
n010_091.bnet,ref,22,0.0515154973080491,6524,0,0,0,1024,2,asynchronous
n010_091.bnet,ref,23,0.05030227679638968,6524,0,0,0,1024,2,asynchronous
n010_091.bnet,ref,24,0.05468049619839157,6524,0,0,0,1024,2,asynchronous
n010_091.bnet,ref,25,0.054264097695800005,6524,0,0,0,1024,2,asynchronous
n010_091.bnet,ref,26,0.06117836626105045,6524,0,0,0,1024,2,asynchronous
n010_091.bnet,ref,27,0.06419212415414138,6524,0,0,0,1024,2,asynchronous
n010_091.bnet,ref,28,0.05764462460057238,6524,0,0,0,1024,2,asynchronous
n010_091.bnet,ref,29,0.05288567076865377,6524,0,0,0,1024,2,asynchronous
n010_092.bnet,sd_mc,,0.010685963676338006,1,0,0,0,1024,1,asynchronous
n010_092.bnet,ref,0,0.45972886306019356,1,0,0,0,1024,1,asynchronous
n010_092.bnet,ref,1,0.8498545830238925,1,0,0,0,1024,1,asynchronous
n010_092.bnet,ref,2,0.484554570095164,1,0,0,0,1024,1,asynchronous
n010_092.bnet,ref,3,0.6824826932794219,1,0,0,0,1024,1,asynchronous
n010_092.bnet,ref,4,0.2908423539530215,1,0,0,0,1024,1,asynchronous
n010_092.bnet,ref,5,0.5302675307382045,1,0,0,0,1024,1,asynchronous
n010_092.bnet,ref,6,0.49556706727079786,1,0,0,0,1024,1,asynchronous
n010_092.bnet,ref,7,0.30449987093517517,1,0,0,0,1024,1,asynchronous
n010_092.bnet,ref,8,0.7960406613382667,1,0,0,0,1024,1,asynchronous
n010_092.bnet,ref,9,0.43308476045700794,1,0,0,0,1024,1,asynchronous
n010_092.bnet,ref,10,0.4154738755820879,1,0,0,0,1024,1,asynchronous
n010_092.bnet,ref,11,0.5397616044658292,1,0,0,0,1024,1,asynchronous
n010_092.bnet,ref,12,0.5674938127886471,1,0,0,0,1024,1,asynchronous
n010_092.bnet,ref,13,0.7124138992740208,1,0,0,0,1024,1,asynchronous
n010_092.bnet,ref,14,0.8547273124491814,1,0,0,0,1024,1,asynchronous
n010_092.bnet,ref,15,0.001359808357586867,1,0,0,0,1024,1,asynchronous
n010_092.bnet,ref,16,0.5573496586194352,1,0,0,0,1024,1,asynchronous
n010_092.bnet,ref,17,0.5938492884432971,1,0,0,0,1024,1,asynchronous
n010_092.bnet,ref,18,0.7716085877598132,1,0,0,0,1024,1,asynchronous
n010_092.bnet,ref,19,0.5235712882818382,1,0,0,0,1024,1,asynchronous
n010_092.bnet,ref,20,0.41780278723351616,1,0,0,0,1024,1,asynchronous
n010_092.bnet,ref,21,0.7937224892213255,1,0,0,0,1024,1,asynchronous
n010_092.bnet,ref,22,0.1144828579411491,1,0,0,0,1024,1,asynchronous
n010_092.bnet,ref,23,0.4930458433635801,1,0,0,0,1024,1,asynchronous
n010_092.bnet,ref,24,0.5277681906808684,1,0,0,0,1024,1,asynchronous
n010_092.bnet,ref,25,0.6975730963831418,1,0,0,0,1024,1,asynchronous
n010_092.bnet,ref,26,0.2001238315289826,1,0,0,0,1024,1,asynchronous
n010_092.bnet,ref,27,0.5062941436459407,1,0,0,0,1024,1,asynchronous
n010_092.bnet,ref,28,0.523408621521148,1,0,0,0,1024,1,asynchronous
n010_092.bnet,ref,29,0.3735676178598294,1,0,0,0,1024,1,asynchronous
n010_094.bnet,sd_mc,,0.06528061293201495,164,0,0,0,1024,2,asynchronous
n010_094.bnet,ref,0,0.06716168862659413,164,0,0,0,1024,2,asynchronous
n010_094.bnet,ref,1,0.07203339416517189,164,0,0,0,1024,2,asynchronous
n010_094.bnet,ref,2,0.08493812061965819,164,0,0,0,1024,2,asynchronous
n010_094.bnet,ref,3,0.07253681898021501,164,0,0,0,1024,2,asynchronous
n010_094.bnet,ref,4,0.06382462519574149,164,0,0,0,1024,2,asynchronous
n010_094.bnet,ref,5,0.1100970239090614,164,0,0,0,1024,2,asynchronous
n010_094.bnet,ref,6,0.08518319386025124,164,0,0,0,1024,2,asynchronous
n010_094.bnet,ref,7,0.07220219953029038,164,0,0,0,1024,2,asynchronous
n010_094.bnet,ref,8,0.07318611682008515,164,0,0,0,1024,2,asynchronous
n010_094.bnet,ref,9,0.07453302188927072,164,0,0,0,1024,2,asynchronous
n010_094.bnet,ref,10,0.06821273082287364,164,0,0,0,1024,2,asynchronous
n010_094.bnet,ref,11,0.07863150281553428,164,0,0,0,1024,2,asynchronous
n010_094.bnet,ref,12,0.07816105450652983,164,0,0,0,1024,2,asynchronous
n010_094.bnet,ref,13,0.06453498364332631,164,0,0,0,1024,2,asynchronous
n010_094.bnet,ref,14,0.08332628763654358,164,0,0,0,1024,2,asynchronous
n010_094.bnet,ref,15,0.08910193633356257,164,0,0,0,1024,2,asynchronous
n010_094.bnet,ref,16,0.08454754115955812,164,0,0,0,1024,2,asynchronous
n010_094.bnet,ref,17,0.08952859402571028,164,0,0,0,1024,2,asynchronous
n010_094.bnet,ref,18,0.10068702422371044,164,0,0,0,1024,2,asynchronous
n010_094.bnet,ref,19,0.06957152588533383,164,0,0,0,1024,2,asynchronous
n010_094.bnet,ref,20,0.06995056721718224,164,0,0,0,1024,2,asynchronous
n010_094.bnet,ref,21,0.07267407097506928,164,0,0,0,1024,2,asynchronous
n010_094.bnet,ref,22,0.09966370896645732,164,0,0,0,1024,2,asynchronous
n010_094.bnet,ref,23,0.06175060723712516,164,0,0,0,1024,2,asynchronous
n010_094.bnet,ref,24,0.08210161986670972,164,0,0,0,1024,2,asynchronous
n010_094.bnet,ref,25,0.10407156009278681,164,0,0,0,1024,2,asynchronous
n010_094.bnet,ref,26,0.06862291445934218,164,0,0,0,1024,2,asynchronous
n010_094.bnet,ref,27,0.0747730840511586,164,0,0,0,1024,2,asynchronous
n010_094.bnet,ref,28,0.07754991579839732,164,0,0,0,1024,2,asynchronous
n010_094.bnet,ref,29,0.05460962596975478,164,0,0,0,1024,2,asynchronous
n010_095.bnet,sd_mc,,0.11111111111111127,1,0,0,0,8,1,asynchronous
n010_095.bnet,ref,0,0.08413010451425673,1,0,0,0,8,1,asynchronous
n010_095.bnet,ref,1,0.47425582447795567,1,0,0,0,8,1,asynchronous
n010_095.bnet,ref,2,0.10895581154922718,1,0,0,0,8,1,asynchronous
n010_095.bnet,ref,3,0.3068839347334851,1,0,0,0,8,1,asynchronous
n010_095.bnet,ref,4,0.08475640459291534,1,0,0,0,8,1,asynchronous
n010_095.bnet,ref,5,0.15466877219226777,1,0,0,0,8,1,asynchronous
n010_095.bnet,ref,6,0.11996830872486103,1,0,0,0,8,1,asynchronous
n010_095.bnet,ref,7,0.07109888761076166,1,0,0,0,8,1,asynchronous
n010_095.bnet,ref,8,0.4204419027923299,1,0,0,0,8,1,asynchronous
n010_095.bnet,ref,9,0.057486001911071116,1,0,0,0,8,1,asynchronous
n010_095.bnet,ref,10,0.0398751170361511,1,0,0,0,8,1,asynchronous
n010_095.bnet,ref,11,0.1641628459198924,1,0,0,0,8,1,asynchronous
n010_095.bnet,ref,12,0.19189505424271025,1,0,0,0,8,1,asynchronous
n010_095.bnet,ref,13,0.33681514072808394,1,0,0,0,8,1,asynchronous
n010_095.bnet,ref,14,0.47912855390324466,1,0,0,0,8,1,asynchronous
n010_095.bnet,ref,15,0.3769585669035237,1,0,0,0,8,1,asynchronous
n010_095.bnet,ref,16,0.18175090007349837,1,0,0,0,8,1,asynchronous
n010_095.bnet,ref,17,0.2182505298973602,1,0,0,0,8,1,asynchronous
n010_095.bnet,ref,18,0.3960098292138764,1,0,0,0,8,1,asynchronous
n010_095.bnet,ref,19,0.1479725297359013,1,0,0,0,8,1,asynchronous
n010_095.bnet,ref,20,0.04220402868757933,1,0,0,0,8,1,asynchronous
n010_095.bnet,ref,21,0.41812373067538866,1,0,0,0,8,1,asynchronous
n010_095.bnet,ref,22,0.26111590060478773,1,0,0,0,8,1,asynchronous
n010_095.bnet,ref,23,0.11744708481764327,1,0,0,0,8,1,asynchronous
n010_095.bnet,ref,24,0.15216943213493167,1,0,0,0,8,1,asynchronous
n010_095.bnet,ref,25,0.32197433783720497,1,0,0,0,8,1,asynchronous
n010_095.bnet,ref,26,0.17547492701695422,1,0,0,0,8,1,asynchronous
n010_095.bnet,ref,27,0.1306953851000039,1,0,0,0,8,1,asynchronous
n010_095.bnet,ref,28,0.14780986297521115,1,0,0,0,8,1,asynchronous
n010_095.bnet,ref,29,0.0020311406861074355,1,0,0,0,8,1,asynchronous
n010_096.bnet,sd_mc,,0.1145670955147583,11,0,0,0,64,1,asynchronous
n010_096.bnet,ref,0,0.06582235847194667,11,0,0,0,64,1,asynchronous
n010_096.bnet,ref,1,0.162760101755218,11,0,0,0,64,1,asynchronous
n010_096.bnet,ref,2,0.11551189699455791,11,0,0,0,64,1,asynchronous
n010_096.bnet,ref,3,0.26946926430169615,11,0,0,0,64,1,asynchronous
n010_096.bnet,ref,4,0.21736650349883258,11,0,0,0,64,1,asynchronous
n010_096.bnet,ref,5,0.3163687273970745,11,0,0,0,64,1,asynchronous
n010_096.bnet,ref,6,0.3028460533242544,11,0,0,0,64,1,asynchronous
n010_096.bnet,ref,7,0.26096571521899536,11,0,0,0,64,1,asynchronous
n010_096.bnet,ref,8,0.3037552511657966,11,0,0,0,64,1,asynchronous
n010_096.bnet,ref,9,0.3004335349884421,11,0,0,0,64,1,asynchronous
n010_096.bnet,ref,10,0.11354336961442464,11,0,0,0,64,1,asynchronous
n010_096.bnet,ref,11,0.23271395181090346,11,0,0,0,64,1,asynchronous
n010_096.bnet,ref,12,0.27462908358417143,11,0,0,0,64,1,asynchronous
n010_096.bnet,ref,13,0.2583891690447991,11,0,0,0,64,1,asynchronous
n010_096.bnet,ref,14,0.2448702375952907,11,0,0,0,64,1,asynchronous
n010_096.bnet,ref,15,0.1994488647827292,11,0,0,0,64,1,asynchronous
n010_096.bnet,ref,16,0.21196108161708718,11,0,0,0,64,1,asynchronous
n010_096.bnet,ref,17,0.13231879469270338,11,0,0,0,64,1,asynchronous
n010_096.bnet,ref,18,0.1503474458202061,11,0,0,0,64,1,asynchronous
n010_096.bnet,ref,19,0.2369925005076203,11,0,0,0,64,1,asynchronous
n010_096.bnet,ref,20,0.21240105091552017,11,0,0,0,64,1,asynchronous
n010_096.bnet,ref,21,0.21541955119324843,11,0,0,0,64,1,asynchronous
n010_096.bnet,ref,22,0.3407082551902538,11,0,0,0,64,1,asynchronous
n010_096.bnet,ref,23,0.086807294974406,11,0,0,0,64,1,asynchronous
n010_096.bnet,ref,24,0.34709563665956844,11,0,0,0,64,1,asynchronous
n010_096.bnet,ref,25,0.30183957229059194,11,0,0,0,64,1,asynchronous
n010_096.bnet,ref,26,0.309851465984949,11,0,0,0,64,1,asynchronous
n010_096.bnet,ref,27,0.25900269839088685,11,0,0,0,64,1,asynchronous
n010_096.bnet,ref,28,0.23903749766880544,11,0,0,0,64,1,asynchronous
n010_096.bnet,ref,29,0.13226607663506296,11,0,0,0,64,1,asynchronous
n010_097.bnet,sd_mc,,0.0,0,0,0,0,8,2,asynchronous
n010_097.bnet,ref,0,0.0,0,0,0,0,8,2,asynchronous
n010_097.bnet,ref,1,0.0,0,0,0,0,8,2,asynchronous
n010_097.bnet,ref,2,0.0,0,0,0,0,8,2,asynchronous
n010_097.bnet,ref,3,0.0,0,0,0,0,8,2,asynchronous
n010_097.bnet,ref,4,0.0,0,0,0,0,8,2,asynchronous
n010_097.bnet,ref,5,0.0,0,0,0,0,8,2,asynchronous
n010_097.bnet,ref,6,0.0,0,0,0,0,8,2,asynchronous
n010_097.bnet,ref,7,0.0,0,0,0,0,8,2,asynchronous
n010_097.bnet,ref,8,0.0,0,0,0,0,8,2,asynchronous
n010_097.bnet,ref,9,0.0,0,0,0,0,8,2,asynchronous
n010_097.bnet,ref,10,0.0,0,0,0,0,8,2,asynchronous
n010_097.bnet,ref,11,0.0,0,0,0,0,8,2,asynchronous
n010_097.bnet,ref,12,0.0,0,0,0,0,8,2,asynchronous
n010_097.bnet,ref,13,0.0,0,0,0,0,8,2,asynchronous
n010_097.bnet,ref,14,0.0,0,0,0,0,8,2,asynchronous
n010_097.bnet,ref,15,0.0,0,0,0,0,8,2,asynchronous
n010_097.bnet,ref,16,0.0,0,0,0,0,8,2,asynchronous
n010_097.bnet,ref,17,0.0,0,0,0,0,8,2,asynchronous
n010_097.bnet,ref,18,0.0,0,0,0,0,8,2,asynchronous
n010_097.bnet,ref,19,0.0,0,0,0,0,8,2,asynchronous
n010_097.bnet,ref,20,0.0,0,0,0,0,8,2,asynchronous
n010_097.bnet,ref,21,0.0,0,0,0,0,8,2,asynchronous
n010_097.bnet,ref,22,0.0,0,0,0,0,8,2,asynchronous
n010_097.bnet,ref,23,0.0,0,0,0,0,8,2,asynchronous
n010_097.bnet,ref,24,0.0,0,0,0,0,8,2,asynchronous
n010_097.bnet,ref,25,0.0,0,0,0,0,8,2,asynchronous
n010_097.bnet,ref,26,0.0,0,0,0,0,8,2,asynchronous
n010_097.bnet,ref,27,0.0,0,0,0,0,8,2,asynchronous
n010_097.bnet,ref,28,0.0,0,0,0,0,8,2,asynchronous
n010_097.bnet,ref,29,0.0,0,0,0,0,8,2,asynchronous
n010_098.bnet,sd_mc,,0.05270230049423186,3,0,0,0,32,2,asynchronous
n010_098.bnet,ref,0,0.17572583550323137,3,0,0,0,32,2,asynchronous
n010_098.bnet,ref,1,0.22161929886554801,3,0,0,0,32,2,asynchronous
n010_098.bnet,ref,2,0.22690961789838784,3,0,0,0,32,2,asynchronous
n010_098.bnet,ref,3,0.11960027324702903,3,0,0,0,32,2,asynchronous
n010_098.bnet,ref,4,0.10717288486874882,3,0,0,0,32,2,asynchronous
n010_098.bnet,ref,5,0.08850531610307213,3,0,0,0,32,2,asynchronous
n010_098.bnet,ref,6,0.19877320478313573,3,0,0,0,32,2,asynchronous
n010_098.bnet,ref,7,0.18043147101828902,3,0,0,0,32,2,asynchronous
n010_098.bnet,ref,8,0.21311501804740968,3,0,0,0,32,2,asynchronous
n010_098.bnet,ref,9,0.08637978641508193,3,0,0,0,32,2,asynchronous
n010_098.bnet,ref,10,0.15818624853701443,3,0,0,0,32,2,asynchronous
n010_098.bnet,ref,11,0.1281134973900318,3,0,0,0,32,2,asynchronous
n010_098.bnet,ref,12,0.20378311023670193,3,0,0,0,32,2,asynchronous
n010_098.bnet,ref,13,0.11981209470608924,3,0,0,0,32,2,asynchronous
n010_098.bnet,ref,14,0.146220943776101,3,0,0,0,32,2,asynchronous
n010_098.bnet,ref,15,0.18811885381928642,3,0,0,0,32,2,asynchronous
n010_098.bnet,ref,16,0.11065150780676192,3,0,0,0,32,2,asynchronous
n010_098.bnet,ref,17,0.17512334747570796,3,0,0,0,32,2,asynchronous
n010_098.bnet,ref,18,0.21427225614292245,3,0,0,0,32,2,asynchronous
n010_098.bnet,ref,19,0.13388178477364027,3,0,0,0,32,2,asynchronous
n010_098.bnet,ref,20,0.07011981972742469,3,0,0,0,32,2,asynchronous
n010_098.bnet,ref,21,0.16897086830218253,3,0,0,0,32,2,asynchronous
n010_098.bnet,ref,22,0.11438776653293656,3,0,0,0,32,2,asynchronous
n010_098.bnet,ref,23,0.20884357316207577,3,0,0,0,32,2,asynchronous
n010_098.bnet,ref,24,0.09941003028054572,3,0,0,0,32,2,asynchronous
n010_098.bnet,ref,25,0.20431002867094758,3,0,0,0,32,2,asynchronous
n010_098.bnet,ref,26,0.09676838762713445,3,0,0,0,32,2,asynchronous
n010_098.bnet,ref,27,0.18121743988019037,3,0,0,0,32,2,asynchronous
n010_098.bnet,ref,28,0.14013131263951425,3,0,0,0,32,2,asynchronous
n010_098.bnet,ref,29,0.13658137184218702,3,0,0,0,32,2,asynchronous
n010_099.bnet,sd_mc,,0.062221168365800515,16,0,0,0,1024,2,asynchronous
n010_099.bnet,ref,0,0.22140822231231086,16,0,0,0,1024,2,asynchronous
n010_099.bnet,ref,1,0.19041988542394758,16,0,0,0,1024,2,asynchronous
n010_099.bnet,ref,2,0.1658510658519639,16,0,0,0,1024,2,asynchronous
n010_099.bnet,ref,3,0.21835063989534764,16,0,0,0,1024,2,asynchronous
n010_099.bnet,ref,4,0.22228431114733657,16,0,0,0,1024,2,asynchronous
n010_099.bnet,ref,5,0.09149714339624192,16,0,0,0,1024,2,asynchronous
n010_099.bnet,ref,6,0.20352619467262006,16,0,0,0,1024,2,asynchronous
n010_099.bnet,ref,7,0.26714651186861377,16,0,0,0,1024,2,asynchronous
n010_099.bnet,ref,8,0.2480404676108946,16,0,0,0,1024,2,asynchronous
n010_099.bnet,ref,9,0.22018881436897883,16,0,0,0,1024,2,asynchronous
n010_099.bnet,ref,10,0.14550883894546662,16,0,0,0,1024,2,asynchronous
n010_099.bnet,ref,11,0.16827311316772625,16,0,0,0,1024,2,asynchronous
n010_099.bnet,ref,12,0.18899357696112135,16,0,0,0,1024,2,asynchronous
n010_099.bnet,ref,13,0.14628794401526363,16,0,0,0,1024,2,asynchronous
n010_099.bnet,ref,14,0.25122447621411376,16,0,0,0,1024,2,asynchronous
n010_099.bnet,ref,15,0.28540780052766523,16,0,0,0,1024,2,asynchronous
n010_099.bnet,ref,16,0.2726469663388434,16,0,0,0,1024,2,asynchronous
n010_099.bnet,ref,17,0.2829332186980807,16,0,0,0,1024,2,asynchronous
n010_099.bnet,ref,18,0.17740666196489008,16,0,0,0,1024,2,asynchronous
n010_099.bnet,ref,19,0.1030840879797631,16,0,0,0,1024,2,asynchronous
n010_099.bnet,ref,20,0.17987761826088963,16,0,0,0,1024,2,asynchronous
n010_099.bnet,ref,21,0.16664434975292713,16,0,0,0,1024,2,asynchronous
n010_099.bnet,ref,22,0.2566354157020269,16,0,0,0,1024,2,asynchronous
n010_099.bnet,ref,23,0.230066836350204,16,0,0,0,1024,2,asynchronous
n010_099.bnet,ref,24,0.2271111731585887,16,0,0,0,1024,2,asynchronous
n010_099.bnet,ref,25,0.17003629686943234,16,0,0,0,1024,2,asynchronous
n010_099.bnet,ref,26,0.17072995472641475,16,0,0,0,1024,2,asynchronous
n010_099.bnet,ref,27,0.12144057780126297,16,0,0,0,1024,2,asynchronous
n010_099.bnet,ref,28,0.2385498164648589,16,0,0,0,1024,2,asynchronous
n010_099.bnet,ref,29,0.25668690551096224,16,0,0,0,1024,2,asynchronous
